{"type": "FeatureCollection", "features": [{"type": "Feature", "properties": {}, "geometry": {"type": "Polygon", "coordinates": [[[179.175114749283, -8.351899015360697], [179.17527653033798, -8.351760500088716], [179.17539786608486, -8.351839651678718], [179.17547875656163, -8.352047424526054], [179.17533719821617, -8.352324454817136], [179.1751551945531, -8.352334348752471], [179.175114749283, -8.351899015360697]]]}}, {"type": "Feature", "properties": {}, "geometry": {"type": "Polygon", "coordinates": [[[179.17540797739534, -8.354659416598482], [179.17557986963385, -8.354520902306417], [179.17570120528566, -8.354600053336462], [179.17578209569908, -8.354807824714001], [179.17563042616007, -8.355084853045213], [179.17545853394404, -8.355094746910563], [179.17540797739534, -8.354659416598482]]]}}, {"type": "Feature", "properties": {}, "geometry": {"type": "Polygon", "coordinates": [[[179.15498259126554, -8.361496025169396], [179.1551544925823, -8.361357513305533], [179.15527583464217, -8.361436662948067], [179.1553567293276, -8.361644430683262], [179.15520505177855, -8.361921454157867], [179.15502303864108, -8.361931347849763], [179.15498259126554, -8.361496025169396]]]}}, {"type": "Feature", "properties": {}, "geometry": {"type": "Polygon", "coordinates": [[[179.1714645462594, -8.353294059287116], [179.17163644024885, -8.35315554451036], [179.17175777713666, -8.353244589729638], [179.17182855697033, -8.353452361828921], [179.17168699729007, -8.353719497222627], [179.17150499191084, -8.353729391122593], [179.1714645462594, -8.353294059287116]]]}}, {"type": "Feature", "properties": {}, "geometry": {"type": "Polygon", "coordinates": [[[179.16949281562512, -8.35664808065569], [179.16965459902988, -8.356509567069786], [179.16977593653905, -8.356598611523554], [179.1698568281907, -8.356806381836561], [179.1697152677892, -8.357073514933576], [179.16953326148266, -8.357083408748483], [179.16949281562512, -8.35664808065569]]]}}, {"type": "Feature", "properties": {}, "geometry": {"type": "Polygon", "coordinates": [[[179.16932092068348, -8.361110170569077], [179.1694827041601, -8.360971658568106], [179.16960404172315, -8.361050808288985], [179.16968493341074, -8.361258576229782], [179.1695433729464, -8.361535599978641], [179.16936136655897, -8.36154549368032], [179.16932092068348, -8.361110170569077]]]}}, {"type": "Feature", "properties": {}, "geometry": {"type": "Polygon", "coordinates": [[[179.16794575840098, -8.363316462234435], [179.1681176539536, -8.363177951017484], [179.16823899194475, -8.36326699394834], [179.16830977242202, -8.36346486705513], [179.16816821145454, -8.363741889235875], [179.16798620442023, -8.363751782881588], [179.16794575840098, -8.363316462234435]]]}}, {"type": "Feature", "properties": {}, "geometry": {"type": "Polygon", "coordinates": [[[179.16343600072923, -8.360902402549174], [179.16360789828613, -8.360753996752862], [179.1637292376921, -8.360843040237441], [179.1638101306082, -8.361050808288985], [179.1636584563766, -8.361327832185447], [179.16347644722012, -8.361337725892406], [179.16343600072923, -8.360902402549174]]]}}, {"type": "Feature", "properties": {}, "geometry": {"type": "Polygon", "coordinates": [[[179.1672581754267, -8.357795762761258], [179.16743007128485, -8.357657249582909], [179.16755140949167, -8.357746293774651], [179.16763230160842, -8.357954063476305], [179.16748062887567, -8.358221195787202], [179.16729862151786, -8.358231089572973], [179.1672581754267, -8.357795762761258]]]}}, {"type": "Feature", "properties": {}, "geometry": {"type": "Polygon", "coordinates": [[[179.17575176179605, -8.370875142552729], [179.17592365388194, -8.37073663402332], [179.176044989426, -8.370825675226447], [179.1761258797676, -8.371023544493875], [179.17597421036325, -8.371300561299304], [179.1758023182998, -8.371310454753013], [179.17575176179605, -8.370875142552729]]]}}, {"type": "Feature", "properties": {}, "geometry": {"type": "Polygon", "coordinates": [[[179.18210160703222, -8.37028153422261], [179.18227349630044, -8.370143025482038], [179.1823948298556, -8.370222173339824], [179.1824757188713, -8.370429936389971], [179.18232405195303, -8.370706953617727], [179.1821521627073, -8.370716847086474], [179.18210160703222, -8.37028153422261]]]}}, {"type": "Feature", "properties": {}, "geometry": {"type": "Polygon", "coordinates": [[[179.1828801636964, -8.378770047261678], [179.18305205261927, -8.378631541541921], [179.1831733859307, -8.378720580938863], [179.18324416367815, -8.378928339452445], [179.18310260817032, -8.379195457378316], [179.1829206081557, -8.379205350631318], [179.1828801636964, -8.378770047261678]]]}}, {"type": "Feature", "properties": {}, "geometry": {"type": "Polygon", "coordinates": [[[179.18523604641322, -8.377286054840885], [179.1854079342913, -8.377147548592813], [179.18552926686525, -8.377236588329387], [179.18561015522678, -8.377434454337688], [179.18545848953505, -8.377711466580267], [179.1852866016794, -8.377721359871005], [179.18523604641322, -8.377286054840885]]]}}, {"type": "Feature", "properties": {}, "geometry": {"type": "Polygon", "coordinates": [[[179.17158588320106, -8.362218264805037], [179.17175777713666, -8.362069859509727], [179.17187911398642, -8.362158902693691], [179.17196000519843, -8.362366670043924], [179.17181844556632, -8.362643693005202], [179.17163644024885, -8.362653586678764], [179.17158588320106, -8.362218264805037]]]}}, {"type": "Feature", "properties": {}, "geometry": {"type": "Polygon", "coordinates": [[[179.1743361770105, -8.361149745417457], [179.1745080697248, -8.361011233430556], [179.1746294057125, -8.361100276856344], [179.17471029634984, -8.36130804477082], [179.17455862639096, -8.361575174783841], [179.1743867336991, -8.361585068484489], [179.1743361770105, -8.361149745417457]]]}}, {"type": "Feature", "properties": {}, "geometry": {"type": "Polygon", "coordinates": [[[179.17635843940562, -8.357884806921385], [179.17652021994095, -8.357746293774651], [179.17665166657622, -8.357825444150253], [179.17672244551514, -8.358033213809758], [179.17658088762434, -8.358310239850182], [179.17639888454576, -8.358320133633715], [179.17635843940562, -8.357884806921385]]]}}, {"type": "Feature", "properties": {}, "geometry": {"type": "Polygon", "coordinates": [[[179.18056471136313, -8.353887693487827], [179.18072649014172, -8.353749178921777], [179.1808478241813, -8.353838224005589], [179.1809287135199, -8.354045995788827], [179.18078715716626, -8.35431313077611], [179.18060515606413, -8.354323024660962], [179.18056471136313, -8.353887693487827]]]}}, {"type": "Feature", "properties": {}, "geometry": {"type": "Polygon", "coordinates": [[[179.18158593877018, -8.356568930041204], [179.18175782826714, -8.356430416427145], [179.18187916198377, -8.356509567069786], [179.18196005110707, -8.356717337430222], [179.181808383987, -8.356994364405384], [179.1816364945125, -8.3570042582223], [179.18158593877018, -8.356568930041204]]]}}, {"type": "Feature", "properties": {}, "geometry": {"type": "Polygon", "coordinates": [[[179.18364860770131, -8.3558071045552], [179.18382049628335, -8.355658696819834], [179.18394182935418, -8.355747741467832], [179.18402271804695, -8.355955512234095], [179.18387105173414, -8.356232539750295], [179.18369916317454, -8.356242433586562], [179.18364860770131, -8.3558071045552]]]}}, {"type": "Feature", "properties": {}, "geometry": {"type": "Polygon", "coordinates": [[[179.18527649062668, -8.364978592998089], [179.18544837848683, -8.364830188753851], [179.18556971104812, -8.364919231307187], [179.1856505994012, -8.365126997185763], [179.1854989337253, -8.365404018184945], [179.1853270458876, -8.36541391178842], [179.18527649062668, -8.364978592998089]]]}}, {"type": "Feature", "properties": {}, "geometry": {"type": "Polygon", "coordinates": [[[179.18725825191788, -8.368283046193364], [179.1874301388994, -8.368144536742015], [179.18755147084053, -8.368233578537819], [179.1876222477886, -8.368441342648834], [179.18748069387948, -8.368708467771613], [179.1872986959204, -8.36871836129116], [179.18725825191788, -8.368283046193364]]]}}, {"type": "Feature", "properties": {}, "geometry": {"type": "Polygon", "coordinates": [[[179.19022076393986, -8.364889550458326], [179.19038253868877, -8.36475103980049], [179.19050386970616, -8.364830188753851], [179.19058475703, -8.365037954679906], [179.1904432042022, -8.365314975742393], [179.19026120763343, -8.365324869348132], [179.19022076393986, -8.364889550458326]]]}}, {"type": "Feature", "properties": {}, "geometry": {"type": "Polygon", "coordinates": [[[179.19064542251184, -8.359457917064145], [179.19081730799212, -8.359319404476183], [179.1909386388735, -8.359398554532508], [179.19101952610671, -8.359606323353823], [179.1908678625306, -8.35988334827669], [179.1906858661611, -8.359893242020298], [179.19064542251184, -8.359457917064145]]]}}, {"type": "Feature", "properties": {}, "geometry": {"type": "Polygon", "coordinates": [[[179.20395115571674, -8.396735799396367], [179.20412303530554, -8.396597300080096], [179.20424436202828, -8.396676442552579], [179.20431513593243, -8.396884191466091], [179.20417358811127, -8.397161189844416], [179.2039915979798, -8.397171082639993], [179.20395115571674, -8.396735799396367]]]}}, {"type": "Feature", "properties": {}, "geometry": {"type": "Polygon", "coordinates": [[[179.2117564344999, -8.387218802881723], [179.21192831063698, -8.387080300171661], [179.21204963492326, -8.387169337633807], [179.21213051775982, -8.387377091632807], [179.21197886242757, -8.387644203754014], [179.21180698631278, -8.387654096792025], [179.2117564344999, -8.387218802881723]]]}}, {"type": "Feature", "properties": {}, "geometry": {"type": "Polygon", "coordinates": [[[179.20291987658703, -8.383439639807095], [179.20309175663212, -8.383301135750374], [179.20321308367699, -8.383390174078215], [179.20329396835248, -8.383597930097187], [179.2031423095721, -8.383865044815545], [179.20296031895742, -8.383874937949749], [179.20291987658703, -8.383439639807095]]]}}, {"type": "Feature", "properties": {}, "geometry": {"type": "Polygon", "coordinates": [[[179.22282712471434, -8.395756410313524], [179.22299899596112, -8.395617910647813], [179.22312031679556, -8.39569705332001], [179.2232011973308, -8.395904802757638], [179.22305965638304, -8.39618180183487], [179.2228776750889, -8.396191694655394], [179.22282712471434, -8.395756410313524]]]}}, {"type": "Feature", "properties": {}, "geometry": {"type": "Polygon", "coordinates": [[[179.2193997940078, -8.394104303938049], [179.21957166676788, -8.393955910805778], [179.21969298867046, -8.394044946691945], [179.21977386991784, -8.394252697013629], [179.21962221756522, -8.394529697269652], [179.21944023466406, -8.394539590132261], [179.2193997940078, -8.394104303938049]]]}}, {"type": "Feature", "properties": {}, "geometry": {"type": "Polygon", "coordinates": [[[179.2280236688859, -8.399317813314328], [179.22819553783947, -8.399179314919502], [179.2283168570551, -8.399268349607556], [179.22839773651123, -8.399476097133618], [179.2282460875172, -8.399743200932242], [179.2280641086465, -8.399753093661955], [179.2280236688859, -8.399317813314328]]]}}, {"type": "Feature", "properties": {}, "geometry": {"type": "Polygon", "coordinates": [[[179.2322698208318, -8.396735799396367], [179.2324416879125, -8.396597300080096], [179.2325630058062, -8.396676442552579], [179.23264388438105, -8.396884191466091], [179.23249223703948, -8.397161189844416], [179.23232036998107, -8.397171082639993], [179.2322698208318, -8.396735799396367]]]}}, {"type": "Feature", "properties": {}, "geometry": {"type": "Polygon", "coordinates": [[[179.2299951023293, -8.401444746739937], [179.2301669704132, -8.40130624910436], [179.23028828901502, -8.40138539061647], [179.2303691680619, -8.40159313700892], [179.2302175198352, -8.401870132025843], [179.23004565177362, -8.401880024701374], [179.2299951023293, -8.401444746739937]]]}}, {"type": "Feature", "properties": {}, "geometry": {"type": "Polygon", "coordinates": [[[179.23425134257462, -8.402077878158671], [179.2344130990069, -8.401939380749157], [179.23454452605873, -8.402028414803848], [179.2346152944529, -8.402236160851945], [179.2344737576517, -8.402503262750315], [179.23429178168897, -8.402513155409661], [179.23425134257462, -8.402077878158671]]]}}, {"type": "Feature", "properties": {}, "geometry": {"type": "Polygon", "coordinates": [[[179.2382851235763, -8.399149636685578], [179.23844687833534, -8.399011138230769], [179.23857830402767, -8.399100172957409], [179.23864907168976, -8.399307920573468], [179.23850753635267, -8.399575024487865], [179.23832556227237, -8.399584917221866], [179.2382851235763, -8.399149636685578]]]}}, {"type": "Feature", "properties": {}, "geometry": {"type": "Polygon", "coordinates": [[[179.23708207045112, -8.398556071531072], [179.2372539354105, -8.398417572864398], [179.23737525180684, -8.398506607727203], [179.23744601968724, -8.398704462904787], [179.23730448391353, -8.398981459983984], [179.2371225092719, -8.398991352733136], [179.23708207045112, -8.398556071531072]]]}}, {"type": "Feature", "properties": {}, "geometry": {"type": "Polygon", "coordinates": [[[179.23733481301224, -8.39727990337463], [179.23750667786024, -8.397141404252537], [179.23762799417793, -8.397230439408107], [179.2377088717021, -8.3974381880251], [179.23755722633052, -8.397705293226387], [179.23738536150478, -8.397715186008096], [179.23733481301224, -8.39727990337463]]]}}, {"type": "Feature", "properties": {}, "geometry": {"type": "Polygon", "coordinates": [[[179.23884115527943, -8.39592458841258], [179.23901301946367, -8.395786088806878], [179.23913433531285, -8.395875124273354], [179.23921521252467, -8.39607298079238], [179.23906356773873, -8.396349979749631], [179.23888159391785, -8.396359872565856], [179.23884115527943, -8.39592458841258]]]}}, {"type": "Feature", "properties": {}, "geometry": {"type": "Polygon", "coordinates": [[[179.24402737645187, -8.397111725862768], [179.24419923835177, -8.396973226680704], [179.24432055258842, -8.397062261874847], [179.2444014287253, -8.397270010581826], [179.24425989547484, -8.397537115898883], [179.24407792407735, -8.397547008684818], [179.24402737645187, -8.397111725862768]]]}}, {"type": "Feature", "properties": {}, "geometry": {"type": "Polygon", "coordinates": [[[179.24557413082655, -8.395073804340024], [179.2457459920454, -8.394935304430835], [179.24586730580143, -8.395024340092391], [179.2459481816178, -8.395232089890058], [179.24579653944835, -8.395499196609386], [179.24562467825174, -8.39550908944725], [179.24557413082655, -8.395073804340024]]]}}, {"type": "Feature", "properties": {}, "geometry": {"type": "Polygon", "coordinates": [[[179.2433904758101, -8.39299630051452], [179.24356233799045, -8.392857799864286], [179.2436836524251, -8.392936943099047], [179.24375441916123, -8.393144694013522], [179.24361288567613, -8.393421695059937], [179.24343091397697, -8.393431587950817], [179.2433904758101, -8.39299630051452]]]}}, {"type": "Feature", "properties": {}, "geometry": {"type": "Polygon", "coordinates": [[[179.24085297245628, -8.393718481676146], [179.24102483575422, -8.393579981283448], [179.24114615097776, -8.393659124371064], [179.2412270277725, -8.393866874899164], [179.2410753837686, -8.394143875430407], [179.24090352049294, -8.394153768302877], [179.24085297245628, -8.393718481676146]]]}}, {"type": "Feature", "properties": {}, "geometry": {"type": "Polygon", "coordinates": [[[179.24188415110834, -8.395964159719385], [179.24205601395207, -8.39582566012783], [179.242177328855, -8.395914695585235], [179.242258205436, -8.396122444906391], [179.24210656183288, -8.396389551013105], [179.24193469901144, -8.396399443828312], [179.24188415110834, -8.395964159719385]]]}}, {"type": "Feature", "properties": {}, "geometry": {"type": "Polygon", "coordinates": [[[179.25077037189254, -8.430478693819879], [179.25094223082445, -8.430340206567339], [179.25106354296616, -8.430429234092516], [179.25114441770637, -8.430636964904867], [179.25099277755473, -8.430904047213817], [179.2508108092951, -8.430913939147642], [179.25077037189254, -8.430478693819879]]]}}, {"type": "Feature", "properties": {}, "geometry": {"type": "Polygon", "coordinates": [[[179.2468681428499, -8.448946513373409], [179.24702989405122, -8.448808032743852], [179.24716131685298, -8.448897056011436], [179.24723208295867, -8.44909488542135], [179.24709055073447, -8.449371846424786], [179.2469085806565, -8.449381737885535], [179.2468681428499, -8.448946513373409]]]}}, {"type": "Feature", "properties": {}, "geometry": {"type": "Polygon", "coordinates": [[[179.23098587024248, -8.470301609252502], [179.23115773788945, -8.470163136299252], [179.2312790561828, -8.470242263707215], [179.23135993502405, -8.470449973075656], [179.23120828718294, -8.470726918725855], [179.23102630969566, -8.470736809638225], [179.23098587024248, -8.470301609252502]]]}}, {"type": "Feature", "properties": {}, "geometry": {"type": "Polygon", "coordinates": [[[179.21729687409112, -8.471953389923048], [179.21746874778003, -8.471814917564357], [179.21759007033822, -8.471903935514945], [179.21767095202267, -8.4721017531092], [179.21751929885053, -8.472378697570266], [179.21733731496596, -8.47238858844017], [179.21729687409112, -8.471953389923048]]]}}, {"type": "Feature", "properties": {}, "geometry": {"type": "Polygon", "coordinates": [[[179.2133033169988, -8.480400109511827], [179.21347519245217, -8.48026164019531], [179.21359651625588, -8.480350656190279], [179.21367739877064, -8.480558360098215], [179.21352574404162, -8.480825407814956], [179.2133538686106, -8.480835298467577], [179.2133033169988, -8.480400109511827]]]}}, {"type": "Feature", "properties": {}, "geometry": {"type": "Polygon", "coordinates": [[[179.2112408056328, -8.485365190599255], [179.21141268199779, -8.485226723072362], [179.21153400644502, -8.485315737916807], [179.2116148893888, -8.485523439140293], [179.21146323385543, -8.485790483405472], [179.21129135751275, -8.485800373930259], [179.2112408056328, -8.485365190599255]]]}}, {"type": "Feature", "properties": {}, "geometry": {"type": "Polygon", "coordinates": [[[179.13283701669496, -8.445890036489846], [179.13300892787922, -8.445751554763138], [179.1331302769043, -8.445840578736018], [179.13321117623312, -8.446038409713244], [179.13305948997765, -8.446315372911034], [179.13288757881594, -8.446325264450138], [179.13283701669496, -8.445890036489846]]]}}, {"type": "Feature", "properties": {}, "geometry": {"type": "Polygon", "coordinates": [[[179.15592299165127, -8.433960642718977], [179.15609489254953, -8.433822156714067], [179.15621623431406, -8.433911183437223], [179.15629712880255, -8.434118912378148], [179.15614545162276, -8.434385992280907], [179.15597355074692, -8.434395884125587], [179.15592299165127, -8.433960642718977]]]}}, {"type": "Feature", "properties": {}, "geometry": {"type": "Polygon", "coordinates": [[[179.14184708193594, -8.446483529041235], [179.1420189891024, -8.44634504752756], [179.14214033529146, -8.44643407136351], [179.14222123272967, -8.446641793567448], [179.14206955001916, -8.446908864808183], [179.14189764287522, -8.446918756332071], [179.14184708193594, -8.446483529041235]]]}}, {"type": "Feature", "properties": {}, "geometry": {"type": "Polygon", "coordinates": [[[179.10257945215218, -8.390147134338381], [179.10275137686, -8.390008632672165], [179.10287273543088, -8.390097669463277], [179.10295364112352, -8.390305421896466], [179.10280194293586, -8.39057253200447], [179.1026300182507, -8.390582424967878], [179.10257945215218, -8.390147134338381]]]}}, {"type": "Feature", "properties": {}, "geometry": {"type": "Polygon", "coordinates": [[[179.0996668336382, -8.388791794482042], [179.09983875965028, -8.388653292332686], [179.09996011914188, -8.388742329434374], [179.10003091216092, -8.388940189587363], [179.09988932610975, -8.389217193632202], [179.0997072868244, -8.389227086630164], [179.0996668336382, -8.388791794482042]]]}}, {"type": "Feature", "properties": {}, "geometry": {"type": "Polygon", "coordinates": [[[179.09378084959184, -8.4047093195441], [179.09395277824112, -8.404570823074184], [179.09407413959423, -8.404659856524813], [179.09415504714164, -8.404867601163428], [179.09400334547624, -8.405134701249493], [179.0938314168496, -8.405144593841754], [179.09378084959184, -8.4047093195441]]]}}, {"type": "Feature", "properties": {}, "geometry": {"type": "Polygon", "coordinates": [[[179.09554058624275, -8.401741527221148], [179.0957125141034, -8.401603029691548], [179.09583387489985, -8.401682171143086], [179.09591478207614, -8.40188991737661], [179.09576308110655, -8.40216691218157], [179.0955911532686, -8.40217680484953], [179.09554058624275, -8.401741527221148]]]}}, {"type": "Feature", "properties": {}, "geometry": {"type": "Polygon", "coordinates": [[[179.09730031482255, -8.400593974768883], [179.09747224189474, -8.400455476829588], [179.09759360213462, -8.400544511224803], [179.09767450893986, -8.400742365363262], [179.09752280866604, -8.401019360987634], [179.09735088161648, -8.401029253684854], [179.09730031482255, -8.400593974768883]]]}}, {"type": "Feature", "properties": {}, "geometry": {"type": "Polygon", "coordinates": [[[179.10447061970436, -8.405223734570658], [179.10464254356546, -8.405085238284464], [179.10476390153872, -8.40516437902544], [179.10484480683297, -8.405372123393773], [179.1046931093923, -8.40564911571173], [179.10451107238444, -8.405659008290838], [179.10447061970436, -8.405223734570658]]]}}, {"type": "Feature", "properties": {}, "geometry": {"type": "Polygon", "coordinates": [[[179.09911060189498, -8.398902317981536], [179.09927241484888, -8.398753926683478], [179.09940388782368, -8.398842961469123], [179.09947468094532, -8.39905070922289], [179.09933309468903, -8.399327706054892], [179.09915105513988, -8.399327706054892], [179.09911060189498, -8.398902317981536]]]}}, {"type": "Feature", "properties": {}, "geometry": {"type": "Polygon", "coordinates": [[[179.1019827716868, -8.397408509658028], [179.10215469666176, -8.397270010581826], [179.10227605542127, -8.397359045707931], [179.10235696123962, -8.39756679425606], [179.10220526281623, -8.397833899368798], [179.10202322462902, -8.397843792147263], [179.1019827716868, -8.397408509658028]]]}}, {"type": "Feature", "properties": {}, "geometry": {"type": "Polygon", "coordinates": [[[179.10523921989824, -8.395885017101678], [179.1054111434153, -8.395746517481918], [179.10553250114575, -8.39582566012783], [179.10561340627802, -8.39603340949667], [179.1054718222853, -8.3963104084821], [179.10528978564653, -8.396320301299355], [179.10523921989824, -8.395885017101678]]]}}, {"type": "Feature", "properties": {}, "geometry": {"type": "Polygon", "coordinates": [[[179.10309522604462, -8.39320405139724], [179.10326715052142, -8.3930655508211], [179.10338850892938, -8.393154586911422], [179.1034694145133, -8.393362337709501], [179.10331771652943, -8.39362944571512], [179.10314579207522, -8.393639338600693], [179.10309522604462, -8.39320405139724]]]}}, {"type": "Feature", "properties": {}, "geometry": {"type": "Polygon", "coordinates": [[[179.0827165732254, -8.401187536805914], [179.0828885068369, -8.401049039078496], [179.0830098716927, -8.401138073337544], [179.0830806678408, -8.401345819862431], [179.08293907553144, -8.40161292237386], [179.08275702819972, -8.401622815055902], [179.0827165732254, -8.401187536805914]]]}}, {"type": "Feature", "properties": {}, "geometry": {"type": "Polygon", "coordinates": [[[179.066959035635, -8.397962505468668], [179.06713097632468, -8.397824006590143], [179.06725234617673, -8.397913041589165], [179.06733325939, -8.398110897069373], [179.06718154710103, -8.398387894572206], [179.0670096064341, -8.398397787336524], [179.066959035635, -8.397962505468668]]]}}, {"type": "Feature", "properties": {}, "geometry": {"type": "Polygon", "coordinates": [[[179.06507779715662, -8.395795981637466], [179.0652497386922, -8.39565748198594], [179.06537110914132, -8.395746517481918], [179.06544190855217, -8.395944374066492], [179.06530030971734, -8.39622137311548], [179.06511825399548, -8.396231265935013], [179.06507779715662, -8.395795981637466]]]}}, {"type": "Feature", "properties": {}, "geometry": {"type": "Polygon", "coordinates": [[[179.06666572486836, -8.395627803482752], [179.0668376656899, -8.395489303771202], [179.066959035635, -8.395568446469568], [179.06702983475188, -8.395776195975998], [179.06688823650504, -8.396053195145022], [179.0667061815392, -8.396063087968816], [179.06666572486836, -8.395627803482752]]]}}, {"type": "Feature", "properties": {}, "geometry": {"type": "Polygon", "coordinates": [[[179.06790976553918, -8.39427248275274], [179.06808170580143, -8.39413398255772], [179.06820307535176, -8.394213125532337], [179.06827387423834, -8.394420875764073], [179.06813227645208, -8.394697875900075], [179.06795022207845, -8.394707768758437], [179.06790976553918, -8.39427248275274]]]}}, {"type": "Feature", "properties": {}, "geometry": {"type": "Polygon", "coordinates": [[[179.0790250388331, -8.391047393965149], [179.07919697410162, -8.3908989996648], [179.07931834012706, -8.390988036251784], [179.07938913695745, -8.391195788208782], [179.07924754328354, -8.391472790645278], [179.07906549419732, -8.391482683585773], [179.0790250388331, -8.391047393965149]]]}}, {"type": "Feature", "properties": {}, "geometry": {"type": "Polygon", "coordinates": [[[179.08374817373704, -8.393085336620745], [179.0839099931731, -8.392936943099047], [179.0840313577053, -8.393025979218846], [179.08411226737212, -8.393233730085688], [179.08397067544402, -8.393510731068595], [179.08378862860243, -8.393520623957235], [179.08374817373704, -8.393085336620745]]]}}, {"type": "Feature", "properties": {}, "geometry": {"type": "Polygon", "coordinates": [[[179.08765204857187, -8.390661568666287], [179.08782397996904, -8.3905230671835], [179.0879453432618, -8.390602210894007], [179.0880161384982, -8.390809963057357], [179.08787454801237, -8.391086965768972], [179.08769250302518, -8.391096858719315], [179.08765204857187, -8.390661568666287]]]}}, {"type": "Feature", "properties": {}, "geometry": {"type": "Polygon", "coordinates": [[[179.0924559850624, -8.387218802881723], [179.09262791430555, -8.387080300171661], [179.09274927607783, -8.387169337633807], [179.09283018390465, -8.387377091632807], [179.09267848171532, -8.387644203754014], [179.0924964390089, -8.387654096792025], [179.0924559850624, -8.387218802881723]]]}}, {"type": "Feature", "properties": {}, "geometry": {"type": "Polygon", "coordinates": [[[179.09490344114616, -8.389642592316603], [179.09507536929235, -8.389504090470506], [179.0951967302903, -8.389583234388578], [179.09526752418807, -8.38979098709691], [179.0951259363795, -8.390067990535155], [179.09494389483456, -8.39007788351145], [179.09490344114616, -8.389642592316603]]]}}, {"type": "Feature", "properties": {}, "geometry": {"type": "Polygon", "coordinates": [[[179.09400334547624, -8.391640970599614], [179.0941752740258, -8.391502469466039], [179.09429663530852, -8.391581612976985], [179.09436742937237, -8.39178936461646], [179.0942258412316, -8.392066366629626], [179.09404379925957, -8.392076259555019], [179.09400334547624, -8.391640970599614]]]}}, {"type": "Feature", "properties": {}, "geometry": {"type": "Polygon", "coordinates": [[[179.09241553111164, -8.391383754169409], [179.0925874603729, -8.391245252944119], [179.092708822158, -8.391324396507455], [179.0927796165149, -8.391532148284535], [179.092638027788, -8.39180915048114], [179.0924559850624, -8.391819043413062], [179.09241553111164, -8.391383754169409]]]}}, {"type": "Feature", "properties": {}, "geometry": {"type": "Polygon", "coordinates": [[[179.09228405574223, -8.393807517616779], [179.0924559850624, -8.393659124371064], [179.0925773468891, -8.393748160325272], [179.0926582547522, -8.393955910805778], [179.09250655249485, -8.39423291127351], [179.09232450970683, -8.39423291127351], [179.09228405574223, -8.393807517616779]]]}}, {"type": "Feature", "properties": {}, "geometry": {"type": "Polygon", "coordinates": [[[179.09241553111164, -8.398941888984814], [179.0925874603729, -8.398803390455795], [179.092708822158, -8.398882532478394], [179.0927796165149, -8.399090280211004], [179.092638027788, -8.399367277014802], [179.0924559850624, -8.399377169754107], [179.09241553111164, -8.398941888984814]]]}}, {"type": "Feature", "properties": {}, "geometry": {"type": "Polygon", "coordinates": [[[179.09159633769062, -8.400811614287916], [179.0917682673191, -8.400673116426267], [179.09188962936344, -8.400752258067543], [179.09197053737165, -8.400960004799066], [179.09181883484226, -8.401237000268024], [179.09163679172778, -8.401246892959685], [179.09159633769062, -8.400811614287916]]]}}, {"type": "Feature", "properties": {}, "geometry": {"type": "Polygon", "coordinates": [[[179.08734864003574, -8.402552726044632], [179.08752057156903, -8.40240433614271], [179.08764193495782, -8.402493370090689], [179.0877228438624, -8.402701115889762], [179.08757113965237, -8.402978110115452], [179.0873890945211, -8.402988002762713], [179.08734864003574, -8.402552726044632]]]}}, {"type": "Feature", "properties": {}, "geometry": {"type": "Polygon", "coordinates": [[[179.08675193588078, -8.399238671380477], [179.0869137540485, -8.399100172957409], [179.08703511762945, -8.399179314919502], [179.08711602666207, -8.399387062493197], [179.08697443584379, -8.399664059085108], [179.08679239042908, -8.399673951816881], [179.08675193588078, -8.399238671380477]]]}}, {"type": "Feature", "properties": {}, "geometry": {"type": "Polygon", "coordinates": [[[179.0844257921695, -8.397200761025195], [179.08459772501402, -8.397062261874847], [179.0847190893284, -8.397141404252537], [179.08479999884997, -8.397349152917151], [179.084648293483, -8.397626150963694], [179.08447636066117, -8.397636043747386], [179.0844257921695, -8.397200761025195]]]}}, {"type": "Feature", "properties": {}, "geometry": {"type": "Polygon", "coordinates": [[[179.07095410816336, -8.394777018759797], [179.07112604705725, -8.394638518744683], [179.07124741564172, -8.394727554474356], [179.07132832800997, -8.394925411578274], [179.07117661730547, -8.395202411354314], [179.07099456438067, -8.395212304199813], [179.07095410816336, -8.394777018759797]]]}}, {"type": "Feature", "properties": {}, "geometry": {"type": "Polygon", "coordinates": [[[179.07078216919226, -8.388405966943116], [179.07095410816336, -8.388267464656156], [179.07107547680238, -8.388356501846264], [179.071156389207, -8.388564255210566], [179.07100467843432, -8.388841259523451], [179.07082262542772, -8.388841259523451], [179.07078216919226, -8.388405966943116]]]}}, {"type": "Feature", "properties": {}, "geometry": {"type": "Polygon", "coordinates": [[[179.07125752968867, -8.391215574103663], [179.07142946844618, -8.391077072818414], [179.07155083693442, -8.39115621641605], [179.0716216352014, -8.39136396828305], [179.07148003865427, -8.391640970599614], [179.07129798587388, -8.391650863535835], [179.07125752968867, -8.391215574103663]]]}}, {"type": "Feature", "properties": {}, "geometry": {"type": "Polygon", "coordinates": [[[179.07292634377683, -8.392699513346383], [179.07309828178452, -8.392561012590301], [179.07321964974338, -8.392640155885543], [179.07330056169462, -8.392847906958803], [179.07314885177203, -8.393124908216917], [179.07297691378713, -8.393134801115352], [179.07292634377683, -8.392699513346383]]]}}, {"type": "Feature", "properties": {}, "geometry": {"type": "Polygon", "coordinates": [[[179.074898569226, -8.39079017714184], [179.07507050634766, -8.390651675704865], [179.07519187368115, -8.390730819389177], [179.07527278521542, -8.390938571483739], [179.07512107607465, -8.391215574103663], [179.0749491389757, -8.391225467050736], [179.074898569226, -8.39079017714184]]]}}, {"type": "Feature", "properties": {}, "geometry": {"type": "Polygon", "coordinates": [[[179.0761931527142, -8.38892040357658], [179.07636508925444, -8.388781901473036], [179.07648645617746, -8.388861045538265], [179.0765572535315, -8.389068798632742], [179.07641565881036, -8.389345802585957], [179.0762336083777, -8.38935569558061], [179.0761931527142, -8.38892040357658]]]}}, {"type": "Feature", "properties": {}, "geometry": {"type": "Polygon", "coordinates": [[[179.07648645617746, -8.385527087828102], [179.07665839258593, -8.385388584515184], [179.07677975941596, -8.385467729271458], [179.07686067061465, -8.385675484180073], [179.07670896210314, -8.385952490552137], [179.0765370257174, -8.385962383633226], [179.07648645617746, -8.385527087828102]]]}}, {"type": "Feature", "properties": {}, "geometry": {"type": "Polygon", "coordinates": [[[179.07755852899348, -8.38306370010988], [179.07773046492048, -8.382925195919269], [179.07785183141075, -8.383004341177065], [179.07793274238287, -8.383212097402176], [179.0777911481704, -8.383489105529689], [179.07760909839178, -8.38349899867341], [179.07755852899348, -8.38306370010988]]]}}, {"type": "Feature", "properties": {}, "geometry": {"type": "Polygon", "coordinates": [[[179.08237270577092, -8.385398477610586], [179.0825446395367, -8.38525997425178], [179.08266600450142, -8.385339119034299], [179.0827368007131, -8.385546874011652], [179.08259520827667, -8.38582388047538], [179.08241316078158, -8.385833773559725], [179.08237270577092, -8.385398477610586]]]}}, {"type": "Feature", "properties": {}, "geometry": {"type": "Polygon", "coordinates": [[[179.0858922757192, -8.385269867350512], [179.08606420790574, -8.385131363945908], [179.08618557175572, -8.385210508754597], [179.08625636731713, -8.385418263800648], [179.08611477618126, -8.385695270356067], [179.08593273035828, -8.385705163443669], [179.0858922757192, -8.385269867350512]]]}}, {"type": "Feature", "properties": {}, "geometry": {"type": "Polygon", "coordinates": [[[179.08828920571602, -8.385477622364874], [179.08846113682742, -8.385339119034299], [179.0885824999185, -8.385428156895324], [179.0886634086245, -8.38563591182511], [179.08851170478673, -8.385903025143056], [179.08833977369798, -8.385912918225392], [179.08828920571602, -8.385477622364874]]]}}, {"type": "Feature", "properties": {}, "geometry": {"type": "Polygon", "coordinates": [[[179.09224360177328, -8.384082693709646], [179.09241553111164, -8.383944189882051], [179.09253689295113, -8.384023334932436], [179.09260768733975, -8.384231090613023], [179.0924660985494, -8.384508098014456], [179.09228405574223, -8.384517991132299], [179.09224360177328, -8.384082693709646]]]}}, {"type": "Feature", "properties": {}, "geometry": {"type": "Polygon", "coordinates": [[[179.09104009424678, -8.380511257817211], [179.09121202412467, -8.380372752717445], [179.09133338634499, -8.380461791715812], [179.09141429447052, -8.38066954929935], [179.09126259172115, -8.380936666029408], [179.09108054834263, -8.380946559238089], [179.09104009424678, -8.380511257817211]]]}}, {"type": "Feature", "properties": {}, "geometry": {"type": "Polygon", "coordinates": [[[179.09455958462266, -8.386328427455656], [179.09473151292295, -8.386189924428276], [179.0948528740297, -8.386278962094398], [179.09493378141286, -8.386476823501633], [179.0947820800554, -8.38675382930261], [179.09460003834735, -8.38676372236324], [179.09455958462266, -8.386328427455656]]]}}, {"type": "Feature", "properties": {}, "geometry": {"type": "Polygon", "coordinates": [[[179.10343907492137, -8.383785899732933], [179.10361099924427, -8.383647395799604], [179.10373235754352, -8.383726540910422], [179.10381326305503, -8.383934296749615], [179.10366156520695, -8.384211304362504], [179.10348964090667, -8.384221197487916], [179.10343907492137, -8.383785899732933]]]}}, {"type": "Feature", "properties": {}, "geometry": {"type": "Polygon", "coordinates": [[[179.105805555899, -8.387396877722137], [179.10596736603162, -8.38724848202746], [179.10609883671412, -8.387337519451084], [179.10616962860146, -8.387545273360125], [179.10602804481377, -8.387822278399486], [179.10584600843856, -8.387822278399486], [179.105805555899, -8.387396877722137]]]}}, {"type": "Feature", "properties": {}, "geometry": {"type": "Polygon", "coordinates": [[[179.10039499033832, -8.385180829453203], [179.1005669160243, -8.385042326016881], [179.10068827528568, -8.385131363945908], [179.10076918143864, -8.385339119034299], [179.1006174823879, -8.385606232556208], [179.10043544344785, -8.3856161256461], [179.10039499033832, -8.385180829453203]]]}}, {"type": "Feature", "properties": {}, "geometry": {"type": "Polygon", "coordinates": [[[179.09635977124077, -8.382806478002282], [179.09653169873437, -8.382667973720046], [179.0966530592717, -8.382747119030233], [179.09673396627528, -8.382954875392807], [179.0965822656296, -8.383231883703534], [179.09640022477564, -8.383241776853882], [179.09635977124077, -8.382806478002282]]]}}, {"type": "Feature", "properties": {}, "geometry": {"type": "Polygon", "coordinates": [[[179.10601793168402, -8.382212887873893], [179.1061898548526, -8.382074383380177], [179.10631121233703, -8.382153528811186], [179.10639211730532, -8.38236128549095], [179.10624042047576, -8.382638294224588], [179.10605838420122, -8.38264818739], [179.10601793168402, -8.382212887873893]]]}}, {"type": "Feature", "properties": {}, "geometry": {"type": "Polygon", "coordinates": [[[179.107130374354, -8.38429044935854], [179.10730229702475, -8.384151945604964], [179.1074236541577, -8.384240983737914], [179.10750455889175, -8.384438846182583], [179.1073528625015, -8.384715853435965], [179.10718093985344, -8.384725746548478], [179.107130374354, -8.38429044935854]]]}}, {"type": "Feature", "properties": {}, "geometry": {"type": "Polygon", "coordinates": [[[179.10880914537586, -8.383785899732933], [179.10898106729536, -8.383647395799604], [179.10910242389812, -8.383726540910422], [179.10917321523203, -8.383934296749615], [179.1090316325512, -8.384211304362504], [179.10884959759915, -8.384221197487916], [179.10880914537586, -8.383785899732933]]]}}, {"type": "Feature", "properties": {}, "geometry": {"type": "Polygon", "coordinates": [[[179.1079495346244, -8.38199523793306], [179.10812145692856, -8.38185673336189], [179.1082428138028, -8.381945772020485], [179.1083136052951, -8.382153528811186], [179.10817202229748, -8.382420644521877], [179.1079899869382, -8.38243053769286], [179.1079495346244, -8.38199523793306]]]}}, {"type": "Feature", "properties": {}, "geometry": {"type": "Polygon", "coordinates": [[[179.1117621464849, -8.382677866884707], [179.11193406708344, -8.382539362556658], [179.11205542275374, -8.38262840105891], [179.11213632651268, -8.382826264324313], [179.11199474492338, -8.383103272726704], [179.1118127113748, -8.383113165880234], [179.1117621464849, -8.382677866884707]]]}}, {"type": "Feature", "properties": {}, "geometry": {"type": "Polygon", "coordinates": [[[179.11468478620384, -8.383103272726704], [179.1148567054954, -8.382964768550165], [179.11497806024315, -8.383043913799908], [179.1150589633871, -8.383251670003911], [179.11490726997826, -8.383528678103207], [179.11472523780873, -8.383538571245948], [179.11468478620384, -8.383103272726704]]]}}, {"type": "Feature", "properties": {}, "geometry": {"type": "Polygon", "coordinates": [[[179.11562528491788, -8.379917664185301], [179.115797203789, -8.37977915887418], [179.11591855823997, -8.379868198008435], [179.11599946118602, -8.380066062678244], [179.1158477681482, -8.380343073046802], [179.1156758492997, -8.380352966270621], [179.11562528491788, -8.379917664185301]]]}}, {"type": "Feature", "properties": {}, "geometry": {"type": "Polygon", "coordinates": [[[179.11172169456816, -8.379917664185301], [179.11189361518484, -8.37977915887418], [179.1120149708679, -8.379868198008435], [179.11209587463534, -8.380066062678244], [179.1119441800574, -8.380343073046802], [179.11177225946344, -8.380352966270621], [179.11172169456816, -8.379917664185301]]]}}, {"type": "Feature", "properties": {}, "geometry": {"type": "Polygon", "coordinates": [[[179.11227790804983, -8.377879652488463], [179.1124498284177, -8.377741146451731], [179.11257118392518, -8.377830186052469], [179.11265208757558, -8.378028051758873], [179.11250039321715, -8.378305063578795], [179.11232847287192, -8.378314956854444], [179.11227790804983, -8.377879652488463]]]}}, {"type": "Feature", "properties": {}, "geometry": {"type": "Polygon", "coordinates": [[[179.11296558906, -8.37613843015428], [179.11313750912032, -8.375999923497684], [179.11325886441074, -8.376088963496857], [179.1133397679164, -8.376296723415722], [179.11318807382932, -8.376563843148428], [179.11301615379156, -8.376573736468352], [179.11296558906, -8.37613843015428]]]}}, {"type": "Feature", "properties": {}, "geometry": {"type": "Polygon", "coordinates": [[[179.1145533184584, -8.36981654039863], [179.11472523780873, -8.369678031492644], [179.114846592598, -8.369757179444942], [179.1149274957696, -8.369964942743199], [179.1147758023089, -8.370241960301758], [179.11460388298119, -8.37025185378235], [179.1145533184584, -8.36981654039863]]]}}, {"type": "Feature", "properties": {}, "geometry": {"type": "Polygon", "coordinates": [[[179.11661634558996, -8.371508323774039], [179.11678826401806, -8.371369815469878], [179.11690961815628, -8.371458856528188], [179.11699052089386, -8.371666618918496], [179.11683882824693, -8.371933741828807], [179.11665679699172, -8.371943635266383], [179.11661634558996, -8.371508323774039]]]}}, {"type": "Feature", "properties": {}, "geometry": {"type": "Polygon", "coordinates": [[[179.11923556507338, -8.37109279871371], [179.11940748233084, -8.37094439679896], [179.11952883564283, -8.37103343795457], [179.1196097378295, -8.371241200571857], [179.1194580462155, -8.37151821722247], [179.11927601619973, -8.371528110670607], [179.11923556507338, -8.37109279871371]]]}}, {"type": "Feature", "properties": {}, "geometry": {"type": "Polygon", "coordinates": [[[179.1286706751243, -8.388366394866132], [179.12884258816786, -8.388227892565128], [179.12896393850536, -8.388316929764306], [179.12904483870906, -8.388514790133891], [179.12890326334136, -8.388791794482042], [179.12872123779215, -8.388801687490842], [179.1286706751243, -8.388366394866132]]]}}, {"type": "Feature", "properties": {}, "geometry": {"type": "Polygon", "coordinates": [[[179.13889431158498, -8.391383754169409], [179.13905610780617, -8.391245252944119], [179.13917745492745, -8.391324396507455], [179.1392583529871, -8.391532148284535], [179.1391167813716, -8.39180915048114], [179.13893476064666, -8.391819043413062], [179.13889431158498, -8.391383754169409]]]}}, {"type": "Feature", "properties": {}, "geometry": {"type": "Polygon", "coordinates": [[[179.1412909111664, -8.385477622364874], [179.14146281858078, -8.385339119034299], [179.14158416494482, -8.385428156895324], [179.1416650624996, -8.38563591182511], [179.14151337957045, -8.385903025143056], [179.14134147217862, -8.385912918225392], [179.1412909111664, -8.385477622364874]]]}}, {"type": "Feature", "properties": {}, "geometry": {"type": "Polygon", "coordinates": [[[179.14314143989463, -8.38157972407145], [179.1433133464843, -8.381431326156097], [179.1434346922662, -8.38152036491213], [179.14350547728802, -8.38172812193014], [179.1433639072314, -8.382005131114845], [179.14318188851087, -8.382005131114845], [179.14314143989463, -8.38157972407145]]]}}, {"type": "Feature", "properties": {}, "geometry": {"type": "Polygon", "coordinates": [[[179.1361033160821, -8.377157441897877], [179.13627522580936, -8.377018935604015], [179.136396573806, -8.377107975370004], [179.1364673601197, -8.377315734744803], [179.13632578747922, -8.377582853777902], [179.13614376543654, -8.377592747071898], [179.1361033160821, -8.377157441897877]]]}}, {"type": "Feature", "properties": {}, "geometry": {"type": "Polygon", "coordinates": [[[179.13532466518078, -8.39057253200447], [179.1354965752554, -8.390434030489915], [179.13561792349714, -8.3905230671835], [179.13569882230374, -8.390730819389177], [179.1355471370274, -8.390997929204659], [179.13537522697538, -8.391007822157228], [179.13532466518078, -8.39057253200447]]]}}, {"type": "Feature", "properties": {}, "geometry": {"type": "Polygon", "coordinates": [[[179.13344376170883, -8.386120672896038], [179.13360556021786, -8.385982169794614], [179.13372690905499, -8.386061314430053], [179.13380780825855, -8.386269069021361], [179.1336662346412, -8.386546074970413], [179.13348421134245, -8.38655596803635], [179.13344376170883, -8.386120672896038]]]}}, {"type": "Feature", "properties": {}, "geometry": {"type": "Polygon", "coordinates": [[[179.13048081449793, -8.383103272726704], [179.1306527267336, -8.382964768550165], [179.13077407650078, -8.383043913799908], [179.13084486384733, -8.383251670003911], [179.13070328914122, -8.383528678103207], [179.13052126444265, -8.383538571245948], [179.13048081449793, -8.383103272726704]]]}}, {"type": "Feature", "properties": {}, "geometry": {"type": "Polygon", "coordinates": [[[179.12923697662487, -8.379789052112338], [179.12940888941563, -8.379650546755432], [179.1295302395747, -8.379739585919085], [179.12960102714982, -8.379947343888437], [179.12945945198658, -8.380214461114509], [179.1292774267002, -8.380224354341559], [179.12923697662487, -8.379789052112338]]]}}, {"type": "Feature", "properties": {}, "geometry": {"type": "Polygon", "coordinates": [[[179.12975271476702, -8.373843170627655], [179.12991451482614, -8.373704663154204], [179.1300358648259, -8.373793703678537], [179.1301167648045, -8.374001464822706], [179.1299751898308, -8.374278479509083], [179.12979316478814, -8.374278479509083], [179.12975271476702, -8.373843170627655]]]}}, {"type": "Feature", "properties": {}, "geometry": {"type": "Polygon", "coordinates": [[[179.13283701669496, -8.371765553351118], [179.13300892787922, -8.371627045138416], [179.1331302769043, -8.371716086137912], [179.13321117623312, -8.371913954952836], [179.13305948997765, -8.372190971124775], [179.13288757881594, -8.372200864555813], [179.13283701669496, -8.371765553351118]]]}}, {"type": "Feature", "properties": {}, "geometry": {"type": "Polygon", "coordinates": [[[179.13048081449793, -8.368668893690906], [179.1306527267336, -8.368530384376804], [179.13077407650078, -8.368609532562328], [179.13084486384733, -8.368817296472802], [179.13070328914122, -8.369094314847732], [179.13052126444265, -8.369104208357482], [179.13048081449793, -8.368668893690906]]]}}, {"type": "Feature", "properties": {}, "geometry": {"type": "Polygon", "coordinates": [[[179.12644591116722, -8.370449723341332], [179.12661782520397, -8.370311214660594], [179.12673917624252, -8.370400255961034], [179.12682007691367, -8.370598125444639], [179.12666838814135, -8.370875142552729], [179.1264863615357, -8.370885036017214], [179.12644591116722, -8.370449723341332]]]}}, {"type": "Feature", "properties": {}, "geometry": {"type": "Polygon", "coordinates": [[[179.12382674076034, -8.367946666011823], [179.1239986559667, -8.367808156440885], [179.12412000783084, -8.367887304773184], [179.12420090905235, -8.3680950690689], [179.1240492192481, -8.368372087957479], [179.12386719140403, -8.368381981485587], [179.12382674076034, -8.367946666011823]]]}}, {"type": "Feature", "properties": {}, "geometry": {"type": "Polygon", "coordinates": [[[179.12227950044766, -8.366037208300561], [179.12245141634514, -8.365898698050714], [179.12257276869713, -8.365977846770926], [179.1226536702438, -8.366185612085019], [179.1225019798298, -8.366462632331515], [179.1223300639549, -8.366472525908083], [179.12227950044766, -8.366037208300561]]]}}, {"type": "Feature", "properties": {}, "geometry": {"type": "Polygon", "coordinates": [[[179.123230093272, -8.361871985694691], [179.12339189607206, -8.36173347396441], [179.12351324812755, -8.361822517225255], [179.12359414947656, -8.362030284754756], [179.12345257210458, -8.362297414272794], [179.12327054397838, -8.362307307955147], [179.123230093272, -8.361871985694691]]]}}, {"type": "Feature", "properties": {}, "geometry": {"type": "Polygon", "coordinates": [[[179.12459530226374, -8.364206890310909], [179.12476721712684, -8.364068379410423], [179.1248885687487, -8.364157422137799], [179.1249694698087, -8.364365188422596], [179.12481778030727, -8.36463231634032], [179.12464586546673, -8.36464220996336], [179.12459530226374, -8.364206890310909]]]}}, {"type": "Feature", "properties": {}, "geometry": {"type": "Polygon", "coordinates": [[[179.1300459773242, -8.364849975989706], [179.13021788975385, -8.364711465317773], [179.130339239658, -8.36479061427915], [179.13042013957295, -8.364998380226362], [179.1302684522186, -8.365275401316977], [179.13009653981146, -8.365285294923696], [179.1300459773242, -8.364849975989706]]]}}, {"type": "Feature", "properties": {}, "geometry": {"type": "Polygon", "coordinates": [[[179.12979316478814, -8.36348465436031], [179.1299650773307, -8.363346143203126], [179.13008642731452, -8.363435186095561], [179.1301673272825, -8.363642952765396], [179.1300156398286, -8.36391008117814], [179.12983361480508, -8.363919974819542], [179.12979316478814, -8.36348465436031]]]}}, {"type": "Feature", "properties": {}, "geometry": {"type": "Polygon", "coordinates": [[[179.14652899680965, -8.36200060368589], [179.14670090189009, -8.361862092001296], [179.14682224660663, -8.36195113523275], [179.14690314306313, -8.362149009007611], [179.14675146219327, -8.362426032123617], [179.14656944507072, -8.362435925802712], [179.14652899680965, -8.36200060368589]]]}}, {"type": "Feature", "properties": {}, "geometry": {"type": "Polygon", "coordinates": [[[179.1473885214461, -8.365018167453668], [179.14756042614366, -8.36487965684153], [179.14768177059, -8.364958805768772], [179.14776266686636, -8.365166571626306], [179.14761098633426, -8.36544359259732], [179.14742896961712, -8.36545348619979], [179.1473885214461, -8.365018167453668]]]}}, {"type": "Feature", "properties": {}, "geometry": {"type": "Polygon", "coordinates": [[[179.14626608300912, -8.373506795249478], [179.14643798820663, -8.373368287656323], [179.14655933300585, -8.373457328257562], [179.1466402295175, -8.373655196187439], [179.14649866061103, -8.373932211120298], [179.14631664336926, -8.373942104507089], [179.14626608300912, -8.373506795249478]]]}}, {"type": "Feature", "properties": {}, "geometry": {"type": "Polygon", "coordinates": [[[179.14352570157757, -8.374565387369294], [179.143697607996, -8.374426880152845], [179.14381895365702, -8.374515920511916], [179.14389985074317, -8.374723681270563], [179.14374816869275, -8.374990802083042], [179.1435661501535, -8.375000695442951], [179.14352570157757, -8.374565387369294]]]}}, {"type": "Feature", "properties": {}, "geometry": {"type": "Polygon", "coordinates": [[[179.14257515882213, -8.374060825129225], [179.14274706566414, -8.373922317733202], [179.14286841162414, -8.374001464822706], [179.14294930890964, -8.374209225855974], [179.1428077386489, -8.374486240394482], [179.14262571966594, -8.374496133767227], [179.14257515882213, -8.374060825129225]]]}}, {"type": "Feature", "properties": {}, "geometry": {"type": "Polygon", "coordinates": [[[179.1432627857306, -8.372280011995292], [179.1434346922662, -8.372141503965663], [179.14355603800988, -8.372220651417178], [179.1436369351512, -8.372428413400963], [179.14348525299738, -8.372705429206832], [179.1433133464843, -8.372715322624792], [179.1432627857306, -8.372280011995292]]]}}, {"type": "Feature", "properties": {}, "geometry": {"type": "Polygon", "coordinates": [[[179.14433467229057, -8.368629319606217], [179.14450657834857, -8.368490810278006], [179.14462792375514, -8.368569958471607], [179.1447088206717, -8.368777722403163], [179.14456725105666, -8.369054740806222], [179.14438523290383, -8.369064634316953], [179.14433467229057, -8.368629319606217]]]}}, {"type": "Feature", "properties": {}, "geometry": {"type": "Polygon", "coordinates": [[[179.14279762648542, -8.368757935366805], [179.14296953322832, -8.368609532562328], [179.14309087911838, -8.368698574251837], [179.14316166420326, -8.368906338114808], [179.1430200940205, -8.369183356426369], [179.14283807513772, -8.369183356426369], [179.14279762648542, -8.368757935366805]]]}}, {"type": "Feature", "properties": {}, "geometry": {"type": "Polygon", "coordinates": [[[179.1375190409638, -8.384676280983284], [179.13769095005975, -8.384537777367182], [179.1378122976107, -8.384616922296683], [179.13788308366446, -8.384824677660065], [179.13774151154396, -8.385101684638471], [179.13755949016974, -8.385111577741212], [179.1375190409638, -8.384676280983284]]]}}, {"type": "Feature", "properties": {}, "geometry": {"type": "Polygon", "coordinates": [[[179.13455612508633, -8.382549255724589], [179.1347280355037, -8.38241075135069], [179.13484938398744, -8.38249978988243], [179.1349302829554, -8.382707546377162], [179.13477859737657, -8.382974661707282], [179.13459657460322, -8.382984554864105], [179.13455612508633, -8.382549255724589]]]}}, {"type": "Feature", "properties": {}, "geometry": {"type": "Polygon", "coordinates": [[[179.13394938182392, -8.378305063578795], [179.1341212925119, -8.37816655769347], [179.1342426411867, -8.378255597196834], [179.13432354028203, -8.378453462686908], [179.13418196685413, -8.378730474203914], [179.13399994379893, -8.378740367468737], [179.13394938182392, -8.378305063578795]]]}}, {"type": "Feature", "properties": {}, "geometry": {"type": "Polygon", "coordinates": [[[179.13841903479266, -8.380006703287851], [179.1385909434873, -8.379868198008435], [179.13871229075502, -8.379947343888437], [179.1387931889123, -8.380155101746812], [179.13864150485352, -8.380432112051963], [179.13845948390417, -8.380442005273517], [179.13841903479266, -8.380006703287851]]]}}, {"type": "Feature", "properties": {}, "geometry": {"type": "Polygon", "coordinates": [[[179.13683140381346, -8.376059283499405], [179.13700331321604, -8.375920776814642], [179.13712466098346, -8.375999923497684], [179.13720555947387, -8.376207683464093], [179.13705387479044, -8.376484696580079], [179.1368718530916, -8.376494589902011], [179.13683140381346, -8.376059283499405]]]}}, {"type": "Feature", "properties": {}, "geometry": {"type": "Polygon", "coordinates": [[[179.13811566632106, -8.369519735539816], [179.1382875751509, -8.369381226528274], [179.13840892251412, -8.369460374540926], [179.13848982073503, -8.36966813799746], [179.1383381365569, -8.36994515576717], [179.13816622774954, -8.369955049255317], [179.13811566632106, -8.369519735539816]]]}}, {"type": "Feature", "properties": {}, "geometry": {"type": "Polygon", "coordinates": [[[179.1813736045805, -8.43833281820879], [179.18154549417162, -8.438194333771206], [179.18166682795473, -8.438283359486787], [179.18174771712233, -8.438491086076697], [179.1815960499192, -8.438758162956695], [179.18142416035047, -8.438768054689445], [179.1813736045805, -8.43833281820879]]]}}, {"type": "Feature", "properties": {}, "geometry": {"type": "Polygon", "coordinates": [[[179.18489227042835, -8.425770099407996], [179.1850641584589, -8.425631610469164], [179.18518549114043, -8.425710747011731], [179.1852663795737, -8.425918480358844], [179.1851147137475, -8.42619545798143], [179.18494282573937, -8.426205350035733], [179.18489227042835, -8.425770099407996]]]}}, {"type": "Feature", "properties": {}, "geometry": {"type": "Polygon", "coordinates": [[[179.17432606567195, -8.454208740450019], [179.17498330212607, -8.454287871136117], [179.17565064876868, -8.454723089619426], [179.17589331998994, -8.455247329412725], [179.17602476683797, -8.45615732887026], [179.17558998093963, -8.456899174664281], [179.17514508323598, -8.456731023076141], [179.17475074166214, -8.456038633410687], [179.17400250270012, -8.454950589994638], [179.1740126140471, -8.454416458466387], [179.17432606567195, -8.454208740450019]]]}}, {"type": "Feature", "properties": {}, "geometry": {"type": "Polygon", "coordinates": [[[179.2447855901465, -8.470321391098883], [179.24494734221074, -8.47050931858892], [179.24501810871777, -8.470519209506927], [179.24501810871777, -8.470410409395095], [179.24507876571357, -8.470380736631956], [179.24542248851185, -8.470558773176291], [179.24550336442036, -8.47057855500948], [179.24556402134075, -8.470538991342112], [179.24561456876722, -8.470618118672776], [179.24560445928248, -8.470697245987168], [179.24550336442036, -8.470746700550379], [179.2454730359566, -8.470904955109994], [179.24534161258651, -8.470924736925344], [179.24501810871777, -8.47111266412071], [179.24494734221074, -8.471092882314977], [179.24472493310515, -8.470825827838322], [179.24476537113378, -8.470568664093012], [179.24468449507236, -8.47057855500948], [179.24464405703534, -8.470529100424628], [179.24464405703534, -8.47046975491443], [179.2447855901465, -8.470321391098883]]]}}, {"type": "Feature", "properties": {}, "geometry": {"type": "Polygon", "coordinates": [[[179.24552358339488, -8.474079923456054], [179.24540226953206, -8.474040360148866], [179.24531128411022, -8.473832652719125], [179.2453618315694, -8.473486473420335], [179.2454325980013, -8.473397455835983], [179.24550336442036, -8.473407346679716], [179.24562467825174, -8.473585381823208], [179.2457055541184, -8.473891997710512], [179.24564489721993, -8.473981015180366], [179.24559434979744, -8.473971124351428], [179.24558424031213, -8.474030469321404], [179.24553369288174, -8.474020578493738], [179.24552358339488, -8.474079923456054]]]}}, {"type": "Feature", "properties": {}, "geometry": {"type": "Polygon", "coordinates": [[[179.16323376821154, -8.495057793376404], [179.1631730984356, -8.49474130409081], [179.1631933216953, -8.494365472725068], [179.16362812152315, -8.49424678905941], [179.16386068867223, -8.494602839946284], [179.16393146995068, -8.494958890502698], [179.1639719163897, -8.495562197635522], [179.1637696841523, -8.495700661433775], [179.16355734018913, -8.495740222509804], [179.16342588910587, -8.495581978181209], [179.16323376821154, -8.495057793376404]]]}}, {"type": "Feature", "properties": {}, "geometry": {"type": "Polygon", "coordinates": [[[179.16560999361536, -8.495117135088371], [179.16576166708157, -8.494731413796421], [179.16584255957258, -8.494642401135502], [179.16622679867382, -8.494474266053004], [179.16661103739338, -8.494543498154727], [179.1669143834813, -8.494751194384957], [179.16697505267035, -8.4948797681854], [179.16704583337886, -8.495473185167409], [179.16693460654537, -8.495878686243785], [179.16676271046708, -8.49606660123142], [179.16655036814726, -8.4961457233039], [179.16616612936744, -8.496116052528658], [179.1660346791709, -8.496036930449993], [179.16590322892972, -8.495918247301482], [179.16565043987882, -8.495492965717663], [179.16560999361536, -8.495117135088371]]]}}, {"type": "Feature", "properties": {}, "geometry": {"type": "Polygon", "coordinates": [[[179.16815809995487, -8.496521552925376], [179.16818843445307, -8.496234735615964], [179.16827943793336, -8.496096272010515], [179.16858278271303, -8.495829234915973], [179.16879512391728, -8.49578967384913], [179.1688557928114, -8.495839125182068], [179.1689265731758, -8.4961457233039], [179.1688861272549, -8.496373199171412], [179.16869400907268, -8.496739138327412], [179.16855244824578, -8.496818260261145], [179.16841088736706, -8.496838040742023], [179.16825921493958, -8.49669957735438], [179.16815809995487, -8.496521552925376]]]}}, {"type": "Feature", "properties": {}, "geometry": {"type": "Polygon", "coordinates": [[[179.1682491034423, -8.493485234664309], [179.16817832295393, -8.493692931467447], [179.16805698494375, -8.493772054029517], [179.16757163252245, -8.49379183466753], [179.16738962520748, -8.493762163710167], [179.1671671717062, -8.49363358953518], [179.1669548296084, -8.493366550726384], [179.16690427194885, -8.493158853746573], [179.1669143834813, -8.49274345944966], [179.1669649411395, -8.492634665630925], [179.16724806390326, -8.492535762132595], [179.16763230160842, -8.492634665630925], [179.16791542388376, -8.493148963411372], [179.16808731944985, -8.493366550726384], [179.1682491034423, -8.493485234664309]]]}}, {"type": "Feature", "properties": {}, "geometry": {"type": "Polygon", "coordinates": [[[179.17015006028612, -8.49649188217919], [179.17019050607496, -8.496106162269713], [179.17025117475026, -8.496007259666316], [179.17059496373076, -8.495918247301482], [179.1708881952669, -8.496007259666316], [179.1710499780883, -8.496195174590937], [179.17110053520608, -8.496383089423512], [179.17106008951237, -8.49661056515019], [179.17098930953816, -8.496739138327412], [179.17060507516678, -8.496936943131193], [179.17042306927874, -8.496877601700767], [179.17036240063032, -8.49670946759802], [179.1702208404138, -8.496620455396132], [179.17015006028612, -8.49649188217919]]]}}, {"type": "Feature", "properties": {}, "geometry": {"type": "Polygon", "coordinates": [[[179.17245546350327, -8.499676529171168], [179.17249590905118, -8.49935015352197], [179.17256668874984, -8.499280922287943], [179.17293069842427, -8.499271032110624], [179.17300147804346, -8.499557847149095], [179.1729711439225, -8.499824881647184], [179.17288014154553, -8.499864442297707], [179.17272847086966, -8.499854552135439], [179.1725464659801, -8.499735870168465], [179.17245546350327, -8.499676529171168]]]}}, {"type": "Feature", "properties": {}, "geometry": {"type": "MultiPolygon", "coordinates": [[[[179.26179951836204, -8.433466049616412], [179.26073806500244, -8.439035131377937], [179.25946431716775, -8.44281375213808], [179.25928235285264, -8.447373766156657], [179.2599293366994, -8.453031669576195], [179.25932278937444, -8.457532215279274], [179.25632036625808, -8.469540007392876], [179.25495562085402, -8.472032516962818], [179.25359087068392, -8.474168940882448], [179.25217556917627, -8.475692124762952], [179.25084113734428, -8.476799891067898], [179.24770722647906, -8.478303283090321], [179.24552358339488, -8.478896725691047], [179.24404759550282, -8.47950005806249], [179.24277379324587, -8.480716610619428], [179.2414494388716, -8.482259549785551], [179.2394578440595, -8.483782701602436], [179.2323405896389, -8.487630116630456], [179.22712388312684, -8.490142289700144], [179.22405044193684, -8.491497273860881], [179.22084554485892, -8.492486310373883], [179.21738786605354, -8.493247866751654], [179.21542647903829, -8.4941973375212], [179.2133033169988, -8.495839125182068], [179.21076561764002, -8.497006174788412], [179.20720674442018, -8.498282013091245], [179.20530596923635, -8.498549048477868], [179.20254578446134, -8.498282013091245], [179.20087753140646, -8.498509487691612], [179.1984711901334, -8.49830179349662], [179.19640860002863, -8.498351244505637], [179.19384045781365, -8.49887542480899], [179.18985677050816, -8.500062245489316], [179.1840530513024, -8.501338073622872], [179.179149144169, -8.503128181906794], [179.17576187309731, -8.504601800683412], [179.17113086947361, -8.506273213778478], [179.16624702177387, -8.508636915706584], [179.16489207173476, -8.508824824438932], [179.1637595725376, -8.508439116941263], [179.1623034972676, -8.507825940119783], [179.16151478754009, -8.507005072838183], [179.15700495485453, -8.501239172368972], [179.15371860864602, -8.497233650145585], [179.15022999515108, -8.493386331385222], [179.14604361734567, -8.488629053560063], [179.14468859644415, -8.486116870588505], [179.1442638874209, -8.48404974707793], [179.14405153273395, -8.48221998732023], [179.1440211963406, -8.480825407814956], [179.14364704729266, -8.479411041870508], [179.14293919674986, -8.477769183966249], [179.14180663317973, -8.47556354453869], [179.13957183280803, -8.473100730406024], [179.13714488560768, -8.470697245987168], [179.13592129393436, -8.468817967874148], [179.13436398982327, -8.465959469358635], [179.13284712911968, -8.462764651780711], [179.1319066724847, -8.46107326703763], [179.13074373906258, -8.459589590095064], [179.12830662371994, -8.456938739733191], [179.12640546079447, -8.454713198295707], [179.1251211592503, -8.452655797447674], [179.12438293673858, -8.449807070456979], [179.12380651543688, -8.448046388392575], [179.12254243061267, -8.446166999794096], [179.12137946890746, -8.445306434590812], [179.1193973695531, -8.443545731988243], [179.1187097000443, -8.442586244604584], [179.11803214212003, -8.441231088257688], [179.11765796782944, -8.43740299317511], [179.11685905393665, -8.43566203815721], [179.11662645844078, -8.434514586242315], [179.11702085941604, -8.434000210139871], [179.11776920887277, -8.433990318285026], [179.1183658648289, -8.434336533053566], [179.11907376052562, -8.435315824576353], [179.12027718022065, -8.437511802603206], [179.12073225391444, -8.439480258781622], [179.12219859882228, -8.441943287806797], [179.12328065665434, -8.443397357806454], [179.12533352436824, -8.445850470287258], [179.1303089021856, -8.451369916342347], [179.1308650888011, -8.4525469922895], [179.1309561010799, -8.455118742359584], [179.13110778816346, -8.455949611792041], [179.1349302829554, -8.460905117271261], [179.13667971898286, -8.463912019658201], [179.13841903479266, -8.466038597630934], [179.14035047513153, -8.46827396460217], [179.14171562346277, -8.471528081805616], [179.14256504665255, -8.473031494439434], [179.14409198125477, -8.474950315185247], [179.1445166904672, -8.476048192851906], [179.14465826010084, -8.476750437283044], [179.14465826010084, -8.47733399153872], [179.14485039023478, -8.477907654180763], [179.14558857354373, -8.479519839435667], [179.14840983646678, -8.484425588543754], [179.14887498894691, -8.485820154979058], [179.1493401408665, -8.486700410618361], [179.15379950365752, -8.492248941843195], [179.15486124911354, -8.494078653803522], [179.1563274642314, -8.4954632948919], [179.1584408265769, -8.496481991929928], [179.16081708143975, -8.497352332887049], [179.16211137581553, -8.497500686262258], [179.16322365658286, -8.497461125367801], [179.16433593415059, -8.497836953700249], [179.16578189020592, -8.498845754244948], [179.1668132681451, -8.500358950085342], [179.16795586990617, -8.501664447579584], [179.1686232286657, -8.502307304560393], [179.1695433729464, -8.502445765922811], [179.17205100779177, -8.502119392631371], [179.17457884905556, -8.502119392631371], [179.177157230142, -8.501644667347703], [179.18149493841742, -8.500032575017054], [179.18310260817032, -8.499587517658023], [179.185306823784, -8.498865534621252], [179.1864797040473, -8.498568828869502], [179.1882289068138, -8.498005087308648], [179.19289003866945, -8.496936943131193], [179.19533685770594, -8.49627429663692], [179.19782410422147, -8.495898466773149], [179.20604403730022, -8.4948797681854], [179.20936027102846, -8.49414788597664], [179.21138235088011, -8.493396221714278], [179.2187628531174, -8.489707111290578], [179.2253141953623, -8.487254278300927], [179.22919642023888, -8.485493767543844], [179.23278542184661, -8.483673905244386], [179.23485792884966, -8.482516705710855], [179.23604076937164, -8.481329830773548], [179.23677877916154, -8.480360546855035], [179.23771898139142, -8.479816559911377], [179.23949828263397, -8.479153883866811], [179.24139889090569, -8.478560441663133], [179.24223798629234, -8.478006561446305], [179.24353200937588, -8.4767207650091], [179.24482602816886, -8.475692124762952], [179.2453517220781, -8.475761360250514], [179.24596840056927, -8.476048192851906], [179.24627168471577, -8.47602841130007], [179.24650420240187, -8.475771251033448], [179.24656485916677, -8.475514090594821], [179.24645365509056, -8.475415182688002], [179.24572577308243, -8.475078895614566], [179.2458571963232, -8.474752499056146], [179.24627168471577, -8.474079923456054], [179.24731295849236, -8.4721017531092], [179.24846543302687, -8.470479645833452], [179.24967856044134, -8.469638916810498], [179.25094223082445, -8.46782887044397], [179.25225644368624, -8.465316551543369], [179.2538436025565, -8.46299214740747], [179.25504660402922, -8.45997534664986], [179.25644167673005, -8.452091988567876], [179.25638102149875, -8.448343133123842], [179.25641134911558, -8.443100609271777], [179.2569774641975, -8.44069693773365], [179.25773565275495, -8.438718596023191], [179.25773565275495, -8.437284291945858], [179.2570583377137, -8.435355391858472], [179.25608785441491, -8.433891399722725], [179.25497583933924, -8.43206140175355], [179.2536717449009, -8.429163062918123], [179.25356054284822, -8.427164878098584], [179.25359087068392, -8.425888804173237], [179.25429851951523, -8.424177473618268], [179.2543793935858, -8.423039879754356], [179.254278300995, -8.418519147610173], [179.2539042581816, -8.416649507724365], [179.25394469525978, -8.415442645437597], [179.254531032423, -8.414601796539449], [179.2555925026356, -8.414117071051002], [179.25632036625808, -8.414107178687829], [179.25739194079114, -8.414651258289862], [179.2584736215387, -8.416036184737186], [179.26061675586362, -8.422416674741326], [179.26179951836204, -8.428668463676857], [179.26179951836204, -8.433466049616412]], [[179.14427399954593, -8.47762082296674], [179.14427399954593, -8.477244974845098], [179.14419310253822, -8.47719552111752], [179.14400097207698, -8.477937326363133], [179.14462792375514, -8.479974810738025], [179.1449413992122, -8.481646331115323], [179.14523465021563, -8.48393106022284], [179.14596272070898, -8.486008074891691], [179.1465896691997, -8.487145482926303], [179.14712560823108, -8.487877378488763], [179.14790423530914, -8.488777410308137], [179.14951204469497, -8.49094341230026], [179.15040189858328, -8.49195223097346], [179.15142320563194, -8.493247866751654], [179.15204003333312, -8.49388084752577], [179.15421409032578, -8.496402869926795], [179.15572075520237, -8.498351244505637], [179.15806669150126, -8.501239172368972], [179.16134288905255, -8.505729263571586], [179.16201025922348, -8.506431453693622], [179.16256640015257, -8.506876503104598], [179.16303153558803, -8.507173202424644], [179.16414381370836, -8.507618250973819], [179.16495274124097, -8.507717150581172], [179.1657414439562, -8.507618250973819], [179.16683349121445, -8.507321551998455], [179.1687647894667, -8.506609473520058], [179.1720307849951, -8.505175422567385], [179.1763281055477, -8.50342488412953], [179.17843124740085, -8.502663347962734], [179.18082760184402, -8.501713898154863], [179.1844574944815, -8.500467741712967], [179.1879761323353, -8.499676529171168], [179.19011965468755, -8.499261141933077], [179.1937292386724, -8.498163330637482], [179.19565029208758, -8.49781717327087], [179.19787465784717, -8.497658929799227], [179.20008890019503, -8.497599588480492], [179.2039915979798, -8.497718271108742], [179.20431513593243, -8.497668820018097], [179.20490154778486, -8.497698490673267], [179.20615525291436, -8.49758969825984], [179.20714608152602, -8.497421564469285], [179.20819757035102, -8.497154528297523], [179.21016910423117, -8.496501772428148], [179.21117003298986, -8.496086381751063], [179.21221140057952, -8.495522636541121], [179.21331342732165, -8.4948797681854], [179.21419302440702, -8.494256679366291], [179.21599265362494, -8.493148963411372], [179.21718566166373, -8.492525871781352], [179.21900549738905, -8.49187310803607], [179.22190710675017, -8.491032425819254], [179.2230192161028, -8.490636810021174], [179.22493001475482, -8.489845577201674], [179.22631508516517, -8.4893510558612], [179.2289740021501, -8.488065297394574], [179.2314509237004, -8.486957563570305], [179.23395815887002, -8.485770702355184], [179.23713261897643, -8.484099199923389], [179.2374561293834, -8.483822263906797], [179.23761788448624, -8.483584890019392], [179.23791106543914, -8.482932111072664], [179.23789084607014, -8.482872767477057], [179.2377695298342, -8.482833205074876], [179.23732470331294, -8.483001345255957], [179.23662713342833, -8.483495874773816], [179.2359295622959, -8.483901388503341], [179.23571725779047, -8.484069528216892], [179.2345849651427, -8.48465307135756], [179.23429178168897, -8.484920116227908], [179.23407947629178, -8.48502891223297], [179.23309882605176, -8.485444314877935], [179.23276520221185, -8.485513548608406], [179.23105663928277, -8.486393804950497], [179.22772037054764, -8.487986173655978], [179.22713399309075, -8.488213654360502], [179.22656783470856, -8.488540039483695], [179.2258095855862, -8.488816972097945], [179.22536474541403, -8.488905986110105], [179.22510188507346, -8.489064233191826], [179.22463682403625, -8.48920269933486], [179.2243840732396, -8.48934116542791], [179.22375725055602, -8.48944996018029], [179.22225084998018, -8.489934590975277], [179.2215229227809, -8.490063166389637], [179.22126005984668, -8.490290645863327], [179.22069389292386, -8.490528015605221], [179.21872241239072, -8.491170891252235], [179.2181865723659, -8.49125990471851], [179.2180248091945, -8.491368698927001], [179.21764062139297, -8.491467602726122], [179.21709466965407, -8.491724752484599], [179.21543658930597, -8.492664336675483], [179.21495129615988, -8.493099511731689], [179.21474909050366, -8.493198415084718], [179.21432445828341, -8.493564357269241], [179.21409192139492, -8.493712712109517], [179.21388971529194, -8.493930299104743], [179.21363695751535, -8.494325911507275], [179.2132325447312, -8.49457316905167], [179.2119182002781, -8.495166586507974], [179.2109577149836, -8.49550285599242], [179.20978490866972, -8.495849015447895], [179.20778304144244, -8.496195174590937], [179.207489837801, -8.496294077145876], [179.2064990100658, -8.496481991929928], [179.20406237192992, -8.496719357841405], [179.20200992214, -8.49676880905445], [179.2018683734789, -8.496818260261145], [179.20151450160037, -8.496749028569969], [179.20136284212515, -8.49679847977926], [179.20083708881918, -8.49670946759802], [179.1997451373709, -8.49670946759802], [179.19958336652482, -8.496669906621962], [179.1992396032531, -8.496660016377291], [179.19803642940522, -8.496897382178593], [179.19682314107672, -8.496946833368673], [179.19558962738833, -8.497213869685087], [179.19346635693898, -8.497599588480492], [179.19100941520347, -8.498123769811393], [179.18980621583782, -8.498529268085242], [179.18813790802054, -8.498954546302013], [179.1874301388994, -8.49908311869327], [179.18706614284835, -8.499063338328174], [179.18672236848636, -8.49918202050336], [179.18643925995937, -8.499379824047043], [179.18628759459202, -8.499419384743504], [179.18574159877826, -8.499439165090228], [179.18525626852048, -8.499627078333111], [179.1839519404417, -8.49995345374653], [179.18359805222147, -8.500002904542564], [179.18272849693645, -8.500260048578816], [179.18262738573017, -8.500240268274469], [179.18254649674617, -8.500358950085342], [179.1815353830213, -8.50071499529743], [179.18002881867665, -8.501140271089588], [179.1791289217431, -8.50152598593491], [179.17786501802541, -8.501921590501318], [179.17674266806674, -8.502445765922811], [179.17584276349808, -8.5027127984091], [179.17483163227413, -8.50320730252196], [179.1742451749544, -8.503316093341201], [179.17268802534602, -8.503385323846413], [179.17186900258372, -8.503593015287096], [179.1712825407755, -8.503949057494909], [179.1709084181233, -8.50400839783074], [179.16970515632997, -8.503780926493558], [179.16930069774415, -8.503662245742294], [179.1686232286657, -8.503385323846413], [179.16816821145454, -8.503276533046876], [179.16800642742825, -8.503147962062151], [179.1678648663498, -8.502930380297398], [179.16795586990617, -8.50272268849759], [179.1679760929158, -8.502435875827144], [179.1681176539536, -8.502119392631371], [179.16808731944985, -8.50208972231834], [179.16794575840098, -8.50231719465938], [179.16778397428166, -8.502435875827144], [179.16765252463492, -8.502693018231287], [179.16754129797587, -8.502732578585892], [179.1672581754267, -8.502683128142008], [179.16718739475706, -8.502623787600992], [179.16718739475706, -8.502554556958206], [179.1674199597659, -8.502178733250474], [179.16754129797587, -8.502238073860418], [179.16765252463492, -8.502069942108418], [179.16465950520592, -8.500062245489316], [179.16390113511864, -8.499617188164724], [179.16248550697625, -8.498964436487435], [179.16206081752284, -8.498796303299683], [179.16194958925553, -8.498914985557525], [179.1611204320729, -8.498341354304337], [179.16021037945936, -8.497896294982205], [179.15991713982743, -8.497599588480492], [179.16003848039173, -8.49729299152091], [179.15999803354123, -8.497203979454449], [179.1598261343792, -8.497372113340385], [179.15965423514072, -8.497827063485692], [179.15955311790592, -8.497896294982205], [179.1589261904596, -8.497678710236775], [179.15858239110565, -8.497461125367801], [179.15803635620895, -8.497233650145585], [179.15721730241728, -8.496778699296307], [179.15685327795256, -8.49651166267689], [179.15588254436994, -8.496116052528658], [179.15536684116208, -8.495730332241191], [179.15445677499827, -8.494850097312172], [179.15404218859052, -8.494543498154727], [179.15337480465794, -8.49375227339054], [179.1531118955194, -8.49349512499082], [179.15278831479554, -8.493267647416674], [179.15208048101678, -8.492387406837272], [179.15198947372255, -8.492199490047524], [179.15153443692955, -8.491704971740052], [179.15130186236166, -8.491536835370358], [179.15114007127525, -8.491319247017861], [179.15078615303742, -8.491002754648553], [179.15060413781734, -8.490656590820784], [179.15010865150575, -8.490280755454222], [179.14986596410074, -8.4899444813933], [179.1488345409274, -8.488816972097945], [179.14869297282578, -8.48858949175094], [179.14818737203902, -8.48801584505985], [179.14712560823108, -8.486492710031394], [179.1467615742531, -8.485760811829659], [179.14626608300912, -8.48498935005288], [179.14605372942404, -8.484475041340803], [179.14604361734567, -8.484297011241557], [179.14589193613796, -8.483881607355741], [179.14588182405532, -8.483614561763368], [179.14574025487065, -8.483238719503959], [179.14577059112887, -8.483110141804511], [179.14589193613796, -8.483120032398316], [179.1459526086282, -8.48308047002163], [179.1459930569497, -8.482922220474062], [179.14591216030243, -8.482714517843919], [179.1459526086282, -8.482457362051052], [179.14577059112887, -8.48186392494906], [179.14581103946946, -8.481725456160008], [179.14564924608163, -8.481270486930393], [179.14564924608163, -8.480924314329597], [179.14558857354373, -8.480864970423875], [179.14545711634548, -8.480271530862423], [179.14540655587268, -8.480271530862423], [179.14523465021563, -8.479806669232511], [179.145022296063, -8.47954951149354], [179.14485039023478, -8.479203337342438], [179.1446683722155, -8.478619785924735], [179.14457736317374, -8.478441753112437], [179.1445166904672, -8.478075796517063], [179.14427399954593, -8.47762082296674]], [[179.24838455773192, -8.473961233522186], [179.24841488596948, -8.474109595933834], [179.24789930561042, -8.474495337936194], [179.24784875847976, -8.474693154197594], [179.24754547555833, -8.475029441608397], [179.24733317737315, -8.475128349614412], [179.24675693886013, -8.475771251033448], [179.24663562538055, -8.475741578683921], [179.2466052970048, -8.475820704944239], [179.24667606321125, -8.475830595725647], [179.24667606321125, -8.475929503525574], [179.2465850780863, -8.476077865177784], [179.24640310777272, -8.476295462164137], [179.2460088384691, -8.476621857412727], [179.24560445928248, -8.477106504391866], [179.24492712320637, -8.477472461909983], [179.2449372327087, -8.477591150759968], [179.2444216477569, -8.478046124345456], [179.24388584306575, -8.47837251810762], [179.2436027761395, -8.47848131596674], [179.2434814616797, -8.478441753112437], [179.24336014718222, -8.478471425253549], [179.24336014718222, -8.47871869300704], [179.24347135213966, -8.47877803724419], [179.24349157121947, -8.478896725691047], [179.24338036626773, -8.47896596060144], [179.2432590517388, -8.478956069900706], [179.2429456556978, -8.47876814653862], [179.2428243410337, -8.478797818654556], [179.2425817115924, -8.479015414101253], [179.242177328855, -8.479223118730882], [179.242177328855, -8.479331916349235], [179.2424603968152, -8.479598964918251], [179.2424705063814, -8.479727543792686], [179.24273335501087, -8.47957918354912], [179.24329948991928, -8.479104430384824], [179.24347135213966, -8.47902530480045], [179.24365332381996, -8.478857162879503], [179.24467438556346, -8.47835273667536], [179.24511920370554, -8.478075796517063], [179.24588752475708, -8.477739511770928], [179.24748481894576, -8.477225193354826], [179.24885969984996, -8.476532840554214], [179.24889002805062, -8.476394369844437], [179.248485651848, -8.475929503525574], [179.248354229492, -8.475919612746763], [179.24826324475805, -8.47585037728766], [179.24820258825702, -8.475553653750426], [179.24836433890553, -8.47548441822546], [179.24834412007817, -8.475266820780114], [179.24847554243757, -8.474940424381233], [179.24867773059646, -8.474861297939736], [179.24877882463664, -8.474218394999326], [179.24894057504648, -8.47400079683753], [179.2490214502263, -8.473971124351428], [179.24935506016593, -8.473605163500752], [179.24928429444498, -8.473456800894516], [179.2493045132237, -8.473328219922836], [179.2493651695536, -8.473298547384779], [179.24943593525992, -8.473496364261779], [179.2496179041601, -8.473348001613573], [179.24970888857843, -8.473209529756952], [179.24978976359913, -8.473031494439434], [179.24967856044134, -8.47280400474717], [179.2495471384868, -8.47278422302843], [179.24933484138984, -8.47288313161192], [179.24885969984996, -8.47295236760519], [179.24885969984996, -8.473130402959312], [179.2487687152338, -8.473209529756952], [179.24861707415977, -8.473624945177253], [179.248485651848, -8.473713962708949], [179.24838455773192, -8.473961233522186]], [[179.25046709124, -8.47238858844017], [179.2511747457296, -8.472853459039525], [179.25158922847817, -8.472843568181554], [179.25178130570035, -8.47278422302843], [179.25190261758146, -8.47252706059234], [179.25197338282806, -8.472052298720193], [179.25230699024647, -8.471201682233787], [179.2521048039663, -8.471310482121833], [179.251700431092, -8.47091484601781], [179.25163977512472, -8.470637900502885], [179.25158922847817, -8.470588445925692], [179.25146791649976, -8.470538991342112], [179.25130616713653, -8.470588445925692], [179.25114441770637, -8.470825827838322], [179.251012996245, -8.471162118630476], [179.25087146539107, -8.471409391084267], [179.2504772005989, -8.471735790479855], [179.2503558882751, -8.471923717278962], [179.25033566955076, -8.472250116238127], [179.25046709124, -8.47238858844017]], [[179.1350314066414, -8.463951584006791], [179.13480893449713, -8.463486702654095], [179.13498084480167, -8.46329877173519], [179.13488983347352, -8.463209751794237], [179.13474826025364, -8.46321964289982], [179.13460668698175, -8.4633976827566], [179.13445500127563, -8.463842782038395], [179.13451567556524, -8.464406573723364], [179.1354965752554, -8.466147398978768], [179.1374381425392, -8.469253169938073], [179.13814600317892, -8.470123572589163], [179.13840892251412, -8.470281827405065], [179.1388235257169, -8.470430191235879], [179.1391471181507, -8.47046975491443], [179.13938981229788, -8.470380736631956], [179.13946059806204, -8.470301609252502], [179.1394504858108, -8.470173027226151], [179.1392179039594, -8.47000488143447], [179.13880330118076, -8.46990597211098], [179.13830779971414, -8.469253169938073], [179.13795386970523, -8.468669603421677], [179.1375392655673, -8.467640941644841], [179.13631567514582, -8.466028706597779], [179.13632578747922, -8.465969360393585], [179.13617410244967, -8.465850667957687], [179.13556736173436, -8.465138512573912], [179.13512241793612, -8.46447581124176], [179.1350314066414, -8.463951584006791]], [[179.12427169760724, -8.447532030317653], [179.12454473905407, -8.447611162373832], [179.1246155275457, -8.447541921825575], [179.1247267665777, -8.447828775444583], [179.12471665393977, -8.44792769043615], [179.1246256401863, -8.44796725642568], [179.12459530226374, -8.448056279887304], [179.1246155275457, -8.448194760786777], [179.12550543890168, -8.450865454122237], [179.12555600198513, -8.451271002233572], [179.12564701551864, -8.451567744483842], [179.12637512301214, -8.453081126407906], [179.1267594014119, -8.453664716543251], [179.1273964937034, -8.454436241128809], [179.12805381004222, -8.455069285789289], [179.1284684243866, -8.45537591642293], [179.12886281322673, -8.455553959904755], [179.12915607646147, -8.455613307713719], [179.12934821432177, -8.455613307713719], [179.12962125216887, -8.455494612086607], [179.1297021522346, -8.455553959904755], [179.12980327729278, -8.455534177299699], [179.12982350230126, -8.455504503390273], [179.12962125216887, -8.455316568577404], [179.12898416355787, -8.455039611844027], [179.1288931508131, -8.454930807358652], [179.12872123779215, -8.454475806450574], [179.12843808676675, -8.453981239636933], [179.1282560609977, -8.453437215409082], [179.12804369749165, -8.453160257325484], [179.12773020829255, -8.45239862156967], [179.12707289140135, -8.451073173939843], [179.12690097756777, -8.450994042593933], [179.12661782520397, -8.450588494191347], [179.126627937792, -8.450232402559394], [179.1267189510721, -8.450074139506313], [179.12655714967036, -8.449945550727884], [179.12609197026163, -8.449263040340051], [179.1259605064138, -8.4489761877876], [179.12594028120247, -8.448511288370206], [179.12529307387862, -8.447571596347766], [179.12508070873844, -8.447096803718663], [179.12456496433873, -8.446374722141808], [179.12449417583778, -8.446305481371663], [179.12440316203177, -8.446295589832049], [179.12426158495728, -8.44645385443532], [179.12429192290622, -8.447086912199303], [179.12440316203177, -8.447264959508265], [179.1243020355553, -8.447304525565807], [179.12424135965674, -8.447037454598929], [179.12400876862347, -8.446641793567448], [179.12380651543688, -8.446097758986637], [179.1235739241409, -8.445801012528417], [179.1235031354577, -8.44562296454388], [179.12354358613544, -8.445533940520813], [179.1235031354577, -8.445444916477221], [179.12342223408953, -8.445504265841898], [179.12334133270437, -8.445702096991585], [179.12335144537846, -8.445909819589582], [179.1238469660827, -8.446750600391546], [179.12410989517699, -8.447314417079555], [179.12427169760724, -8.447532030317653]], [[179.12062101372788, -8.44195317945796], [179.12024684195526, -8.44128054660217], [179.1199636846963, -8.440944229734813], [179.11969063999916, -8.440419970504367], [179.11954906119107, -8.439796793512063], [179.11949849731838, -8.43864935387972], [179.11930635454166, -8.438194333771206], [179.11930635454166, -8.437917364746982], [179.1191040988835, -8.437126023583476], [179.11896251985954, -8.43687872913737], [179.11892206870027, -8.436700677038175], [179.11826473676587, -8.435434526410445], [179.11816360867627, -8.435394959136469], [179.1180018036776, -8.43546420186328], [179.1181130446215, -8.435622470906553], [179.11805236774703, -8.435988467820662], [179.11828496238056, -8.436967755156173], [179.1184669928653, -8.437492019073078], [179.1184669928653, -8.437798663675803], [179.1186186848701, -8.438659245615268], [179.11862879766826, -8.43941101677475], [179.11896251985954, -8.440419970504367], [179.11933669288118, -8.440944229734813], [179.11965018891647, -8.44121130491815], [179.11972097830846, -8.441369571606236], [179.11989289534898, -8.441517946567439], [179.12033785674424, -8.441745454730482], [179.12049966076043, -8.441963071108828], [179.12062101372788, -8.44195317945796]], [[179.2571493203994, -8.423841141867644], [179.2569471366246, -8.42419725782981], [179.25693702743308, -8.424573157656432], [179.25720997551147, -8.425453553189266], [179.25722008469586, -8.426175673872136], [179.25727063061407, -8.426482327452893], [179.25727063061407, -8.42766937127979], [179.25718975714182, -8.427896887597228], [179.256846044698, -8.428282675829472], [179.2568359355039, -8.428569543752667], [179.2569471366246, -8.428826735502836], [179.25716953877114, -8.428965223297496], [179.25772554358386, -8.429024575194326], [179.25796816361796, -8.42899489924703], [179.25821078350148, -8.429103711042528], [179.2586454770829, -8.429044359157887], [179.2589386422486, -8.428856411463032], [179.2593025711141, -8.428312351831396], [179.2593834441493, -8.428094727764401], [179.2593834441493, -8.427768291434266], [179.25911049758844, -8.427036281692232], [179.25858482219357, -8.426432867214363], [179.25815012854474, -8.426126213594383], [179.25791761778996, -8.425799775602751], [179.25762445185856, -8.424899596683247], [179.25730095816186, -8.424296178872195], [179.25730095816186, -8.424177473618268], [179.2573717224309, -8.424038984109314], [179.25740204997084, -8.423831249752922], [179.25727063061407, -8.423752112825902], [179.2571493203994, -8.423841141867644]], [[179.25763456103226, -8.423593838923274], [179.25800860027567, -8.423386104327909], [179.25842307577608, -8.422703547014834], [179.25846351238673, -8.422574949125414], [179.25881733255156, -8.422060557140346], [179.2588274416944, -8.42164508619171], [179.25867580452402, -8.421486811427279], [179.2585342764453, -8.42139778184385], [179.25824111097637, -8.421427458373898], [179.25805914609197, -8.421506595776387], [179.257695216069, -8.422169370886516], [179.25763456103226, -8.422357321830575], [179.2575435784595, -8.423475133453897], [179.25763456103226, -8.423593838923274]]], [[[179.20100896978596, -8.462200857691725], [179.20139317402493, -8.461083158198058], [179.20174704601402, -8.460855661443677], [179.20250534204777, -8.460835879110837], [179.20326363660118, -8.461360110587279], [179.2035568434316, -8.46191401476825], [179.20394104515032, -8.463209751794237], [179.2038298289024, -8.463862564216736], [179.20339507417322, -8.464891236090866], [179.20271766467195, -8.465168185741199], [179.20199981152308, -8.465128621517602], [179.20153472285924, -8.464614286241252], [179.20123140386536, -8.46334822724907], [179.20100896978596, -8.462200857691725]]], [[[179.22907510129707, -8.462369006892388], [179.22906499138358, -8.462012926145297], [179.2294491679129, -8.461834885648308], [179.2300557616617, -8.462131619764207], [179.23045004709203, -8.462547047142452], [179.2305713656057, -8.46295258296028], [179.2305713656057, -8.463150405155513], [179.23038938782102, -8.463338336146794], [179.22990411331304, -8.46327898952788], [179.22928740942038, -8.462734978428163], [179.22907510129707, -8.462369006892388]]], [[[179.21620496888247, -8.447482572774339], [179.21608364589235, -8.446622010505205], [179.21611397664344, -8.44614721670754], [179.21684191395994, -8.445969168882744], [179.217165441219, -8.446127433619942], [179.21815624177637, -8.448125520343236], [179.21815624177637, -8.44864976910635], [179.21780238472408, -8.44912455982409], [179.21707444920457, -8.44902564513942], [179.21620496888247, -8.447482572774339]]], [[[179.19317314248778, -8.438669137350562], [179.1934865786171, -8.437858014215935], [179.19371912783978, -8.43768985432852], [179.1941741150463, -8.43772942136744], [179.19452799361585, -8.43809541628533], [179.19491220426883, -8.439262641003932], [179.19496275827382, -8.439915493969101], [179.19484142865082, -8.440637587629826], [179.19445721792775, -8.440983796440259], [179.1937797928315, -8.441201413247969], [179.19315292079332, -8.441221196588002], [179.19292037123128, -8.440568345830492], [179.19317314248778, -8.438669137350562]]], [[[179.2261331053923, -8.432813185751748], [179.22630497518, -8.433139617821976], [179.22630497518, -8.43380237299504], [179.22611288541228, -8.433871616007247], [179.22564782558237, -8.433555076421612], [179.2255062855239, -8.433060482799966], [179.2258702455703, -8.432595564218445], [179.2261331053923, -8.432813185751748]]], [[[179.10851586662974, -8.425958048602789], [179.1076360290482, -8.426106429481539], [179.10581566903429, -8.4251468987929], [179.1039548476592, -8.424652294415482], [179.10205356433286, -8.423811465522666], [179.1012950710172, -8.423208046014494], [179.1003848770603, -8.4208636039131], [179.10015227159178, -8.419755676965742], [179.1002837442652, -8.418904945193018], [179.10071861509505, -8.418647746847167], [179.10144676980022, -8.418618070103971], [179.1021648098932, -8.41894451415414], [179.1030851128377, -8.419745784746558], [179.10379303667875, -8.421061447677124], [179.10424812988745, -8.421615409678328], [179.10563363255844, -8.422139694413362], [179.1064527960204, -8.422861821281622], [179.1076663683087, -8.423524594070557], [179.1086068841956, -8.424246718354171], [179.10889004981814, -8.4251468987929], [179.10876869314836, -8.425542581839482], [179.10851586662974, -8.425958048602789]]], [[[179.13667971898286, -8.368916231629342], [179.1347684850025, -8.371478643427338], [179.13415162968423, -8.371716086137912], [179.1338179206578, -8.371577577907653], [179.1336156726224, -8.370904822945446], [179.13358533540796, -8.36960877702119], [179.1337572462583, -8.368886551085001], [179.1336156726224, -8.368550171424664], [179.13344376170883, -8.368451236175176], [179.13296847819572, -8.368579851994616], [179.13269544272092, -8.368520490852474], [179.1325033065301, -8.367946666011823], [179.1328167918447, -8.367145288526636], [179.1330898272335, -8.365967953181801], [179.13235161999594, -8.36351433531619], [179.13091565118086, -8.360833146517926], [179.1292066390656, -8.359418342044055], [179.12754818218883, -8.358587265693869], [179.12633467263197, -8.35853779680764], [179.12444361261484, -8.359626110854823], [179.1227952479097, -8.361258576229782], [179.12062101372788, -8.36248539419429], [179.11855800807538, -8.364493805591048], [179.1152713340589, -8.367174969203619], [179.11443196357655, -8.368431449122278], [179.11418925369793, -8.369905581812144], [179.11352180074186, -8.371666618918496], [179.1122880210148, -8.373338607451396], [179.11171158158834, -8.375851523453736], [179.11098344634036, -8.377592747071898], [179.10983056270987, -8.379195457378316], [179.10882937148804, -8.37976926563582], [179.1080102130935, -8.379937450654312], [179.1075450112524, -8.379729692679746], [179.10740342797155, -8.378572181932654], [179.10649324849177, -8.37711786867606], [179.10532012509233, -8.375693230011194], [179.10299409396345, -8.375386536283033], [179.09956570065393, -8.376900215884303], [179.09591478207614, -8.377840079340155], [179.0944786771606, -8.378314956854444], [179.09291109171446, -8.377246481632199], [179.09100975367207, -8.376969469058535], [179.08918931479747, -8.377701573289276], [179.08641818569407, -8.379145991109569], [179.0849719315266, -8.380164994975376], [179.0840515851236, -8.380521151036705], [179.0830402129006, -8.380174888203712], [179.082332250756, -8.380145208517968], [179.08154337711082, -8.380422218830168], [179.08089609495778, -8.380521151036705], [179.07983414530608, -8.380174888203712], [179.079146404913, -8.380352966270621], [179.0781147920076, -8.380916879611235], [179.0770022651712, -8.382420644521877], [179.0749895947706, -8.384943394960723], [179.0718643720174, -8.386842866839524], [179.06909311754407, -8.388168534420952], [179.0683446731118, -8.38931612360038], [179.06803113514408, -8.390335100806409], [179.06783896658524, -8.391284824727778], [179.06730291693702, -8.391710221147878], [179.06634207134752, -8.391947651505356], [179.06551270794998, -8.392818228240863], [179.06513848241332, -8.392966621807915], [179.0648653986824, -8.393481052401317], [179.06484517025015, -8.393896553536967], [179.06437991601257, -8.394598947302768], [179.0635606626092, -8.395093590037293], [179.06286277869555, -8.39532112548359], [179.0625391219553, -8.395331018325997], [179.0622862649363, -8.395538767959549], [179.06209409348997, -8.396429122272508], [179.0620131791679, -8.397091940268357], [179.06236717920058, -8.397645936530852], [179.06244809344773, -8.398091111525904], [179.06239752204527, -8.399001245482099], [179.0629740356367, -8.39976298639144], [179.06322689220076, -8.4002576225448], [179.06332803477954, -8.401078717167143], [179.06370226208836, -8.401355712551332], [179.06692869315233, -8.401464532112445], [179.06926505727432, -8.40161292237386], [179.0705596598208, -8.402058092817523], [179.07212733672762, -8.40276047181195], [179.075889735102, -8.405015990122823], [179.07703260685508, -8.405421586322213], [179.07793274238287, -8.405629330552712], [179.0791160633966, -8.405411693737022], [179.08071404665517, -8.405025882718114], [179.0824333882853, -8.404917064156166], [179.08428420035725, -8.40490717155814], [179.0862159127122, -8.405461156660412], [179.09138395392546, -8.408260747837476], [179.09322460931617, -8.409655589605459], [179.09427640843072, -8.410605266234525], [179.09437754280899, -8.4114758011], [179.0942258412316, -8.411693434510804], [179.0935280132029, -8.41180225117036], [179.0885420455591, -8.408854298139518], [179.0868429586085, -8.407766121891457], [179.08513375044586, -8.407162677382665], [179.0829593030074, -8.407142892300921], [179.0800263078422, -8.407469346020905], [179.07764955390564, -8.407904617219987], [179.07625383620783, -8.407746336840503], [179.0749390250263, -8.407083537049575], [179.0733814736287, -8.405807396947406], [179.07125752968867, -8.404452111774928], [179.07009441253496, -8.403917910478487], [179.0682233036064, -8.403739843216151], [179.06544190855217, -8.403809091605671], [179.06387420424255, -8.404343293051992], [179.06182100758423, -8.405401801151617], [179.05796744121923, -8.407874939653725], [179.05452853027677, -8.40980397673213], [179.05171669184725, -8.410417309586434], [179.05028042106156, -8.410605266234525], [179.04978480524048, -8.410516234149423], [179.04931953265955, -8.410199675458935], [179.04890483270714, -8.409447847532597], [179.04796417016905, -8.405075345690687], [179.04725614307327, -8.402948432172131], [179.0461030675623, -8.400366442413919], [179.04403966058118, -8.397250224995494], [179.0406916578563, -8.392620370063227], [179.03858776194903, -8.389603020365609], [179.03743466022766, -8.38770356197825], [179.03729305100387, -8.38634821359838], [179.03738408551095, -8.38556666019421], [179.03792017716714, -8.384201411236887], [179.03824385478316, -8.382677866884707], [179.03892155390156, -8.380887199982155], [179.03985212386237, -8.37974947915826], [179.04095464402843, -8.378819513578222], [179.0419964720814, -8.378285277026796], [179.0427854273539, -8.378008265192777], [179.04422172635202, -8.377988478625614], [179.04638627941415, -8.378423782869833], [179.0507355778814, -8.379571400815037], [179.0540025764614, -8.380748695016278], [179.0585844190246, -8.383251670003911], [179.06036454612482, -8.383251670003911], [179.06279197880704, -8.382480003543822], [179.06499688346608, -8.382331605972045], [179.06874923785165, -8.381005918485025], [179.07218802086584, -8.379630760271853], [179.0754346082327, -8.379027272038995], [179.07761921227066, -8.37885908662689], [179.0789340142479, -8.378255597196834], [179.0813411015555, -8.376484696580079], [179.0855989794582, -8.374901761832566], [179.0905243041506, -8.373328714049226], [179.0938111899473, -8.372547134484751], [179.09875663582054, -8.371607258246849], [179.10224571573497, -8.370261747262662], [179.1051583146871, -8.368916231629342], [179.11128683619467, -8.365156678016545], [179.11876026402064, -8.358893972648367], [179.12252220522174, -8.356242433586562], [179.12606163245457, -8.354708885976576], [179.12906506375734, -8.353551300884973], [179.1310167759205, -8.353709603322445], [179.13335275001765, -8.354946338904199], [179.1347280355037, -8.357429692111676], [179.13531455282111, -8.359843773299753], [179.1368718530916, -8.364493805591048], [179.13784263449247, -8.366373590130902], [179.13798420657588, -8.367056246482086], [179.13783252219883, -8.367610285539795], [179.13667971898286, -8.368916231629342]], [[179.07261280956402, -8.40335403053394], [179.07188460007842, -8.402928646875395], [179.07137889823144, -8.402819827724969], [179.07081251136927, -8.402523048068792], [179.0703371503199, -8.402463692110281], [179.0692751713737, -8.402097663498905], [179.06869866728255, -8.40216691218157], [179.0684357002156, -8.402137234176253], [179.0680614775393, -8.401919595400923], [179.0677883958958, -8.401870132025843], [179.06752542820297, -8.40201852213211], [179.06735348769067, -8.40188991737661], [179.06715120463605, -8.401939380749157], [179.0668376656899, -8.401800883290127], [179.0663825280526, -8.401969058769652], [179.0659071614975, -8.402048200146549], [179.06517893924573, -8.402028414803848], [179.06497665504077, -8.402147126844937], [179.06441025869748, -8.402255946184036], [179.06260992189067, -8.40283961302734], [179.0623469506361, -8.402988002762713], [179.06190192194703, -8.403136392441334], [179.06135574966584, -8.403541990606547], [179.06114334912348, -8.403551883239432], [179.06072866201006, -8.403690380073177], [179.0606578617262, -8.403640916923981], [179.06057694710006, -8.403680487443856], [179.0605567184408, -8.403759628471514], [179.0602937457735, -8.403848662108382], [179.06034431745434, -8.403888232607123], [179.06031397444664, -8.403937695724766], [179.05992962947386, -8.404185011218676], [179.05976779989598, -8.404214689067333], [179.0596464276676, -8.404175118601975], [179.05956551282725, -8.404214689067333], [179.05948459796977, -8.404323507826348], [179.05918116710163, -8.40450157482069], [179.05894853660618, -8.40454114525278], [179.0587664778588, -8.404630178710226], [179.05841247449047, -8.404877493762472], [179.05825064427003, -8.405045667907933], [179.05807869958565, -8.405055560502422], [179.05779549640744, -8.405283090106728], [179.0576437803327, -8.405283090106728], [179.05734034800255, -8.405718363760293], [179.05666268159493, -8.40608438895438], [179.05653119394375, -8.40631191795498], [179.0561063873767, -8.40647019892008], [179.05582318273622, -8.406687835141604], [179.05559055019586, -8.406648264928592], [179.0554590621756, -8.406519661708435], [179.0552264294134, -8.406420736125403], [179.05435658391684, -8.406321810517166], [179.0540632634771, -8.406173422057474], [179.05369914123838, -8.405906322686896], [179.05353730902087, -8.4057480414916], [179.05366879770284, -8.404986312335463], [179.05343616385008, -8.404531252645162], [179.0533249041313, -8.404432326554831], [179.05314284270332, -8.404392756111635], [179.0530518119568, -8.404491682212068], [179.05304169742803, -8.404748889954957], [179.05314284270332, -8.405045667907933], [179.0533249041313, -8.405174271616978], [179.0533147896098, -8.405263304929022], [179.05318330080593, -8.405372123393773], [179.053132728177, -8.40550072699459], [179.0530821555414, -8.40585685982035], [179.0532642169983, -8.406529554265317], [179.05327433152112, -8.40674719045356], [179.05319341533095, -8.40700439670029], [179.05300123931045, -8.407340743073119], [179.05296078118852, -8.407904617219987], [179.05278883412262, -8.408003542424291], [179.05241459612327, -8.40806289753483], [179.05234379429837, -8.408003542424291], [179.05233367975086, -8.40792440226285], [179.05239436703178, -8.40772655178853], [179.05229322155822, -8.407647411570487], [179.05215161785023, -8.407677089154165], [179.05192909763156, -8.407914509741527], [179.05185829571658, -8.408102467603406], [179.05176726466377, -8.408696018147872], [179.05166611902405, -8.40889386812731], [179.05166611902405, -8.40899279307918], [179.05177737922625, -8.409121395478918], [179.05201001408972, -8.409210427884453], [179.0523640233925, -8.409190642907186], [179.05338559125465, -8.409052148038233], [179.05365868319046, -8.408864190636836], [179.05473082001288, -8.408606985624134], [179.0558636405549, -8.40813214515225], [179.05680428363024, -8.407449560954799], [179.05872602034756, -8.4063613807635], [179.0599903155479, -8.405431478907122], [179.0625391219553, -8.40390801785494], [179.0635100913539, -8.403571668504412], [179.06401580360557, -8.403274889423471], [179.0645215151883, -8.403096821865917], [179.06600830336725, -8.402800042421642], [179.0671916612555, -8.402651652614374], [179.06844581433688, -8.402701115889762], [179.06900209059674, -8.402790149769611], [179.0706001160798, -8.403136392441334], [179.07116650325636, -8.40335403053394], [179.07274429168456, -8.404234474298535], [179.07335113165544, -8.404679641733269], [179.07448389702665, -8.405659008290838], [179.0749693668737, -8.405995355830868], [179.07601110217573, -8.40650976915126], [179.07677975941596, -8.406687835141604], [179.07809456427577, -8.406737297902186], [179.0796520964987, -8.406638372374724], [179.08129053264994, -8.406410843565746], [179.08269634573662, -8.406292132829778], [179.0858619347371, -8.406242670012391], [179.0862159127122, -8.406094281522446], [179.0862361400152, -8.406005248401172], [179.0862159127122, -8.40593600040384], [179.0861046625267, -8.4058964301141], [179.08504272731216, -8.405866752394154], [179.08453704284244, -8.405738148914745], [179.08419317702177, -8.405569975069643], [179.08240304702932, -8.405401801151617], [179.0819074728412, -8.405421586322213], [179.08081518461177, -8.405619437972815], [179.07989482822265, -8.405846967246267], [179.07938913695745, -8.40591621525949], [179.07898458346457, -8.406064603817601], [179.07820581678752, -8.40608438895438], [179.07771023716836, -8.4061536369252], [179.07741693464268, -8.406074496386125], [179.07720454301827, -8.405945892975657], [179.07697192348493, -8.40592610783178], [179.07685055671578, -8.406331703079138], [179.07673930381026, -8.406381165885165], [179.07657748134451, -8.406381165885165], [179.07647634226868, -8.406302025392499], [179.07629429186485, -8.40591621525949], [179.0760009882544, -8.405817289522494], [179.0756065451136, -8.405589760231676], [179.07538403854718, -8.40536223080735], [179.0750300505613, -8.40516437902544], [179.07416025011983, -8.404432326554831], [179.07370512119408, -8.404086085040053], [179.07306793978876, -8.403710165331123], [179.07261280956402, -8.40335403053394]], [[179.05071534870095, -8.408587200616065], [179.05130199449923, -8.4074297758877], [179.0512008487363, -8.40727149531433], [179.05103901545976, -8.407251710238134], [179.05094798421158, -8.407400098285079], [179.0508063800046, -8.4078155845145], [179.0505939735956, -8.407667196626532], [179.05032087946753, -8.407677089154165], [179.0500882435747, -8.407736444314624], [179.04994663904878, -8.408013434943337], [179.04998709749012, -8.408201392757281], [179.0500882435747, -8.408359672950917], [179.05022984804808, -8.40838935048003], [179.05043214006182, -8.40853773809152], [179.0505029422413, -8.408696018147872], [179.05071534870095, -8.408587200616065]], [[179.05137279651737, -8.405589760231676], [179.05171669184725, -8.405401801151617], [179.05185829571658, -8.405124808656987], [179.051757150101, -8.404610393499201], [179.051888639396, -8.404303722599725], [179.0518785248365, -8.404135548132507], [179.05170657728314, -8.404254259528695], [179.05154474422105, -8.40446200438457], [179.05141325480758, -8.404887386361287], [179.05128176534882, -8.405025882718114], [179.05110981752665, -8.40503577531315], [179.05028042106156, -8.40450157482069], [179.04950159591095, -8.403779413725935], [179.04892506198357, -8.403106714510162], [179.04853059089984, -8.402335087502397], [179.0485609348438, -8.402196590184687], [179.0484800176545, -8.402048200146549], [179.04844967370406, -8.401820668644456], [179.04837887114368, -8.401692063823399], [179.04819680735665, -8.401563458959686], [179.04819680735665, -8.401355712551332], [179.0481158900901, -8.401177644112764], [179.04797428483235, -8.401088609862812], [179.04796417016905, -8.400940219400846], [179.04791359684864, -8.40087097049918], [179.0478529088553, -8.400861077797952], [179.0477922208523, -8.40063354559961], [179.047387633919, -8.400119124485434], [179.0471954549754, -8.399565131753597], [179.04692235841532, -8.399139743940472], [179.04633570588462, -8.398397787336524], [179.0462547882234, -8.398259288613351], [179.04618398525574, -8.397913041589165], [179.04611318227492, -8.397804221032056], [179.0460322645665, -8.397784435472923], [179.0460322645665, -8.397685507662219], [179.04595134684092, -8.39759647261102], [179.04577939661704, -8.39759647261102], [179.04565801994175, -8.39750743753938], [179.04562767576692, -8.397101833065715], [179.04508148020685, -8.396666549744396], [179.04501067702142, -8.396567621648789], [179.0450005622796, -8.396419229458026], [179.04488930010157, -8.396270837210585], [179.04470723464937, -8.396171909014104], [179.0443734477613, -8.395756410313524], [179.0443431034843, -8.395518982284937], [179.04450493960059, -8.395291446954666], [179.044444251065, -8.395261768423463], [179.0440902344151, -8.39543983957647], [179.0439992015092, -8.395588232141634], [179.04407000488234, -8.395894909929785], [179.04639639411928, -8.399396955232046], [179.04733706052215, -8.401118287948394], [179.04774164750907, -8.401969058769652], [179.0482676099508, -8.403264996783527], [179.04872276917106, -8.40460050089335], [179.04899586444262, -8.40585685982035], [179.04927907414745, -8.406875793598234], [179.049339761914, -8.406964826519554], [179.0496027421242, -8.40700439670029], [179.05016916042305, -8.406796653206547], [179.05020961884082, -8.406707620246577], [179.05012870200102, -8.406638372374724], [179.05018938963246, -8.40650976915126], [179.0499769828802, -8.406262455140112], [179.0500882435747, -8.406015140971196], [179.05060408818923, -8.40577771922068], [179.05137279651737, -8.405589760231676]], [[179.04387782426747, -8.395390375375516], [179.0439992015092, -8.39541016105668], [179.04420149682622, -8.395311232640827], [179.04422172635202, -8.395222197045056], [179.0441205787123, -8.395182625662592], [179.0441610377714, -8.395113375733581], [179.04408011964887, -8.395024340092391], [179.04396885720237, -8.3950045543916], [179.04383736517832, -8.394905625872394], [179.04370587310893, -8.394381304299932], [179.04313944521485, -8.393293087455806], [179.0424617535934, -8.39241261886824], [179.04124797454477, -8.390661568666287], [179.04082315096502, -8.389820666046203], [179.04032752285704, -8.38903911962606], [179.04001396188454, -8.388781901473036], [179.03995327263428, -8.388564255210566], [179.03997350238546, -8.387990459934164], [179.03988246849678, -8.387713455014723], [179.03988246849678, -8.387396877722137], [179.03972063041877, -8.387278161170919], [179.0396093667003, -8.387307840312152], [179.0395284476119, -8.387485915111768], [179.03947787317296, -8.38781238536575], [179.03954867738562, -8.388752222444433], [179.03972063041877, -8.389345802585957], [179.0400645362524, -8.390048204581838], [179.04086361037398, -8.391413432996925], [179.0432405931148, -8.394727554474356], [179.04339231491437, -8.394994661540808], [179.04353392187286, -8.395162839969826], [179.04387782426747, -8.395390375375516]], [[179.03942729872728, -8.38705062101305], [179.03995327263428, -8.387070407119031], [179.04047924581565, -8.38720890983263], [179.0404994755389, -8.387070407119031], [179.0408130361121, -8.387139658482013], [179.04114682611635, -8.387337519451084], [179.0413592377851, -8.387337519451084], [179.0414502713212, -8.3872979472653], [179.04147050099294, -8.387218802881723], [179.04136935262352, -8.38705062101305], [179.04120751517667, -8.386961583523728], [179.04146038615718, -8.386536181904196], [179.04147050099294, -8.386278962094398], [179.04136935262352, -8.386269069021361], [179.0413592377851, -8.38634821359838], [179.04141992681159, -8.386417465090036], [179.04138958229953, -8.386516395771], [179.04126820422726, -8.386694470933287], [179.04118728549096, -8.386743936241672], [179.04085349552216, -8.386684577870875], [179.04056016470224, -8.386813187662808], [179.04055004984235, -8.386773615423667], [179.04044890122879, -8.38676372236324], [179.04033763772284, -8.386615326426815], [179.04034775258836, -8.386565861102056], [179.04065119842912, -8.386536181904196], [179.0409040697786, -8.386417465090036], [179.04108613704642, -8.38640757202055], [179.04100521827147, -8.386259175948137], [179.0410355628141, -8.386209710578024], [179.04105579250782, -8.385724949618147], [179.04078269155175, -8.385546874011652], [179.0406916578563, -8.385606232556208], [179.04051970526112, -8.38603163519362], [179.04015557009762, -8.386476823501633], [179.03951833272467, -8.38675382930261], [179.03944752850634, -8.386823080722014], [179.03942729872728, -8.38705062101305]], [[179.0388709793821, -8.385813987390819], [179.0387597154156, -8.385606232556208], [179.0386484514167, -8.385626018735726], [179.0386383365061, -8.385744735791635], [179.03874960050797, -8.385873345894575], [179.0388709793821, -8.385813987390819]], [[179.0583214449999, -8.385467729271458], [179.05873613472576, -8.385695270356067], [179.05912048089908, -8.385626018735726], [179.0592924251146, -8.385398477610586], [179.0593025394778, -8.385170936352242], [179.0591609383685, -8.384864250097648], [179.05888785036666, -8.384577349833961], [179.05853384711085, -8.384438846182583], [179.05833155938882, -8.384409166822298], [179.05758309388594, -8.384893929423175], [179.05738080566047, -8.384745532772829], [179.0572594326738, -8.384765318996173], [179.0572493182565, -8.384834570769817], [179.05741114890114, -8.385081898432261], [179.0578258396151, -8.385240188053649], [179.05792698362342, -8.385428156895324], [179.05802812760493, -8.385477622364874], [179.0583214449999, -8.385467729271458]], [[179.05550963449645, -8.384953288067448], [179.05572203817087, -8.385042326016881], [179.05602547178657, -8.384785105218464], [179.0561670740581, -8.384834570769817], [179.05666268159493, -8.384785105218464], [179.05683462691667, -8.384755425884629], [179.05689531348233, -8.384666387869473], [179.05679416920088, -8.384517991132299], [179.05659188055765, -8.384438846182583], [179.05654130838005, -8.384310235605001], [179.05662222386093, -8.384181624984878], [179.05664245272848, -8.383993655540412], [179.05659188055765, -8.38371664777244], [179.05629856183464, -8.38350889181694], [179.05597489953402, -8.383489105529689], [179.05578272491329, -8.383568250672681], [179.05560066465708, -8.38368696835703], [179.05532757411007, -8.384092586838301], [179.05529723070387, -8.384527884249849], [179.05550963449645, -8.384953288067448]], [[179.05090752587208, -8.381550044492917], [179.05086706752832, -8.381371966974143], [179.05074569247122, -8.381292821384069], [179.0505130568373, -8.381312607783107], [179.05033099406836, -8.381540151299554], [179.0501084727884, -8.381559937686024], [179.0499567536595, -8.381510471718018], [179.0499567536595, -8.381411539763151], [179.04984549292666, -8.381292821384069], [179.04943079354572, -8.38135218057812], [179.049299303404, -8.381193889373796], [179.04924873026056, -8.381005918485025], [179.0492891887759, -8.380926772820448], [179.04920827174092, -8.380798161081177], [179.04901609371422, -8.380689335730105], [179.04861150807847, -8.380313393373907], [179.04784279418877, -8.379917664185301], [179.0472156843424, -8.380115528829933], [179.04693247310624, -8.379937450654312], [179.04663914696138, -8.379887984479964], [179.04629524705615, -8.379660439996858], [179.04558721686337, -8.379472468366917], [179.04506125072663, -8.379601080544559], [179.04461620189068, -8.37980883858789], [179.04413069347746, -8.37977915887418], [179.0436451844462, -8.379828625062409], [179.043048412082, -8.380006703287851], [179.042421294354, -8.380293606924017], [179.04216842401067, -8.380471684936564], [179.0419964720814, -8.381005918485025], [179.0419964720814, -8.38110485054307], [179.0421785388276, -8.381282928184167], [179.04235049067478, -8.381371966974143], [179.04251232763656, -8.381362073776264], [179.04285623095237, -8.381500578523651], [179.0429472641311, -8.381599510455858], [179.04332151141543, -8.381836946990521], [179.04346311840018, -8.382005131114845], [179.04381713563214, -8.382212887873893], [179.04453528386472, -8.382311819624848], [179.04493987382287, -8.382074383380177], [179.04502079176302, -8.381846840176339], [179.0450410212454, -8.381648976412542], [179.04515228337914, -8.381540151299554], [179.04575916717386, -8.381174102968751], [179.04702350531218, -8.380946559238089], [179.0484193297512, -8.381757801495086], [179.04873288381418, -8.381678655983558], [179.0489655205332, -8.381698442362941], [179.04914758395347, -8.381599510455858], [179.04926895951874, -8.381451112548126], [179.04945102279427, -8.381451112548126], [179.04998709749012, -8.38181716061816], [179.05032087946753, -8.38229203327671], [179.05070523411027, -8.38229203327671], [179.05083672376767, -8.38218320834369], [179.05088729670075, -8.38208427655995], [179.05090752587208, -8.381550044492917]], [[179.08595295767623, -8.37737509454577], [179.0865294357886, -8.377197015115648], [179.08681261770167, -8.377206908419438], [179.0870047767378, -8.377266268237058], [179.08703511762945, -8.377216801723014], [179.0870047767378, -8.377127761981924], [179.08672159496672, -8.376900215884303], [179.0862361400152, -8.376365976697393], [179.08591250303925, -8.376237363450233], [179.0855989794582, -8.376445123289853], [179.08556863845288, -8.377018935604015], [179.08564954779507, -8.377286054840885], [179.0857506844488, -8.37735530794643], [179.08595295767623, -8.37737509454577]], [[179.10813157000288, -8.372843937035793], [179.10898106729536, -8.372705429206832], [179.1099721450964, -8.371824913998594], [179.11036655289809, -8.37122141366071], [179.1105789261621, -8.370509084189452], [179.11072050827292, -8.370212279858482], [179.11054858713158, -8.370390362484208], [179.11032610083447, -8.371053224875297], [179.1099721450964, -8.371181839835376], [179.10849564050108, -8.37197331557768], [179.1080304392477, -8.372339372564337], [179.1079495346244, -8.372458093675286], [179.10790908230638, -8.37274500287726], [179.10796976078186, -8.372824150206107], [179.10813157000288, -8.372843937035793]], [[179.12573802903066, -8.357498948747407], [179.12581892991213, -8.357469267333617], [179.12585938034653, -8.357291178803306], [179.12567735335836, -8.357014152038962], [179.12551555151893, -8.35693500149871], [179.12533352436824, -8.35693500149871], [179.12499980770178, -8.357014152038962], [179.12493913191318, -8.35722192213068], [179.12497958244, -8.357350541655734], [179.1251211592503, -8.357528630158921], [179.12524251076067, -8.357558311568246], [179.12541442533472, -8.357459373528457], [179.12555600198513, -8.35744947972313], [179.12573802903066, -8.357498948747407]]], [[[179.24149998683097, -8.385220401854527], [179.24315795626916, -8.383241776853882], [179.2443104430702, -8.382717439540805], [179.24569544463597, -8.382796584840904], [179.24631212258413, -8.383024127488984], [179.2473736151316, -8.383904617350808], [179.24850587066808, -8.386951690468084], [179.24947637280064, -8.38876211545424], [179.2503558882751, -8.391235359997516], [179.25088157473945, -8.393490945290667], [179.2508613560424, -8.396053195145022], [179.2512556204468, -8.397982291018714], [179.25175097772416, -8.399396955232046], [179.25200371078694, -8.40116775141932], [179.25237775541981, -8.402711008544058], [179.2523575368002, -8.403739843216151], [179.25208458533254, -8.404857708564068], [179.25177119637522, -8.405154486433762], [179.25095234017107, -8.405253412339787], [179.25008293540876, -8.404877493762472], [179.2495067009534, -8.404066299801318], [179.24929440383448, -8.402997895409733], [179.2489810126385, -8.400603867476917], [179.24836433890553, -8.398734141172755], [179.2480913846473, -8.394707768758437], [179.24693890900875, -8.39169043527821], [179.24606949531096, -8.390325207836666], [179.24434077162425, -8.389296337608796], [179.242874888815, -8.38876211545424], [179.2420357947979, -8.387307840312152], [179.24149998683097, -8.385220401854527]], [[179.2504569818809, -8.400425798693272], [179.24978976359913, -8.399980626376628], [179.24972910733518, -8.399852020945593], [179.249658341682, -8.399832235490898], [179.24966845106178, -8.400069660880808], [179.25004249793085, -8.400851185096405], [179.25025479464315, -8.401019360987634], [179.2506086222405, -8.401157858725675], [179.2505884035293, -8.400742365363262], [179.2504569818809, -8.400425798693272]]], [[[179.21278769018284, -8.398605535328642], [179.21167555158556, -8.398556071531072], [179.2109880461345, -8.398170253693753], [179.21085661113042, -8.397606365395466], [179.21130146788798, -8.396676442552579], [179.21177665522586, -8.396241158754252], [179.21235294547347, -8.396270837210585], [179.21282813152646, -8.39665665693602], [179.21306066917055, -8.397082047470809], [179.21363695751535, -8.397774542693009], [179.21397059774577, -8.398387894572206], [179.21388971529194, -8.398714355661026], [179.2134549718145, -8.398941888984814], [179.21278769018284, -8.398605535328642]]], [[[179.20765160535467, -8.393639338600693], [179.20806613440348, -8.393045765020464], [179.20899629553818, -8.392531333850403], [179.20972424617793, -8.391640970599614], [179.20972424617793, -8.391294717673082], [179.20947148569365, -8.390651675704865], [179.20967369409422, -8.389771201129497], [179.2102702082632, -8.389306230604696], [179.21083639035663, -8.389513983461127], [179.2116148893888, -8.389513983461127], [179.2124742696273, -8.389128156639329], [179.21236305582107, -8.391779471683815], [179.21188786919978, -8.393896553536967], [179.21140257162548, -8.394242804143703], [179.20970402534525, -8.394974875838475], [179.20820768080668, -8.394836375893982], [179.20757072158625, -8.394361518566342], [179.20765160535467, -8.393639338600693]]], [[[179.21501195783625, -8.393777838972182], [179.21457721561322, -8.393866874899164], [179.21405148018272, -8.393560195509057], [179.21370772970934, -8.393144694013522], [179.21362684720089, -8.392125724178186], [179.21379872251129, -8.391393647112157], [179.21403125957508, -8.390958357391725], [179.21438512005756, -8.390889106709407], [179.214587325903, -8.390978143298707], [179.21521416335582, -8.392293903849783], [179.2156084638167, -8.392590691327896], [179.2157500074744, -8.393006193416225], [179.21578033825148, -8.39319415850061], [179.2155680227622, -8.393481052401317], [179.21501195783625, -8.393777838972182]]], [[[179.23515111187763, -8.384666387869473], [179.23393793929603, -8.385299546645074], [179.23153180250603, -8.384537777367182], [179.22971202532, -8.384616922296683], [179.22783157996577, -8.385527087828102], [179.22708344326864, -8.387654096792025], [179.22656783470856, -8.390869320797922], [179.22628475520887, -8.392007009072021], [179.22590057555885, -8.392462083448546], [179.22490979471237, -8.392551119677247], [179.22289789523688, -8.391007822157228], [179.22060290173445, -8.390157027312666], [179.21975364960758, -8.38975141516103], [179.21814613157935, -8.388010245992286], [179.21712500032632, -8.38778270626313], [179.2162555201172, -8.387881636596523], [179.2157095664346, -8.387743134122674], [179.2155680227622, -8.387396877722137], [179.21591177159158, -8.386832973780864], [179.21705422875405, -8.386071207508317], [179.21897516686337, -8.384231090613023], [179.22151281267136, -8.38294498223518], [179.2241414323205, -8.380224354341559], [179.22709355323357, -8.37880962031541], [179.22920653014896, -8.378097304732348], [179.23098587024248, -8.378057731606125], [179.23237091912375, -8.377849972627622], [179.23334146139237, -8.377988478625614], [179.23397837844294, -8.377988478625614], [179.23473661167014, -8.378295170302941], [179.23619241533288, -8.37974947915826], [179.23666757229628, -8.380857520350736], [179.23658669455617, -8.38223267422609], [179.23609131803192, -8.38349899867341], [179.23515111187763, -8.384666387869473]], [[179.22032992803864, -8.386189924428276], [179.21987497145344, -8.386397678950809], [179.2198042003813, -8.38655596803635], [179.21982442068892, -8.386635112554934], [179.22004684400366, -8.386862652956092], [179.2209365359916, -8.38705062101305], [179.22171501481293, -8.387426556854312], [179.22181611584432, -8.3874166638105], [179.22210930868695, -8.387584845520731], [179.2226754735512, -8.38778270626313], [179.2229888858899, -8.387851957499118], [179.22352471930392, -8.387772813228388], [179.2240302218487, -8.387555166400693], [179.22426275279895, -8.387337519451084], [179.22450539364246, -8.387001155743759], [179.2246671541208, -8.386417465090036], [179.22491990473372, -8.385804094305977], [179.22504122496966, -8.385081898432261], [179.2250513349876, -8.384686174096839], [179.22494012477566, -8.384537777367182], [179.2246570440929, -8.384458632421525], [179.22338317847377, -8.384666387869473], [179.22324163759217, -8.384715853435965], [179.22317086713207, -8.38480489143976], [179.2229080053105, -8.384943394960723], [179.22214974906169, -8.38528965354713], [179.2217655653319, -8.385536980920003], [179.22105785746876, -8.385764521964079], [179.22032992803864, -8.386189924428276]]], [[[179.21693290602875, -8.381164209765823], [179.21594210235602, -8.38176769468294], [179.21536581742654, -8.381955665203465], [179.21480975221158, -8.381985344751058], [179.21447611270102, -8.38171822874132], [179.2142840170954, -8.38127303498405], [179.21468842878627, -8.380362859494134], [179.215355707157, -8.379630760271853], [179.21613419714285, -8.379027272038995], [179.21657904786386, -8.379017378781423], [179.2169733469414, -8.379195457378316], [179.21720588210744, -8.379472468366917], [179.21733731496596, -8.379868198008435], [179.21736764561925, -8.380214461114509], [179.21720588210744, -8.380788267868693], [179.21693290602875, -8.381164209765823]]], [[[179.20548795875217, -8.380184781431755], [179.2047397790864, -8.380184781431755], [179.20428480426082, -8.379977023589307], [179.20393093458364, -8.37942300213341], [179.20387027117806, -8.378562288663543], [179.2040118191097, -8.37824570391972], [179.20437579926855, -8.378117091293964], [179.2051644217762, -8.378136877854525], [179.20581149545876, -8.378483142501745], [179.2060238162761, -8.378690901142129], [179.20636757354382, -8.379155884363794], [179.2064585680638, -8.379403215638256], [179.20639790505285, -8.379709906200162], [179.20616536342314, -8.379967130355908], [179.20548795875217, -8.380184781431755]]], [[[179.21051285783275, -8.376781496128372], [179.21047241624836, -8.377523494008628], [179.21029042906645, -8.378057731606125], [179.20986579197736, -8.378354529954471], [179.20866265103933, -8.37806762488806], [179.20720674442018, -8.378087411451178], [179.2056699481828, -8.377968692057497], [179.20523519551273, -8.377434454337688], [179.20430502537548, -8.376455016612804], [179.20255589506405, -8.375455789726658], [179.2019593690527, -8.375238136005162], [179.19905761080958, -8.374852295018025], [179.1976522218448, -8.37403114497706], [179.1968130303247, -8.373269353631054], [179.19651981840204, -8.372646068693575], [179.19611538780043, -8.370855355622956], [179.19629738162328, -8.36991547530126], [179.19709613128128, -8.368085175533514], [179.19763200038372, -8.367155182085888], [179.19794543291212, -8.366977097980925], [179.1985520757966, -8.366888055897942], [179.19889583967705, -8.366947417288854], [179.19959347720467, -8.367313478999753], [179.20004845752564, -8.367837837067373], [179.2010898549205, -8.36960877702119], [179.20286932361813, -8.371577577907653], [179.20432524648913, -8.373002231637178], [179.20654956256243, -8.374080611896051], [179.20856154658924, -8.37446645364829], [179.2096635836767, -8.375099629028169], [179.21009833139314, -8.375534936504238], [179.21051285783275, -8.376781496128372]]], [[[179.18805702018633, -8.376514376545074], [179.18778402362145, -8.376356083372192], [179.18784468954138, -8.37588120346708], [179.1893916672927, -8.375040268880053], [179.19051398062257, -8.374872081744572], [179.19076675344698, -8.374961122001828], [179.1908880843442, -8.375119415742185], [179.19080719708361, -8.37552504315794], [179.19046342603792, -8.375950456822666], [179.18909844976156, -8.376326403395096], [179.18805702018633, -8.376514376545074]]], [[[179.1415942771401, -8.37052887113678], [179.14194820380786, -8.373417754659549], [179.1416650624996, -8.374446666901058], [179.14119990132775, -8.374971015362462], [179.14036058735914, -8.375149095811288], [179.13986508789364, -8.375099629028169], [179.13948082256368, -8.374476347021494], [179.1393797000448, -8.37309127232218], [179.1395414960623, -8.372428413400963], [179.13991564909276, -8.371854594318897], [179.1402392406101, -8.370845462157721], [179.1402898017602, -8.370044090637192], [179.1401785672213, -8.368045601389476], [179.13993587357055, -8.366927630159534], [179.14000665923447, -8.366779226657727], [179.14036058735914, -8.366620929526782], [179.1407246273771, -8.366799013794564], [179.14111900367539, -8.367362946772113], [179.1414223697843, -8.368164323809518], [179.14158416494482, -8.368817296472802], [179.1415942771401, -8.37052887113678]]], [[[179.1742249522723, -8.34035260937688], [179.1772785652996, -8.340332820898892], [179.18004904105564, -8.341074888138687], [179.1816870502482, -8.341797165565449], [179.18257683011714, -8.342875632114973], [179.1849124925536, -8.346576035990992], [179.1856910435714, -8.347436820101677], [179.18779413460877, -8.349940009088785], [179.1906858661611, -8.352660848477614], [179.1930113689026, -8.355035383714776], [179.19498297987394, -8.357459373528457], [179.1964490430772, -8.360041648144257], [179.1973286783411, -8.361723580267528], [179.19750056086104, -8.363712208297398], [179.19749045012668, -8.365196252454048], [179.1964591538387, -8.36670997167087], [179.1947302097964, -8.369470268041352], [179.19281926268258, -8.371884274636987], [179.1928597061052, -8.372092036800268], [179.19310236655258, -8.37199310245061], [179.19334502684816, -8.371686405807012], [179.1936989061738, -8.371636938583793], [179.193830346984, -8.371775446792931], [179.19375957116867, -8.372092036800268], [179.19300125805128, -8.373457328257562], [179.19235416301916, -8.374011358207728], [179.19209128035408, -8.373942104507089], [179.1919901715893, -8.373724449939134], [179.19200028246695, -8.373239673418572], [179.19187895191763, -8.373120952545985], [179.19101952610671, -8.373457328257562], [179.19077686435654, -8.373358394254952], [179.1906858661611, -8.373130845953424], [179.1911105242239, -8.372923084344539], [179.19116107872418, -8.372774683127489], [179.1909285279682, -8.371805127117078], [179.19084764071604, -8.370172705930594], [179.1913835184473, -8.36824347206944], [179.19235416301916, -8.366749545950553], [179.19238449562292, -8.365690932583574], [179.19218227821986, -8.364869763224506], [179.19194972807603, -8.364226677578404], [179.19201039334436, -8.36326699394834], [179.1926878215299, -8.362346882682017], [179.19279904096967, -8.36185219830767], [179.19276870839835, -8.360843040237441], [179.19259682378268, -8.360318672757808], [179.1922934978046, -8.359952604476646], [179.19194972807603, -8.35973494209244], [179.1914138511269, -8.359210573122551], [179.19116107872418, -8.358171726854549], [179.19041287144665, -8.35712298400555], [179.18921978118064, -8.356479885580692], [179.18812779704217, -8.354629734968617], [179.1863684827953, -8.35253222740639], [179.18558993313798, -8.351997954810553], [179.18355760783288, -8.351839651678718], [179.18150504956876, -8.352552015266246], [179.17932103474706, -8.352443182024524], [179.17742012293542, -8.351433999610368], [179.17646966353092, -8.350533648391272], [179.17605510071962, -8.350286298791637], [179.175549535715, -8.350474284501665], [179.17484174359944, -8.351137180756604], [179.17350704637542, -8.351651666626314], [179.17137354352815, -8.35101845315194], [179.1694321468309, -8.35089972551112], [179.1685625597351, -8.350761209884546], [179.16669192970676, -8.352383818425327], [179.16502352231956, -8.353422680107252], [179.16456850087397, -8.354045995788827], [179.16484151380556, -8.354847400201901], [179.16484151380556, -8.355421244325797], [179.16463928202288, -8.355658696819834], [179.1641337021035, -8.355797210707943], [179.16337533098502, -8.355431138182634], [179.1630719821212, -8.355480607462871], [179.16251584191937, -8.356064344496104], [179.16248550697625, -8.356539248556588], [179.1630012006854, -8.357291178803306], [179.16327421472354, -8.357904594509748], [179.1627382980961, -8.358844503801043], [179.1617372442928, -8.359725048344847], [179.16100920353506, -8.36012079805391], [179.15951267100456, -8.360368141418078], [179.1585722793553, -8.359962498218513], [179.15722741420305, -8.358745566087592], [179.1557713143245, -8.358607053246585], [179.15371860864602, -8.358211302001225], [179.15291976949732, -8.357696824781746], [179.1528085385987, -8.356865744762842], [179.1529298813956, -8.356183070565386], [179.15337480465794, -8.355757635316337], [179.1542747615082, -8.355312411884402], [179.15592299165127, -8.354837506330318], [179.15842060306855, -8.35397673854001], [179.16009915065962, -8.353313847108373], [179.16338544260972, -8.35104813505649], [179.1665301450631, -8.349128700582105], [179.1683603298978, -8.346793705715461], [179.17075674667473, -8.342875632114973], [179.17300147804346, -8.34075827295539], [179.1742249522723, -8.34035260937688]], [[179.19373934950477, -8.365799762127788], [179.19360790866372, -8.366462632331515], [179.19359779782795, -8.36729369188902], [179.19375957116867, -8.368629319606217], [179.19387079030122, -8.368945912171393], [179.1942246691474, -8.369005273248701], [179.19452799361585, -8.368807402955799], [179.19469987737602, -8.368500703803074], [179.19507397706158, -8.367511350051613], [179.19508408785887, -8.367155182085888], [179.1949223150704, -8.366828694497908], [179.19486165025728, -8.366116356992633], [179.1946695449533, -8.365819549314397], [179.1943257773299, -8.365809655721213], [179.19403256352808, -8.365611783805068], [179.19373934950477, -8.365799762127788]], [[179.17448784705647, -8.345121603354873], [179.1745687377234, -8.34523043863757], [179.17479118697028, -8.345329379777331], [179.17508441532766, -8.345091920999778], [179.17517541718655, -8.344933615067857], [179.17514508323598, -8.34468626192081], [179.1748518549245, -8.344280602420547], [179.1746698510333, -8.343904624946585], [179.17423506361345, -8.343508858793625], [179.17397216865766, -8.34316256308087], [179.1737193848779, -8.342944891332934], [179.173395821399, -8.34288552628969], [179.1731127031331, -8.34290531463846], [179.17285991879217, -8.343004256367132], [179.17268802534602, -8.343152668913165], [179.17257680013432, -8.343449493836115], [179.17262735705268, -8.343746318533537], [179.17288014154553, -8.344231131720996], [179.17305203490633, -8.34441912034604], [179.17330481912185, -8.344597214749513], [179.17370927352331, -8.3446961560497], [179.17388116651597, -8.344646685402742], [179.1739822800054, -8.344547744090049], [179.17403283674022, -8.344260814141482], [179.17427550897543, -8.344330073113879], [179.17431595433317, -8.344369649664031], [179.17432606567195, -8.344597214749513], [179.17448784705647, -8.345121603354873]]], [[[179.1489255489653, -8.358033213809758], [179.14789412327926, -8.358300346066407], [179.1470851600283, -8.358745566087592], [179.14642787613832, -8.359942710734536], [179.14544700425142, -8.360378035149411], [179.14445601775122, -8.361317938478248], [179.1440110842089, -8.3620995405733], [179.1440110842089, -8.36315816369677], [179.14424366317004, -8.363642952765396], [179.14410209338433, -8.364206890310909], [179.14372794441482, -8.36487965684153], [179.14355603800988, -8.365324869348132], [179.14394029927988, -8.365552422210614], [179.144162766156, -8.366126250578029], [179.14393018714608, -8.36638348370976], [179.14312121558493, -8.366660503815522], [179.14199876473384, -8.366789120226253], [179.1416145015299, -8.366462632331515], [179.14168528688566, -8.365918485232259], [179.14215044747218, -8.365601890206593], [179.14258527099142, -8.365591996607915], [179.1426358318339, -8.36547327340398], [179.14236280320557, -8.365166571626306], [179.1411796769163, -8.364483911964177], [179.14012800605664, -8.364592741845517], [179.1395414960623, -8.36430582663825], [179.13884375025194, -8.364068379410423], [179.13845948390417, -8.363454973402165], [179.13756960247056, -8.360407716341784], [179.13740780562557, -8.358696097221475], [179.13782240990489, -8.357894700715706], [179.1392785774994, -8.35628200892893], [179.14011789382292, -8.35608413217683], [179.14191786724905, -8.356064344496104], [179.14406164486456, -8.355668590670616], [179.14591216030243, -8.355074959179623], [179.14800535559368, -8.35570816607124], [179.14890532495875, -8.356301796598602], [179.1491884609543, -8.35692510768005], [179.1490974529784, -8.357489054943049], [179.1489255489653, -8.358033213809758]]]]}}]}