{"type": "FeatureCollection", "features": [{"type": "Feature", "properties": {"name": "鹽埕區", "admin_level": 7}, "geometry": {"type": "MultiPolygon", "coordinates": [[[[120.2770609, 22.6229969], [120.276986, 22.6227753], [120.2769849, 22.6225802], [120.2771288, 22.6221896], [120.2774073, 22.6218199], [120.2776099, 22.62152], [120.2784115, 22.6211576], [120.2791815, 22.620825], [120.2788411, 22.6202229], [120.2801149, 22.619681], [120.284149, 22.6178085], [120.2856946, 22.6170911], [120.290219, 22.6149909], [120.2902167, 22.615674], [120.2902147, 22.6162961], [120.2902042, 22.6194605], [120.2902, 22.6207125], [120.2900703, 22.6219682], [120.2899445, 22.6231864], [120.289873, 22.6234319], [120.2897694, 22.6237873], [120.2895162, 22.6245125], [120.289447, 22.6247106], [120.2893048, 22.6250587], [120.2891008, 22.6255582], [120.2886192, 22.6264775], [120.2883918, 22.626843], [120.2875845, 22.628141], [120.2871428, 22.6290444], [120.2866314, 22.6301512], [120.2862543, 22.6309673], [120.285951, 22.6317235], [120.2854891, 22.6330955], [120.2852854, 22.6340101], [120.2852372, 22.6342825], [120.2851637, 22.6346975], [120.2848394, 22.634592], [120.2842502, 22.6341989], [120.2840362, 22.6339997], [120.2833173, 22.6331473], [120.2828255, 22.632407], [120.2818251, 22.6309397], [120.2811613, 22.6299738], [120.2806063, 22.6291355], [120.279619, 22.6279234], [120.2790734, 22.6271011], [120.2784061, 22.6261246], [120.2774411, 22.6244717], [120.2772142, 22.623869], [120.2770609, 22.6229969]]]]}}, {"type": "Feature", "properties": {"name": "鼓山區", "admin_level": 7}, "geometry": {"type": "MultiPolygon", "coordinates": [[[[120.2515551, 22.6480093], [120.2514122, 22.6478545], [120.2512775, 22.6471979], [120.2514132, 22.6467615], [120.2513847, 22.6462554], [120.2517357, 22.6451668], [120.2518127, 22.6450498], [120.2521008, 22.6446119], [120.2521791, 22.6442564], [120.2522584, 22.643999], [120.2523563, 22.6438135], [120.2524546, 22.643638], [120.2527012, 22.6431801], [120.2529111, 22.6431457], [120.2532599, 22.6426637], [120.2533521, 22.6422721], [120.2534859, 22.6420514], [120.2538617, 22.6413683], [120.25403, 22.6408656], [120.2539799, 22.64053], [120.2540515, 22.6404054], [120.2544121, 22.6400801], [120.2550081, 22.6398592], [120.2554001, 22.6392701], [120.2555389, 22.6389768], [120.2555085, 22.6386384], [120.2554678, 22.6382002], [120.255775, 22.6375737], [120.2558058, 22.6370283], [120.2559983, 22.6366697], [120.2560601, 22.6362799], [120.25625, 22.63611], [120.2565445, 22.63593], [120.2570154, 22.6358537], [120.2571511, 22.6354664], [120.2573049, 22.6351691], [120.25812, 22.6348201], [120.2584249, 22.6345656], [120.25883, 22.63419], [120.2592245, 22.633913], [120.2594149, 22.6335326], [120.25968, 22.63291], [120.2597387, 22.6325857], [120.2598964, 22.6318418], [120.2600917, 22.6311671], [120.2601084, 22.630952], [120.260046, 22.6307035], [120.2606425, 22.6307545], [120.2611057, 22.6305731], [120.2615367, 22.6302033], [120.2616847, 22.6297901], [120.2624101, 22.6283736], [120.26279, 22.627778], [120.2629328, 22.6273665], [120.2630227, 22.626493], [120.2629049, 22.6254027], [120.2627214, 22.6247258], [120.2624733, 22.6244334], [120.2622923, 22.6242673], [120.2622141, 22.6241998], [120.2620328, 22.6241636], [120.2618846, 22.6241059], [120.2616226, 22.6241166], [120.2614734, 22.6241051], [120.2616236, 22.623704], [120.2619383, 22.6233869], [120.2618754, 22.6233526], [120.260102, 22.6225263], [120.2566964, 22.6209317], [120.2559041, 22.6207126], [120.2552886, 22.6205143], [120.2548048, 22.6202139], [120.2577726, 22.6192473], [120.2640006, 22.6173077], [120.2701428, 22.6152129], [120.2721005, 22.6144904], [120.273378, 22.6139171], [120.274867, 22.6130529], [120.2764412, 22.6119862], [120.2776218, 22.6110852], [120.2813215, 22.6143554], [120.288703, 22.6116939], [120.290219, 22.6149909], [120.2856946, 22.6170911], [120.284149, 22.6178085], [120.2801149, 22.619681], [120.2788411, 22.6202229], [120.2791815, 22.620825], [120.2784115, 22.6211576], [120.2776099, 22.62152], [120.2774073, 22.6218199], [120.2771288, 22.6221896], [120.2769849, 22.6225802], [120.276986, 22.6227753], [120.2770609, 22.6229969], [120.2772142, 22.623869], [120.2774411, 22.6244717], [120.2784061, 22.6261246], [120.2790734, 22.6271011], [120.279619, 22.6279234], [120.2806063, 22.6291355], [120.2811613, 22.6299738], [120.2818251, 22.6309397], [120.2828255, 22.632407], [120.2833173, 22.6331473], [120.2840362, 22.6339997], [120.2842502, 22.6341989], [120.2848394, 22.634592], [120.2851637, 22.6346975], [120.2851556, 22.6352767], [120.2850273, 22.6364636], [120.2849893, 22.6366488], [120.2848126, 22.6375086], [120.2845156, 22.6385793], [120.2842896, 22.6391698], [120.283881, 22.6399673], [120.2834462, 22.6406644], [120.2831464, 22.6410186], [120.2823331, 22.6422413], [120.2819092, 22.6431197], [120.2818443, 22.6432686], [120.2817221, 22.6436772], [120.2817488, 22.6443876], [120.2818748, 22.6449566], [120.2820772, 22.6454836], [120.2824858, 22.6460717], [120.2828295, 22.6464994], [120.2842503, 22.647687], [120.2844696, 22.6478703], [120.2848307, 22.6481721], [120.2865254, 22.6498037], [120.2868817, 22.6500767], [120.2872875, 22.6502796], [120.2876257, 22.6503751], [120.2880554, 22.6503911], [120.2884692, 22.6503354], [120.289297, 22.6499925], [120.2896987, 22.6498261], [120.2904177, 22.6496696], [120.2911032, 22.6495546], [120.2919424, 22.6494858], [120.292637, 22.6495254], [120.2926551, 22.6495264], [120.2926981, 22.6495397], [120.2927858, 22.6495669], [120.2929196, 22.6496083], [120.2932214, 22.6497611], [120.2940058, 22.6503234], [120.2943892, 22.6507031], [120.2948857, 22.6513303], [120.2953386, 22.6518753], [120.2955175, 22.6520242], [120.2958021, 22.6521593], [120.2962887, 22.6522672], [120.296575, 22.6522736], [120.2969646, 22.6522257], [120.2974188, 22.6521247], [120.2977138, 22.6520202], [120.2981629, 22.6517985], [120.2986354, 22.651486], [120.2986873, 22.6514517], [120.298913, 22.6514099], [120.2991419, 22.6513657], [120.2991754, 22.6513613], [120.2992249, 22.6513688], [120.299572, 22.6514396], [120.3001025, 22.6516078], [120.3003225, 22.6517072], [120.3006895, 22.6518731], [120.3010992, 22.6521294], [120.3013686, 22.6523492], [120.3021678, 22.6529743], [120.3023588, 22.6530583], [120.3027065, 22.6531367], [120.3032943, 22.6531906], [120.3037241, 22.6531587], [120.305082, 22.6530578], [120.3055322, 22.6530739], [120.3061302, 22.6531789], [120.3061371, 22.6531801], [120.306435, 22.6532863], [120.3065636, 22.653362], [120.3067212, 22.6534549], [120.3075119, 22.6541084], [120.3079989, 22.6544652], [120.308147, 22.6545737], [120.3082985, 22.654598], [120.3086406, 22.654653], [120.308753, 22.654671], [120.3087146, 22.6547827], [120.3086454, 22.6549241], [120.3086899, 22.6553925], [120.3087944, 22.6566904], [120.3085041, 22.6567391], [120.3078485, 22.6568497], [120.3071506, 22.6569555], [120.306891, 22.6569697], [120.306626, 22.6569759], [120.3063464, 22.6569518], [120.3054735, 22.6567686], [120.3032808, 22.6562382], [120.3031398, 22.6571487], [120.3031203, 22.6584124], [120.3032064, 22.6601609], [120.3031376, 22.6612064], [120.3032048, 22.6623208], [120.303317, 22.6657662], [120.2997206, 22.6658646], [120.2990881, 22.6661626], [120.2988218, 22.6663173], [120.2986146, 22.6665225], [120.29837, 22.6667229], [120.2981953, 22.6668436], [120.2978886, 22.6670657], [120.2978221, 22.6671666], [120.2977634, 22.6676837], [120.2977646, 22.667896], [120.2977189, 22.6680095], [120.2958606, 22.669663], [120.2955696, 22.669957], [120.2947721, 22.6710652], [120.2942111, 22.6718447], [120.2937536, 22.6723736], [120.2936432, 22.6724756], [120.2934013, 22.672593], [120.2931111, 22.6726779], [120.2930098, 22.6726907], [120.2929572, 22.6726853], [120.2924019, 22.6721398], [120.2907554, 22.6704381], [120.290111, 22.6697444], [120.2895468, 22.6690097], [120.2892287, 22.668612], [120.2885435, 22.6676634], [120.2872098, 22.668532], [120.2869315, 22.668763], [120.2867436, 22.6689742], [120.2865981, 22.6693557], [120.2866096, 22.670056], [120.2865912, 22.6705595], [120.2858488, 22.6709112], [120.2854365, 22.6710633], [120.285116, 22.6711324], [120.2847138, 22.6713851], [120.2845001, 22.6714416], [120.2837862, 22.6714605], [120.2830365, 22.6714061], [120.2828473, 22.6714093], [120.2819204, 22.6713926], [120.2818183, 22.6714083], [120.2816805, 22.671465], [120.2815894, 22.6715399], [120.2813919, 22.6716976], [120.2811958, 22.6718622], [120.2810047, 22.6720252], [120.2808074, 22.6721829], [120.2804892, 22.672454], [120.2800329, 22.6728164], [120.2796152, 22.673149], [120.2795423, 22.6732334], [120.2792151, 22.6734867], [120.278779, 22.6738068], [120.2786388, 22.6739099], [120.2784636, 22.6740039], [120.2780771, 22.6741004], [120.2779364, 22.6741209], [120.2775923, 22.6741502], [120.2773919, 22.6741395], [120.2771659, 22.6741171], [120.27707, 22.6740996], [120.2768202, 22.6740525], [120.2767453, 22.6740301], [120.2764325, 22.6739359], [120.2762028, 22.6738592], [120.2760114, 22.6738212], [120.2758229, 22.6738023], [120.2757418, 22.673807], [120.2756562, 22.6738182], [120.2755789, 22.6738448], [120.275504, 22.673863], [120.2751564, 22.673923], [120.2750274, 22.673945], [120.2748261, 22.6739447], [120.2746281, 22.6739329], [120.2745124, 22.6739522], [120.2743096, 22.6740111], [120.2741116, 22.6740488], [120.2739606, 22.6740738], [120.2738489, 22.6740786], [120.2737628, 22.6740657], [120.2734535, 22.6739086], [120.2733189, 22.6738113], [120.2732527, 22.673781], [120.2731432, 22.6736955], [120.2729164, 22.6735288], [120.2724968, 22.6732322], [120.2723628, 22.6731783], [120.2722348, 22.6731439], [120.2720291, 22.6731149], [120.2715942, 22.6730924], [120.2713981, 22.6731073], [120.2711887, 22.6731118], [120.270989, 22.6731077], [120.2707433, 22.6730959], [120.270663, 22.6730875], [120.2704857, 22.6730579], [120.2703094, 22.6730236], [120.2702132, 22.6730074], [120.2700123, 22.6729698], [120.2698329, 22.6729233], [120.2696479, 22.6728547], [120.2693435, 22.6727636], [120.2690214, 22.6727175], [120.2688048, 22.6727169], [120.2686875, 22.6727299], [120.2684829, 22.6727476], [120.2681712, 22.672759], [120.2679502, 22.672764], [120.2678471, 22.6727317], [120.2677424, 22.6726878], [120.267547, 22.6726337], [120.2673489, 22.6725732], [120.2671285, 22.6725266], [120.2669663, 22.6725065], [120.2668213, 22.6725033], [120.2667054, 22.6724586], [120.2665848, 22.672407], [120.2662246, 22.6722908], [120.2660925, 22.6722251], [120.2659534, 22.6721649], [120.2658014, 22.6721012], [120.2657168, 22.6720705], [120.2655953, 22.6720356], [120.2654859, 22.6720128], [120.2653579, 22.6719984], [120.2652203, 22.6719472], [120.2650256, 22.6718747], [120.2648841, 22.6718248], [120.2647459, 22.6717861], [120.264409, 22.6716959], [120.264245, 22.6716748], [120.2640659, 22.6716516], [120.2639433, 22.671607], [120.2638326, 22.6715628], [120.263701, 22.6714976], [120.263535, 22.6713839], [120.2634226, 22.6713265], [120.2633477, 22.6712662], [120.2632762, 22.6712152], [120.2631584, 22.6711488], [120.2630411, 22.6710698], [120.2629444, 22.6709931], [120.2628559, 22.670919], [120.2626703, 22.6707706], [120.2624861, 22.6706415], [120.2623011, 22.6705229], [120.2622577, 22.6704895], [120.2621445, 22.6704185], [120.261841, 22.6702423], [120.2616714, 22.670142], [120.2614164, 22.6699537], [120.2611639, 22.6697134], [120.2611331, 22.6696384], [120.2610542, 22.6694984], [120.2609427, 22.6693342], [120.2608308, 22.6691764], [120.2607227, 22.669027], [120.2606129, 22.6688786], [120.2605855, 22.6688196], [120.2605079, 22.6687106], [120.2604795, 22.6686263], [120.2604593, 22.6685189], [120.2603625, 22.6683982], [120.2602963, 22.6683252], [120.2601974, 22.6682317], [120.2600494, 22.6681497], [120.2598679, 22.668054], [120.2596823, 22.6679518], [120.2595154, 22.6678605], [120.2594156, 22.6678311], [120.2593263, 22.667825], [120.259197, 22.6677912], [120.2590974, 22.6677441], [120.2589637, 22.6676423], [120.2588183, 22.6675187], [120.2587064, 22.6674615], [120.2585952, 22.6674223], [120.2585253, 22.6674237], [120.25839, 22.6674544], [120.2583163, 22.6674767], [120.258196, 22.6675325], [120.2580454, 22.6675812], [120.2578334, 22.6676817], [120.2576164, 22.6678695], [120.257552, 22.66801], [120.2575373, 22.6681246], [120.2575336, 22.6682467], [120.2575285, 22.6684878], [120.2575111, 22.668666], [120.2574927, 22.6688537], [120.256856, 22.6687373], [120.2563901, 22.6684462], [120.2561703, 22.6682177], [120.2555921, 22.6671525], [120.2549889, 22.6665678], [120.25465, 22.6662713], [120.2544456, 22.6661773], [120.2543829, 22.6660008], [120.2538044, 22.665575], [120.2533162, 22.6653247], [120.252697, 22.6655774], [120.2525947, 22.6657378], [120.2520896, 22.6657347], [120.2519362, 22.6656688], [120.2518783, 22.6655114], [120.2515441, 22.665076], [120.2510281, 22.6642199], [120.25088, 22.6640961], [120.2508653, 22.6639804], [120.250766, 22.6630157], [120.2507182, 22.6628448], [120.2509441, 22.6623247], [120.2511853, 22.6619807], [120.25135, 22.66158], [120.2513828, 22.6614236], [120.2516115, 22.6609232], [120.2516243, 22.6605472], [120.2513319, 22.6601716], [120.251168, 22.6597054], [120.2508968, 22.6585668], [120.2508586, 22.6580709], [120.2505544, 22.6571492], [120.2504851, 22.6568476], [120.2503329, 22.6565398], [120.2503685, 22.6562945], [120.2506386, 22.6559268], [120.2508483, 22.6555333], [120.2508093, 22.655106], [120.2506594, 22.6544004], [120.2506913, 22.653744], [120.2508303, 22.653451], [120.2508248, 22.6528301], [120.2503001, 22.6520401], [120.2501329, 22.6518292], [120.2502287, 22.651333], [120.2501801, 22.65076], [120.2502311, 22.6504666], [120.2502892, 22.6504674], [120.2503936, 22.6505495], [120.2504219, 22.6506031], [120.250437, 22.6506106], [120.2504554, 22.650604], [120.2504775, 22.6505816], [120.2504815, 22.6505281], [120.2504729, 22.650493], [120.2504849, 22.6504559], [120.2505144, 22.6504417], [120.2505264, 22.6504522], [120.2505378, 22.6504803], [120.250534, 22.6505172], [120.2505284, 22.6505598], [120.2506101, 22.6505431], [120.250682, 22.6505463], [120.2507799, 22.6505178], [120.2508611, 22.6503752], [120.2508363, 22.6503316], [120.2508351, 22.6503021], [120.2508542, 22.6502788], [120.2508947, 22.6502498], [120.2509428, 22.6501773], [120.2508823, 22.6501436], [120.2508781, 22.6500513], [120.2509493, 22.6500282], [120.2508686, 22.6498835], [120.2509062, 22.6498354], [120.2510207, 22.6498895], [120.2511312, 22.6497465], [120.2511801, 22.6494901], [120.2512919, 22.6490498], [120.2515551, 22.6480093]]]]}}, {"type": "Feature", "properties": {"name": "左營區", "admin_level": 7}, "geometry": {"type": "MultiPolygon", "coordinates": [[[[120.2575111, 22.668666], [120.2575285, 22.6684878], [120.2575336, 22.6682467], [120.2575373, 22.6681246], [120.257552, 22.66801], [120.2576164, 22.6678695], [120.2578334, 22.6676817], [120.2580454, 22.6675812], [120.258196, 22.6675325], [120.2583163, 22.6674767], [120.25839, 22.6674544], [120.2585253, 22.6674237], [120.2585952, 22.6674223], [120.2587064, 22.6674615], [120.2588183, 22.6675187], [120.2589637, 22.6676423], [120.2590974, 22.6677441], [120.259197, 22.6677912], [120.2593263, 22.667825], [120.2594156, 22.6678311], [120.2595154, 22.6678605], [120.2596823, 22.6679518], [120.2598679, 22.668054], [120.2600494, 22.6681497], [120.2601974, 22.6682317], [120.2602963, 22.6683252], [120.2603625, 22.6683982], [120.2604593, 22.6685189], [120.2604795, 22.6686263], [120.2605079, 22.6687106], [120.2605855, 22.6688196], [120.2606129, 22.6688786], [120.2607227, 22.669027], [120.2608308, 22.6691764], [120.2609427, 22.6693342], [120.2610542, 22.6694984], [120.2611331, 22.6696384], [120.2611639, 22.6697134], [120.2614164, 22.6699537], [120.2616714, 22.670142], [120.261841, 22.6702423], [120.2621445, 22.6704185], [120.2622577, 22.6704895], [120.2623011, 22.6705229], [120.2624861, 22.6706415], [120.2626703, 22.6707706], [120.2628559, 22.670919], [120.2629444, 22.6709931], [120.2630411, 22.6710698], [120.2631584, 22.6711488], [120.2632762, 22.6712152], [120.2633477, 22.6712662], [120.2634226, 22.6713265], [120.263535, 22.6713839], [120.263701, 22.6714976], [120.2638326, 22.6715628], [120.2639433, 22.671607], [120.2640659, 22.6716516], [120.264245, 22.6716748], [120.264409, 22.6716959], [120.2647459, 22.6717861], [120.2648841, 22.6718248], [120.2650256, 22.6718747], [120.2652203, 22.6719472], [120.2653579, 22.6719984], [120.2654859, 22.6720128], [120.2655953, 22.6720356], [120.2657168, 22.6720705], [120.2658014, 22.6721012], [120.2659534, 22.6721649], [120.2660925, 22.6722251], [120.2662246, 22.6722908], [120.2665848, 22.672407], [120.2667054, 22.6724586], [120.2668213, 22.6725033], [120.2669663, 22.6725065], [120.2671285, 22.6725266], [120.2673489, 22.6725732], [120.267547, 22.6726337], [120.2677424, 22.6726878], [120.2678471, 22.6727317], [120.2679502, 22.672764], [120.2681712, 22.672759], [120.2684829, 22.6727476], [120.2686875, 22.6727299], [120.2688048, 22.6727169], [120.2690214, 22.6727175], [120.2693435, 22.6727636], [120.2696479, 22.6728547], [120.2698329, 22.6729233], [120.2700123, 22.6729698], [120.2702132, 22.6730074], [120.2703094, 22.6730236], [120.2704857, 22.6730579], [120.270663, 22.6730875], [120.2707433, 22.6730959], [120.270989, 22.6731077], [120.2711887, 22.6731118], [120.2713981, 22.6731073], [120.2715942, 22.6730924], [120.2720291, 22.6731149], [120.2722348, 22.6731439], [120.2723628, 22.6731783], [120.2724968, 22.6732322], [120.2729164, 22.6735288], [120.2731432, 22.6736955], [120.2732527, 22.673781], [120.2733189, 22.6738113], [120.2734535, 22.6739086], [120.2737628, 22.6740657], [120.2738489, 22.6740786], [120.2739606, 22.6740738], [120.2741116, 22.6740488], [120.2743096, 22.6740111], [120.2745124, 22.6739522], [120.2746281, 22.6739329], [120.2748261, 22.6739447], [120.2750274, 22.673945], [120.2751564, 22.673923], [120.275504, 22.673863], [120.2755789, 22.6738448], [120.2756562, 22.6738182], [120.2757418, 22.673807], [120.2758229, 22.6738023], [120.2760114, 22.6738212], [120.2762028, 22.6738592], [120.2764325, 22.6739359], [120.2767453, 22.6740301], [120.2768202, 22.6740525], [120.27707, 22.6740996], [120.2771659, 22.6741171], [120.2773919, 22.6741395], [120.2775923, 22.6741502], [120.2779364, 22.6741209], [120.2780771, 22.6741004], [120.2784636, 22.6740039], [120.2786388, 22.6739099], [120.278779, 22.6738068], [120.2792151, 22.6734867], [120.2795423, 22.6732334], [120.2796152, 22.673149], [120.2800329, 22.6728164], [120.2804892, 22.672454], [120.2808074, 22.6721829], [120.2810047, 22.6720252], [120.2811958, 22.6718622], [120.2813919, 22.6716976], [120.2815894, 22.6715399], [120.2816805, 22.671465], [120.2818183, 22.6714083], [120.2819204, 22.6713926], [120.2828473, 22.6714093], [120.2830365, 22.6714061], [120.2837862, 22.6714605], [120.2845001, 22.6714416], [120.2847138, 22.6713851], [120.285116, 22.6711324], [120.2854365, 22.6710633], [120.2858488, 22.6709112], [120.2865912, 22.6705595], [120.2866096, 22.670056], [120.2865981, 22.6693557], [120.2867436, 22.6689742], [120.2869315, 22.668763], [120.2872098, 22.668532], [120.2885435, 22.6676634], [120.2892287, 22.668612], [120.2895468, 22.6690097], [120.290111, 22.6697444], [120.2907554, 22.6704381], [120.2924019, 22.6721398], [120.2929572, 22.6726853], [120.2930098, 22.6726907], [120.2931111, 22.6726779], [120.2934013, 22.672593], [120.2936432, 22.6724756], [120.2937536, 22.6723736], [120.2942111, 22.6718447], [120.2947721, 22.6710652], [120.2955696, 22.669957], [120.2958606, 22.669663], [120.2977189, 22.6680095], [120.2977646, 22.667896], [120.2977634, 22.6676837], [120.2978221, 22.6671666], [120.2978886, 22.6670657], [120.2981953, 22.6668436], [120.29837, 22.6667229], [120.2986146, 22.6665225], [120.2988218, 22.6663173], [120.2990881, 22.6661626], [120.2997206, 22.6658646], [120.303317, 22.6657662], [120.3032048, 22.6623208], [120.3031376, 22.6612064], [120.3032064, 22.6601609], [120.3031203, 22.6584124], [120.3031398, 22.6571487], [120.3032808, 22.6562382], [120.3054735, 22.6567686], [120.3063464, 22.6569518], [120.306626, 22.6569759], [120.306891, 22.6569697], [120.3071506, 22.6569555], [120.3078485, 22.6568497], [120.3085041, 22.6567391], [120.3087944, 22.6566904], [120.3086899, 22.6553925], [120.3086454, 22.6549241], [120.3087146, 22.6547827], [120.308753, 22.654671], [120.3097662, 22.6547631], [120.310229, 22.6547059], [120.3111103, 22.6549008], [120.3114004, 22.655056], [120.311659, 22.6552685], [120.3119962, 22.6555561], [120.3121959, 22.6558878], [120.3123079, 22.6561578], [120.3123652, 22.6564405], [120.3124373, 22.6572312], [120.3124003, 22.657985], [120.3122757, 22.6585888], [120.3118374, 22.6594046], [120.3116048, 22.6599341], [120.3112938, 22.6607548], [120.3110389, 22.6619362], [120.3110656, 22.662245], [120.3113313, 22.6628534], [120.3114225, 22.6630084], [120.3117256, 22.6635765], [120.3118253, 22.6637237], [120.3119477, 22.6638832], [120.3121162, 22.6640806], [120.3125389, 22.6645756], [120.3131385, 22.6652074], [120.3134422, 22.6655275], [120.3135098, 22.6656242], [120.3135736, 22.6657816], [120.3136675, 22.6660132], [120.3142586, 22.6667076], [120.3144501, 22.6669831], [120.3145251, 22.667091], [120.3146155, 22.6672937], [120.3146534, 22.6673788], [120.3147179, 22.6676283], [120.3147391, 22.6677104], [120.3147522, 22.6679981], [120.3146881, 22.6685919], [120.3146737, 22.6687257], [120.3147139, 22.6688546], [120.3147573, 22.6690191], [120.3151846, 22.669312], [120.3152225, 22.6693186], [120.3155992, 22.6693751], [120.3159151, 22.6694901], [120.3169563, 22.6694497], [120.3172868, 22.6694046], [120.3174709, 22.6694376], [120.3176071, 22.6695167], [120.3178087, 22.6699226], [120.3179887, 22.6702412], [120.3181863, 22.670736], [120.3183124, 22.6710008], [120.3184483, 22.6711957], [120.3185342, 22.6712601], [120.3187953, 22.6714407], [120.3189129, 22.6715726], [120.3194101, 22.6715492], [120.319499, 22.6715605], [120.3195895, 22.6716307], [120.3197008, 22.6719722], [120.3197093, 22.6721009], [120.3196596, 22.6723432], [120.3196825, 22.6726431], [120.3197615, 22.6728162], [120.3198798, 22.6732244], [120.3199396, 22.6733272], [120.3200605, 22.6735348], [120.3201625, 22.6740959], [120.3203251, 22.6744058], [120.3204675, 22.6745361], [120.3208451, 22.6746964], [120.3210054, 22.6748075], [120.3211162, 22.6749788], [120.3211657, 22.6751169], [120.3212704, 22.6752432], [120.3218848, 22.6757159], [120.3223707, 22.6762018], [120.3225592, 22.6765898], [120.3227608, 22.6769153], [120.3228539, 22.6770388], [120.3229694, 22.6771677], [120.3230636, 22.6772213], [120.3232844, 22.6772508], [120.3238451, 22.6772316], [120.3240871, 22.6773849], [120.3241574, 22.677814], [120.3243905, 22.6782864], [120.3244464, 22.6783347], [120.3246151, 22.6783721], [120.3248038, 22.6783161], [120.3249973, 22.6783926], [120.3250382, 22.6785677], [120.325039, 22.6786413], [120.3250766, 22.6787972], [120.3250739, 22.6789234], [120.3251212, 22.6790611], [120.3251885, 22.6794443], [120.3252503, 22.6796699], [120.3253136, 22.6797554], [120.325404, 22.6798152], [120.3255279, 22.6798258], [120.32563, 22.6798369], [120.3257455, 22.6799056], [120.3258022, 22.6799353], [120.3259065, 22.6799307], [120.3260064, 22.6799072], [120.3260785, 22.6798637], [120.3261835, 22.6798235], [120.326407, 22.6797921], [120.3266028, 22.6798005], [120.3263806, 22.6803396], [120.3263314, 22.6804206], [120.3261998, 22.6805043], [120.3258818, 22.6805152], [120.3257608, 22.6804969], [120.3256172, 22.6804543], [120.3253992, 22.6803481], [120.3251818, 22.6802924], [120.3249476, 22.6804431], [120.3248042, 22.6805014], [120.3247286, 22.6805029], [120.324494, 22.6804349], [120.3243083, 22.6803955], [120.3238464, 22.6802337], [120.3236439, 22.6802063], [120.3234492, 22.6802886], [120.3226226, 22.6810629], [120.322249, 22.6814129], [120.3221259, 22.681538], [120.3220642, 22.6816611], [120.3221086, 22.6817937], [120.3222165, 22.6819465], [120.3225638, 22.6822421], [120.3229038, 22.682656], [120.3230294, 22.6827668], [120.3234469, 22.6830255], [120.3242637, 22.6838086], [120.3244114, 22.6843312], [120.3244483, 22.6847585], [120.3245133, 22.684905], [120.3246546, 22.6850701], [120.3247102, 22.6851536], [120.3246083, 22.6852634], [120.3244547, 22.6852942], [120.3242663, 22.6852646], [120.3241268, 22.6851357], [120.3239809, 22.6849879], [120.3238307, 22.6850064], [120.3236724, 22.6850708], [120.3236885, 22.6852564], [120.3236067, 22.6856969], [120.323545, 22.6858577], [120.323537, 22.6860507], [120.3235774, 22.6862157], [120.3236499, 22.6863563], [120.3233781, 22.6867564], [120.3231356, 22.6872095], [120.3230737, 22.6874671], [120.3229359, 22.6879138], [120.3221846, 22.6889225], [120.3212996, 22.6900646], [120.3211207, 22.6902659], [120.3210554, 22.6903299], [120.3210175, 22.690322], [120.3204361, 22.6899131], [120.3203917, 22.6899183], [120.3193546, 22.6908372], [120.3164955, 22.6932094], [120.3162004, 22.6935435], [120.3162922, 22.6936707], [120.3167746, 22.6941832], [120.3167991, 22.694215], [120.3167982, 22.6942569], [120.3166267, 22.6943866], [120.3164784, 22.6945115], [120.3155972, 22.6952476], [120.3151699, 22.695618], [120.3148745, 22.6959227], [120.314485, 22.6963135], [120.3134198, 22.697596], [120.3130318, 22.6980616], [120.3128618, 22.6984016], [120.3122096, 22.6991147], [120.3120828, 22.6992617], [120.311919, 22.6993685], [120.3106985, 22.6981359], [120.310191, 22.697567], [120.3080522, 22.6952073], [120.3075557, 22.6954665], [120.3063201, 22.6961877], [120.3062485, 22.6962295], [120.3040793, 22.6975065], [120.3044287, 22.6980162], [120.3034684, 22.6985227], [120.3025878, 22.698953], [120.3025789, 22.6993512], [120.3025478, 22.6998468], [120.3025373, 22.7007756], [120.3017896, 22.7007687], [120.3008041, 22.7007584], [120.2993847, 22.7007248], [120.2983065, 22.700711], [120.297754, 22.7007011], [120.2970314, 22.7023484], [120.2965529, 22.7035183], [120.2963083, 22.7041264], [120.2959366, 22.7040731], [120.2955382, 22.7046181], [120.2952279, 22.7049351], [120.2948155, 22.7053096], [120.2969473, 22.7060118], [120.2998509, 22.7069511], [120.2998512, 22.7070938], [120.2998622, 22.7077559], [120.2994206, 22.70787], [120.2986427, 22.7082276], [120.2977374, 22.7087314], [120.2971687, 22.7092246], [120.2968564, 22.7094932], [120.2968105, 22.709519], [120.2962758, 22.7091428], [120.2959424, 22.7088358], [120.2955247, 22.7083498], [120.2953309, 22.7081999], [120.2949889, 22.70777], [120.2948283, 22.7076361], [120.2941431, 22.7071876], [120.2937729, 22.7068122], [120.2934755, 22.7063451], [120.2930554, 22.7066298], [120.2928425, 22.7065096], [120.2928382, 22.7062687], [120.2928686, 22.7057998], [120.2927506, 22.7054435], [120.2925223, 22.7051335], [120.2901769, 22.7050999], [120.2869392, 22.7050358], [120.2857401, 22.7049814], [120.2853901, 22.7049799], [120.2849781, 22.7049864], [120.2819204, 22.7049569], [120.2748367, 22.7048794], [120.2747662, 22.7008308], [120.2713618, 22.7008901], [120.2707693, 22.7009025], [120.2707642, 22.7006933], [120.2713567, 22.700681], [120.2713204, 22.6994177], [120.2714854, 22.6994181], [120.2714695, 22.6987164], [120.2714623, 22.6986278], [120.2714453, 22.6984412], [120.2713232, 22.6981674], [120.2713515, 22.698147], [120.2709844, 22.6977947], [120.2712718, 22.6975304], [120.2716107, 22.6975307], [120.2716269, 22.6973328], [120.2715693, 22.6973034], [120.2715252, 22.6973017], [120.2715275, 22.6973463], [120.2714646, 22.6973468], [120.2714641, 22.6972851], [120.271574, 22.6972846], [120.2717439, 22.6973762], [120.2717332, 22.6973924], [120.2716534, 22.697351], [120.2716393, 22.6975327], [120.2720674, 22.6975315], [120.2725619, 22.6982054], [120.2747931, 22.6981868], [120.2747764, 22.6957546], [120.2720529, 22.6957717], [120.2720577, 22.6964479], [120.2716471, 22.6964458], [120.2716603, 22.6969175], [120.2717307, 22.6968811], [120.2717398, 22.6968976], [120.2715668, 22.6969867], [120.2714609, 22.6969866], [120.2714614, 22.6969222], [120.271527, 22.6969249], [120.271527, 22.6969682], [120.2715599, 22.6969702], [120.2716258, 22.6969359], [120.2716112, 22.6964457], [120.2712524, 22.6964473], [120.2709555, 22.6961671], [120.2715416, 22.6958237], [120.2715141, 22.6948586], [120.2736621, 22.6947194], [120.2740095, 22.6906608], [120.2738048, 22.6906692], [120.2738087, 22.6896516], [120.2738078, 22.6896368], [120.2737964, 22.6896194], [120.2737729, 22.6896029], [120.2715592, 22.6880922], [120.2712196, 22.6878587], [120.271226, 22.6877258], [120.2712867, 22.6876462], [120.2715599, 22.6873506], [120.2736972, 22.6849923], [120.2737696, 22.6850484], [120.274713, 22.6839891], [120.2747808, 22.683956], [120.2748073, 22.683916], [120.2747356, 22.6837977], [120.2739398, 22.6832122], [120.2739219, 22.6832279], [120.2737748, 22.6831156], [120.2737861, 22.6830921], [120.2732382, 22.6826893], [120.2727993, 22.6825484], [120.2727291, 22.6825249], [120.271785, 22.6838062], [120.2716886, 22.6837457], [120.2726098, 22.6824955], [120.2725405, 22.6823574], [120.2723815, 22.6823489], [120.2714541, 22.6835961], [120.271358, 22.6835353], [120.2723121, 22.6822523], [120.2722936, 22.6821745], [120.270547, 22.6809631], [120.2703591, 22.6800954], [120.2682585, 22.6799358], [120.2680251, 22.6805223], [120.2679465, 22.6806999], [120.2679089, 22.6808119], [120.2676355, 22.6807962], [120.2673997, 22.6838708], [120.2674676, 22.6838986], [120.2657277, 22.6898226], [120.2656169, 22.6898565], [120.2659465, 22.6906347], [120.2657577, 22.6907045], [120.2654386, 22.6899225], [120.2649083, 22.6901271], [120.2614589, 22.6909892], [120.2614264, 22.6910283], [120.2612906, 22.6911343], [120.2606301, 22.6922438], [120.2604822, 22.6921605], [120.261107, 22.6911021], [120.2611011, 22.6910218], [120.2611076, 22.6909564], [120.2606903, 22.689757], [120.2586166, 22.6902858], [120.2577238, 22.6905914], [120.2565848, 22.69111], [120.2557381, 22.6917079], [120.2549292, 22.6924917], [120.254359, 22.6930668], [120.2539968, 22.6935154], [120.2537394, 22.6940738], [120.2536632, 22.6944431], [120.2536155, 22.6948125], [120.2535908, 22.6951157], [120.251535, 22.6968768], [120.2515401, 22.6969073], [120.2515347, 22.6969378], [120.2515195, 22.6969653], [120.2514959, 22.6969871], [120.2514661, 22.6970013], [120.2514331, 22.6970063], [120.2514, 22.6970017], [120.2513701, 22.696988], [120.2513461, 22.6969664], [120.2513301, 22.6969381], [120.2513247, 22.6969065], [120.2513304, 22.696875], [120.2513466, 22.6968468], [120.2513717, 22.6968248], [120.2514031, 22.6968113], [120.2514375, 22.6968077], [120.2514714, 22.6968143], [120.2535227, 22.6950876], [120.2535362, 22.6948357], [120.2535732, 22.6944999], [120.2536743, 22.6940646], [120.253944, 22.6934956], [120.2542102, 22.6931443], [120.2548218, 22.6924669], [120.25566, 22.6916676], [120.256461, 22.6910369], [120.2569373, 22.6908308], [120.2576989, 22.6905013], [120.2585921, 22.6902005], [120.2618503, 22.6893716], [120.2619157, 22.6893532], [120.2631792, 22.6890418], [120.2632665, 22.6888654], [120.2633271, 22.6886509], [120.2634424, 22.6883572], [120.2635402, 22.6878927], [120.2635865, 22.6876012], [120.263656, 22.6872534], [120.2636564, 22.6865694], [120.2636488, 22.6863902], [120.2636648, 22.6862297], [120.2637558, 22.684983], [120.2637544, 22.6847799], [120.263744, 22.6840039], [120.2637356, 22.6837351], [120.263728, 22.6829921], [120.2637337, 22.6828999], [120.2638204, 22.6821204], [120.263828, 22.6816123], [120.263843, 22.6810207], [120.2638808, 22.6803317], [120.2639034, 22.6796774], [120.2639788, 22.6789953], [120.2640618, 22.6784037], [120.2641132, 22.6780864], [120.2641071, 22.6775337], [120.2641146, 22.6769491], [120.2640769, 22.6764062], [120.2640505, 22.6760268], [120.2639939, 22.675644], [120.2637808, 22.6745565], [120.2636809, 22.6741998], [120.2634979, 22.6738726], [120.2634282, 22.6737456], [120.2633886, 22.6737039], [120.2633169, 22.6736273], [120.2632547, 22.6735577], [120.2632113, 22.6734968], [120.2629492, 22.6730652], [120.2625946, 22.6725328], [120.2621534, 22.6719411], [120.2615631, 22.6711772], [120.2613434, 22.6708962], [120.2609832, 22.6704429], [120.2607277, 22.6702819], [120.260656, 22.6702228], [120.2605787, 22.6701523], [120.2605108, 22.6700644], [120.2604957, 22.6699069], [120.260507, 22.6698069], [120.2604995, 22.6697338], [120.2604712, 22.6696424], [120.2604363, 22.6695894], [120.2603854, 22.669545], [120.2603118, 22.6694945], [120.2602213, 22.6694684], [120.260127, 22.6694397], [120.2600563, 22.6694127], [120.2599658, 22.6693318], [120.2598875, 22.6692709], [120.2597555, 22.66921], [120.2596339, 22.6691613], [120.2595858, 22.6691265], [120.2595745, 22.6690908], [120.2595632, 22.6689995], [120.2595594, 22.6689177], [120.2595471, 22.6688829], [120.2595236, 22.6688342], [120.2594953, 22.6688028], [120.2594397, 22.6687645], [120.2593058, 22.6687132], [120.2591826, 22.6686739], [120.2591445, 22.6686672], [120.2590747, 22.6686662], [120.2589889, 22.6686854], [120.2589267, 22.6687106], [120.2588484, 22.6687358], [120.2587956, 22.668768], [120.258723, 22.6688211], [120.2586599, 22.6688481], [120.2586071, 22.6688655], [120.2585231, 22.6688516], [120.2584854, 22.6688298], [120.2584373, 22.668775], [120.2583713, 22.6686854], [120.2583506, 22.668648], [120.2583115, 22.6686205], [120.2582431, 22.668581], [120.258211, 22.6685666], [120.2581167, 22.668544], [120.2580272, 22.6685431], [120.2579781, 22.6685509], [120.2578914, 22.668574], [120.2577943, 22.6686297], [120.2576651, 22.6686697], [120.2575111, 22.668666]]]]}}, {"type": "Feature", "properties": {"name": "三民區", "admin_level": 7}, "geometry": {"type": "MultiPolygon", "coordinates": [[[[120.2819092, 22.6431197], [120.2823331, 22.6422413], [120.2831464, 22.6410186], [120.2834462, 22.6406644], [120.283881, 22.6399673], [120.2842896, 22.6391698], [120.2845156, 22.6385793], [120.2848126, 22.6375086], [120.2849893, 22.6366488], [120.2850273, 22.6364636], [120.2851556, 22.6352767], [120.2851637, 22.6346975], [120.2852372, 22.6342825], [120.2852854, 22.6340101], [120.2854891, 22.6330955], [120.285951, 22.6317235], [120.2884294, 22.6331569], [120.2900895, 22.6337016], [120.2918106, 22.6342663], [120.2937011, 22.6348866], [120.295762, 22.6355628], [120.2971078, 22.6360043], [120.298886, 22.6367453], [120.299338, 22.6368837], [120.3005768, 22.6367875], [120.3010575, 22.6367635], [120.3024378, 22.6366698], [120.3048978, 22.6365098], [120.3050365, 22.6365011], [120.3064614, 22.6364014], [120.3070323, 22.6364135], [120.3077584, 22.6365485], [120.3086648, 22.6366972], [120.3094409, 22.6368541], [120.310177, 22.6368444], [120.3109131, 22.6368346], [120.3117701, 22.6367955], [120.3121442, 22.6367785], [120.3132672, 22.6367014], [120.313454, 22.6366882], [120.3135167, 22.6366843], [120.3137779, 22.6366617], [120.3139995, 22.6366552], [120.3168135, 22.6342613], [120.319007, 22.6325633], [120.3195054, 22.6331933], [120.3197725, 22.6338283], [120.3202059, 22.6337882], [120.3191515, 22.6365278], [120.3186962, 22.6373362], [120.3184053, 22.6376823], [120.3179241, 22.6380539], [120.3171597, 22.6384118], [120.3173984, 22.6384597], [120.3176439, 22.6384713], [120.3183086, 22.6383923], [120.319432, 22.6381894], [120.3245724, 22.6372612], [120.3270962, 22.6368258], [120.3316262, 22.6360807], [120.3320082, 22.6360204], [120.3324672, 22.6358261], [120.3333463, 22.635712], [120.3338879, 22.635593], [120.3369667, 22.6350918], [120.3371618, 22.63506], [120.3418339, 22.6342493], [120.344733, 22.6337462], [120.3446577, 22.6344335], [120.3447888, 22.6356137], [120.3448899, 22.6361511], [120.344988, 22.6366726], [120.345039, 22.6368183], [120.345226, 22.6370733], [120.3454907, 22.6372311], [120.3458695, 22.6374133], [120.3467948, 22.6377848], [120.3475841, 22.638035], [120.3481353, 22.6382778], [120.3500244, 22.6387763], [120.3501756, 22.6388346], [120.3502327, 22.6389336], [120.3502205, 22.6390143], [120.3501113, 22.639194], [120.3495867, 22.6398157], [120.3494046, 22.6397963], [120.3491131, 22.6400732], [120.3459488, 22.641642], [120.3460033, 22.6417877], [120.3461115, 22.6420767], [120.3466409, 22.6431647], [120.3485065, 22.6466181], [120.3476843, 22.6472181], [120.3475966, 22.6472361], [120.3473728, 22.6471833], [120.3472519, 22.647263], [120.3470451, 22.64732], [120.3467333, 22.647285], [120.3463727, 22.6471614], [120.3455237, 22.646155], [120.3430415, 22.6480062], [120.3418488, 22.6489296], [120.341196, 22.6493619], [120.3395043, 22.6506654], [120.338417, 22.6512211], [120.3369357, 22.6525237], [120.3374959, 22.6532178], [120.3362768, 22.653971], [120.3354122, 22.6545669], [120.3349026, 22.655013], [120.3334889, 22.6569087], [120.3332391, 22.6573373], [120.3324555, 22.6577329], [120.3322752, 22.6579182], [120.3320899, 22.6581986], [120.3315942, 22.658489], [120.3313563, 22.6587169], [120.3311235, 22.6591825], [120.3309731, 22.6597423], [120.3308492, 22.660014], [120.3308342, 22.6600862], [120.3308716, 22.660176], [120.3312419, 22.6601899], [120.3316985, 22.6601625], [120.3318336, 22.6601825], [120.3319288, 22.6602176], [120.3320039, 22.6603578], [120.3321291, 22.6603828], [120.3322192, 22.6603327], [120.3323594, 22.659812], [120.3324846, 22.6596167], [120.3325747, 22.6595516], [120.3326549, 22.6595416], [120.3327199, 22.6597319], [120.3329002, 22.6598721], [120.3332407, 22.659857], [120.333431, 22.6599622], [120.3335612, 22.6599472], [120.3336914, 22.659852], [120.3342973, 22.659837], [120.3350634, 22.6595866], [120.3352737, 22.6595716], [120.3354489, 22.6595516], [120.33616, 22.6596718], [120.3363853, 22.6597168], [120.3365255, 22.659802], [120.3365656, 22.6598821], [120.3365606, 22.6599872], [120.3362902, 22.6602777], [120.3360398, 22.6606933], [120.3353538, 22.6612841], [120.3351886, 22.6615295], [120.3351685, 22.6616797], [120.3352787, 22.6620503], [120.3352587, 22.6621354], [120.334828, 22.6629416], [120.3345727, 22.6631569], [120.3343223, 22.6640332], [120.3342772, 22.6641033], [120.3338416, 22.6643787], [120.3336763, 22.6645289], [120.3335612, 22.6649645], [120.3333409, 22.6654002], [120.3333409, 22.6655904], [120.333431, 22.6658408], [120.3336012, 22.6661513], [120.3336713, 22.6662314], [120.3342372, 22.6665869], [120.3351998, 22.6674609], [120.3359178, 22.6681657], [120.3367605, 22.6688509], [120.3369793, 22.6689658], [120.3374566, 22.669315], [120.3375157, 22.6694332], [120.3375332, 22.6698819], [120.3376274, 22.6700111], [120.3381527, 22.670254], [120.338376, 22.6705474], [120.3385248, 22.6706283], [120.3394179, 22.6708604], [120.3394661, 22.6709611], [120.3394639, 22.6712653], [120.3395504, 22.6718789], [120.3395482, 22.6721898], [120.3382283, 22.6731661], [120.338191, 22.6732208], [120.33793, 22.6733158], [120.3377445, 22.6735649], [120.3369969, 22.6732446], [120.3367196, 22.6731712], [120.3358152, 22.6729174], [120.3351241, 22.6727759], [120.3341592, 22.6727583], [120.3332171, 22.6724665], [120.3330771, 22.6723758], [120.3324353, 22.6722774], [120.331782, 22.6720013], [120.3316025, 22.6722878], [120.3310631, 22.6723509], [120.3304867, 22.6723943], [120.3302999, 22.672486], [120.3302209, 22.6724907], [120.3293116, 22.6723093], [120.3286558, 22.672089], [120.32831, 22.6718865], [120.3282706, 22.6718274], [120.3283439, 22.6717398], [120.3283329, 22.671695], [120.3281233, 22.6716047], [120.328039, 22.6716988], [120.3278836, 22.6720392], [120.3278191, 22.6720523], [120.3276647, 22.671968], [120.3276122, 22.6719844], [120.3275673, 22.6720797], [120.3276177, 22.6722548], [120.3277435, 22.6724616], [120.3279416, 22.6725952], [120.3281748, 22.6726411], [120.3281266, 22.672964], [120.3280029, 22.6731818], [120.3279701, 22.673184], [120.3276855, 22.6731096], [120.3275892, 22.6730231], [120.3275301, 22.6730209], [120.3273747, 22.6731457], [120.3272795, 22.6731424], [120.3272488, 22.6731172], [120.3272488, 22.672802], [120.3272313, 22.6727462], [120.3271427, 22.6726937], [120.3270442, 22.6727167], [120.3270037, 22.6731183], [120.3269303, 22.6732343], [120.3271667, 22.6733952], [120.3272061, 22.6735364], [120.3272018, 22.6736503], [120.3271722, 22.6737192], [120.3270387, 22.6737083], [120.3269872, 22.6736732], [120.3269489, 22.6735758], [120.3268439, 22.6735671], [120.3267902, 22.6736568], [120.3268395, 22.6738681], [120.3271503, 22.674169], [120.3272072, 22.6743398], [120.3272488, 22.6743923], [120.3275739, 22.674562], [120.3278125, 22.6748028], [120.3287286, 22.6752774], [120.3289064, 22.6753464], [120.3291828, 22.6753923], [120.3295598, 22.6755226], [120.3301383, 22.6758274], [120.3303971, 22.6758739], [120.3306872, 22.6758416], [120.3306828, 22.6759051], [120.3303331, 22.676072], [120.3301396, 22.6763368], [120.3299626, 22.676477], [120.3297897, 22.6765413], [120.3297707, 22.6765428], [120.3296116, 22.6765099], [120.3295582, 22.6764248], [120.329587, 22.6759955], [120.3295717, 22.6759324], [120.329541, 22.6759171], [120.3287552, 22.6758114], [120.3285899, 22.6757415], [120.3281927, 22.6753972], [120.3280956, 22.6753529], [120.3278654, 22.6753273], [120.3275774, 22.6752404], [120.3267438, 22.6748645], [120.3265725, 22.6748517], [120.3265048, 22.6748743], [120.3263302, 22.6751262], [120.3262817, 22.6754031], [120.3263202, 22.6755009], [120.3275028, 22.6758201], [120.3279325, 22.6759731], [120.3274774, 22.6771884], [120.3268246, 22.6786867], [120.3268348, 22.6792628], [120.3266028, 22.6798005], [120.326407, 22.6797921], [120.3261835, 22.6798235], [120.3260785, 22.6798637], [120.3260064, 22.6799072], [120.3259065, 22.6799307], [120.3258022, 22.6799353], [120.3257455, 22.6799056], [120.32563, 22.6798369], [120.3255279, 22.6798258], [120.325404, 22.6798152], [120.3253136, 22.6797554], [120.3252503, 22.6796699], [120.3251885, 22.6794443], [120.3251212, 22.6790611], [120.3250739, 22.6789234], [120.3250766, 22.6787972], [120.325039, 22.6786413], [120.3250382, 22.6785677], [120.3249973, 22.6783926], [120.3248038, 22.6783161], [120.3246151, 22.6783721], [120.3244464, 22.6783347], [120.3243905, 22.6782864], [120.3241574, 22.677814], [120.3240871, 22.6773849], [120.3238451, 22.6772316], [120.3232844, 22.6772508], [120.3230636, 22.6772213], [120.3229694, 22.6771677], [120.3228539, 22.6770388], [120.3227608, 22.6769153], [120.3225592, 22.6765898], [120.3223707, 22.6762018], [120.3218848, 22.6757159], [120.3212704, 22.6752432], [120.3211657, 22.6751169], [120.3211162, 22.6749788], [120.3210054, 22.6748075], [120.3208451, 22.6746964], [120.3204675, 22.6745361], [120.3203251, 22.6744058], [120.3201625, 22.6740959], [120.3200605, 22.6735348], [120.3199396, 22.6733272], [120.3198798, 22.6732244], [120.3197615, 22.6728162], [120.3196825, 22.6726431], [120.3196596, 22.6723432], [120.3197093, 22.6721009], [120.3197008, 22.6719722], [120.3195895, 22.6716307], [120.319499, 22.6715605], [120.3194101, 22.6715492], [120.3189129, 22.6715726], [120.3187953, 22.6714407], [120.3185342, 22.6712601], [120.3184483, 22.6711957], [120.3183124, 22.6710008], [120.3181863, 22.670736], [120.3179887, 22.6702412], [120.3178087, 22.6699226], [120.3176071, 22.6695167], [120.3174709, 22.6694376], [120.3172868, 22.6694046], [120.3169563, 22.6694497], [120.3159151, 22.6694901], [120.3155992, 22.6693751], [120.3152225, 22.6693186], [120.3151846, 22.669312], [120.3147573, 22.6690191], [120.3147139, 22.6688546], [120.3146737, 22.6687257], [120.3146881, 22.6685919], [120.3147522, 22.6679981], [120.3147391, 22.6677104], [120.3147179, 22.6676283], [120.3146534, 22.6673788], [120.3146155, 22.6672937], [120.3145251, 22.667091], [120.3144501, 22.6669831], [120.3142586, 22.6667076], [120.3136675, 22.6660132], [120.3135736, 22.6657816], [120.3135098, 22.6656242], [120.3134422, 22.6655275], [120.3131385, 22.6652074], [120.3125389, 22.6645756], [120.3121162, 22.6640806], [120.3119477, 22.6638832], [120.3118253, 22.6637237], [120.3117256, 22.6635765], [120.3114225, 22.6630084], [120.3113313, 22.6628534], [120.3110656, 22.662245], [120.3110389, 22.6619362], [120.3112938, 22.6607548], [120.3116048, 22.6599341], [120.3118374, 22.6594046], [120.3122757, 22.6585888], [120.3124003, 22.657985], [120.3124373, 22.6572312], [120.3123652, 22.6564405], [120.3123079, 22.6561578], [120.3121959, 22.6558878], [120.3119962, 22.6555561], [120.311659, 22.6552685], [120.3114004, 22.655056], [120.3111103, 22.6549008], [120.310229, 22.6547059], [120.3097662, 22.6547631], [120.308753, 22.654671], [120.3086406, 22.654653], [120.3082985, 22.654598], [120.308147, 22.6545737], [120.3079989, 22.6544652], [120.3075119, 22.6541084], [120.3067212, 22.6534549], [120.3065636, 22.653362], [120.306435, 22.6532863], [120.3061371, 22.6531801], [120.3061302, 22.6531789], [120.3055322, 22.6530739], [120.305082, 22.6530578], [120.3037241, 22.6531587], [120.3032943, 22.6531906], [120.3027065, 22.6531367], [120.3023588, 22.6530583], [120.3021678, 22.6529743], [120.3013686, 22.6523492], [120.3010992, 22.6521294], [120.3006895, 22.6518731], [120.3003225, 22.6517072], [120.3001025, 22.6516078], [120.299572, 22.6514396], [120.2992249, 22.6513688], [120.2991754, 22.6513613], [120.2991419, 22.6513657], [120.298913, 22.6514099], [120.2986873, 22.6514517], [120.2986354, 22.651486], [120.2981629, 22.6517985], [120.2977138, 22.6520202], [120.2974188, 22.6521247], [120.2969646, 22.6522257], [120.296575, 22.6522736], [120.2962887, 22.6522672], [120.2958021, 22.6521593], [120.2955175, 22.6520242], [120.2953386, 22.6518753], [120.2948857, 22.6513303], [120.2943892, 22.6507031], [120.2940058, 22.6503234], [120.2932214, 22.6497611], [120.2929196, 22.6496083], [120.2927858, 22.6495669], [120.2926981, 22.6495397], [120.2926551, 22.6495264], [120.292637, 22.6495254], [120.2919424, 22.6494858], [120.2911032, 22.6495546], [120.2904177, 22.6496696], [120.2896987, 22.6498261], [120.289297, 22.6499925], [120.2884692, 22.6503354], [120.2880554, 22.6503911], [120.2876257, 22.6503751], [120.2872875, 22.6502796], [120.2868817, 22.6500767], [120.2865254, 22.6498037], [120.2848307, 22.6481721], [120.2844696, 22.6478703], [120.2842503, 22.647687], [120.2828295, 22.6464994], [120.2824858, 22.6460717], [120.2820772, 22.6454836], [120.2818748, 22.6449566], [120.2817488, 22.6443876], [120.2817221, 22.6436772], [120.2818443, 22.6432686], [120.2819092, 22.6431197]]]]}}, {"type": "Feature", "properties": {"name": "前金區", "admin_level": 7}, "geometry": {"type": "MultiPolygon", "coordinates": [[[[120.285951, 22.6317235], [120.2862543, 22.6309673], [120.2866314, 22.6301512], [120.2871428, 22.6290444], [120.2875845, 22.628141], [120.2883918, 22.626843], [120.2886192, 22.6264775], [120.2891008, 22.6255582], [120.2893048, 22.6250587], [120.289447, 22.6247106], [120.2895162, 22.6245125], [120.2897694, 22.6237873], [120.289873, 22.6234319], [120.2899445, 22.6231864], [120.2900703, 22.6219682], [120.2902, 22.6207125], [120.2911372, 22.6207228], [120.291426, 22.6207265], [120.2915535, 22.6207281], [120.2917765, 22.6207307], [120.2938159, 22.6207723], [120.2949884, 22.6210884], [120.2952823, 22.6203295], [120.2961684, 22.6180427], [120.297836, 22.6186071], [120.2997279, 22.6192256], [120.3021267, 22.6199846], [120.3019737, 22.6204026], [120.3019512, 22.6204638], [120.3018186, 22.6208261], [120.3015409, 22.6215847], [120.3010317, 22.6229757], [120.300983, 22.6231087], [120.3010392, 22.6243059], [120.3011883, 22.6256678], [120.3014436, 22.6272711], [120.2981375, 22.6261723], [120.2974806, 22.627839], [120.2999796, 22.6286225], [120.299242, 22.6305186], [120.2986876, 22.6319437], [120.297923, 22.6339089], [120.2971078, 22.6360043], [120.295762, 22.6355628], [120.2937011, 22.6348866], [120.2918106, 22.6342663], [120.2900895, 22.6337016], [120.2884294, 22.6331569], [120.285951, 22.6317235]]]]}}, {"type": "Feature", "properties": {"name": "苓雅區", "admin_level": 7}, "geometry": {"type": "MultiPolygon", "coordinates": [[[[120.288703, 22.6116939], [120.2958731, 22.6085324], [120.2966805, 22.6095094], [120.2991883, 22.6103197], [120.3050395, 22.6122104], [120.3044295, 22.6139586], [120.3068151, 22.6147287], [120.3084302, 22.6152501], [120.3100063, 22.6158057], [120.310961, 22.6161422], [120.3117228, 22.6163879], [120.3144169, 22.6172566], [120.3160628, 22.6177904], [120.3177423, 22.6183351], [120.3182514, 22.6170184], [120.3182687, 22.6167935], [120.3182491, 22.6154056], [120.3195717, 22.6154678], [120.3225423, 22.6156961], [120.3225466, 22.6154479], [120.3230389, 22.6154268], [120.3235641, 22.6154516], [120.323657, 22.6144263], [120.3252364, 22.6149947], [120.3253073, 22.6141457], [120.3250083, 22.611971], [120.32641, 22.6117745], [120.3266575, 22.6117776], [120.3269812, 22.6123398], [120.3271326, 22.6126675], [120.327314, 22.6132291], [120.3274032, 22.6136408], [120.3274294, 22.6141689], [120.3274042, 22.6146172], [120.3273052, 22.6152169], [120.3271189, 22.6158399], [120.3268355, 22.6165365], [120.3275093, 22.6165412], [120.3280566, 22.6165451], [120.3278859, 22.6176381], [120.3296087, 22.6178548], [120.3319502, 22.6181493], [120.334448, 22.6184635], [120.3347337, 22.6162417], [120.3366435, 22.6164492], [120.3372388, 22.6165139], [120.3390012, 22.6179829], [120.3395192, 22.6176607], [120.3406437, 22.6190315], [120.3382116, 22.6205729], [120.3396456, 22.6224807], [120.3398608, 22.6230923], [120.3399857, 22.6234981], [120.3400574, 22.6243508], [120.3422583, 22.6246248], [120.3428504, 22.6247912], [120.344291, 22.6248953], [120.3443637, 22.6270749], [120.3443982, 22.6281222], [120.3430201, 22.6281866], [120.342714, 22.628267], [120.3422152, 22.6284174], [120.3416181, 22.6285975], [120.3401089, 22.6291362], [120.339345, 22.6295135], [120.3401963, 22.629727], [120.3414791, 22.6298367], [120.3417681, 22.6298879], [120.3418358, 22.6308455], [120.3423356, 22.6308701], [120.3429129, 22.6308545], [120.3430238, 22.631093], [120.3431796, 22.6321159], [120.343463, 22.6328017], [120.3436144, 22.6330454], [120.3437923, 22.6330652], [120.3448527, 22.6329993], [120.3450766, 22.6330191], [120.345265, 22.6330899], [120.345265, 22.6331327], [120.3451366, 22.6332726], [120.3447875, 22.6335789], [120.344733, 22.6337462], [120.3418339, 22.6342493], [120.3371618, 22.63506], [120.3369667, 22.6350918], [120.3338879, 22.635593], [120.3333463, 22.635712], [120.3324672, 22.6358261], [120.3320082, 22.6360204], [120.3316262, 22.6360807], [120.3270962, 22.6368258], [120.3245724, 22.6372612], [120.319432, 22.6381894], [120.3183086, 22.6383923], [120.3176439, 22.6384713], [120.3173984, 22.6384597], [120.3171597, 22.6384118], [120.3179241, 22.6380539], [120.3184053, 22.6376823], [120.3186962, 22.6373362], [120.3191515, 22.6365278], [120.3202059, 22.6337882], [120.3197725, 22.6338283], [120.3195054, 22.6331933], [120.319007, 22.6325633], [120.3168135, 22.6342613], [120.31674, 22.6336361], [120.3167605, 22.6333802], [120.3171389, 22.6323964], [120.3178386, 22.630553], [120.3178596, 22.6305008], [120.3179167, 22.6303587], [120.3179436, 22.6302917], [120.3179547, 22.6302568], [120.3145338, 22.6304941], [120.3132406, 22.6306193], [120.3131781, 22.629775], [120.3136672, 22.6286663], [120.3141956, 22.6274923], [120.3108656, 22.6263963], [120.3109464, 22.6261926], [120.3114629, 22.6248916], [120.3120375, 22.6232833], [120.3094382, 22.6224331], [120.3079701, 22.6219529], [120.3073806, 22.6217543], [120.3061662, 22.6213453], [120.3044829, 22.6207783], [120.3021267, 22.6199846], [120.2997279, 22.6192256], [120.297836, 22.6186071], [120.2961684, 22.6180427], [120.2952823, 22.6203295], [120.2949884, 22.6210884], [120.2938159, 22.6207723], [120.2917765, 22.6207307], [120.2915535, 22.6207281], [120.291426, 22.6207265], [120.2911372, 22.6207228], [120.2902, 22.6207125], [120.2902042, 22.6194605], [120.2902147, 22.6162961], [120.2902167, 22.615674], [120.290219, 22.6149909], [120.288703, 22.6116939]]]]}}, {"type": "Feature", "properties": {"name": "新興區", "admin_level": 7}, "geometry": {"type": "MultiPolygon", "coordinates": [[[[120.2971078, 22.6360043], [120.297923, 22.6339089], [120.2986876, 22.6319437], [120.299242, 22.6305186], [120.2999796, 22.6286225], [120.2974806, 22.627839], [120.2981375, 22.6261723], [120.3014436, 22.6272711], [120.3011883, 22.6256678], [120.3010392, 22.6243059], [120.300983, 22.6231087], [120.3010317, 22.6229757], [120.3015409, 22.6215847], [120.3018186, 22.6208261], [120.3019512, 22.6204638], [120.3019737, 22.6204026], [120.3021267, 22.6199846], [120.3044829, 22.6207783], [120.3061662, 22.6213453], [120.3073806, 22.6217543], [120.3079701, 22.6219529], [120.3094382, 22.6224331], [120.3120375, 22.6232833], [120.3114629, 22.6248916], [120.3109464, 22.6261926], [120.3108656, 22.6263963], [120.3141956, 22.6274923], [120.3136672, 22.6286663], [120.3131781, 22.629775], [120.3132406, 22.6306193], [120.3145338, 22.6304941], [120.3179547, 22.6302568], [120.3179436, 22.6302917], [120.3179167, 22.6303587], [120.3178596, 22.6305008], [120.3178386, 22.630553], [120.3171389, 22.6323964], [120.3167605, 22.6333802], [120.31674, 22.6336361], [120.3168135, 22.6342613], [120.3139995, 22.6366552], [120.3137779, 22.6366617], [120.3135167, 22.6366843], [120.313454, 22.6366882], [120.3132672, 22.6367014], [120.3121442, 22.6367785], [120.3117701, 22.6367955], [120.3109131, 22.6368346], [120.310177, 22.6368444], [120.3094409, 22.6368541], [120.3086648, 22.6366972], [120.3077584, 22.6365485], [120.3070323, 22.6364135], [120.3064614, 22.6364014], [120.3050365, 22.6365011], [120.3048978, 22.6365098], [120.3024378, 22.6366698], [120.3010575, 22.6367635], [120.3005768, 22.6367875], [120.299338, 22.6368837], [120.298886, 22.6367453], [120.2971078, 22.6360043]]]]}}, {"type": "Feature", "properties": {"name": "前鎮區", "admin_level": 7}, "geometry": {"type": "MultiPolygon", "coordinates": [[[[120.2776218, 22.6110852], [120.2787271, 22.6101617], [120.2801304, 22.6089011], [120.2807963, 22.6081638], [120.2816192, 22.6070904], [120.2822376, 22.6061271], [120.2830463, 22.6045336], [120.2837241, 22.6034513], [120.2850428, 22.6013469], [120.2937124, 22.5875109], [120.2959062, 22.5841848], [120.296548, 22.583247], [120.2975704, 22.5817531], [120.299689, 22.5794161], [120.3003975, 22.5786822], [120.3019241, 22.5771009], [120.3032127, 22.5753318], [120.3047708, 22.5729001], [120.3055425, 22.5717352], [120.3071522, 22.5701796], [120.3080445, 22.5693172], [120.3172008, 22.5589965], [120.3182419, 22.5615774], [120.3219397, 22.5642924], [120.322909, 22.5650169], [120.3237056, 22.5658745], [120.3239273, 22.5663819], [120.3240438, 22.5668915], [120.3244806, 22.5672191], [120.3256455, 22.5682966], [120.3261045, 22.5685255], [120.3264701, 22.5687083], [120.3284542, 22.5688758], [120.3290217, 22.5691081], [120.3299409, 22.5698314], [120.331713, 22.5709869], [120.330875, 22.5720446], [120.3328535, 22.5732193], [120.3331928, 22.5733674], [120.3341367, 22.5736098], [120.3346857, 22.5736844], [120.336159, 22.5738845], [120.3367788, 22.5739277], [120.3369781, 22.5739789], [120.3371464, 22.5740812], [120.3372757, 22.5742899], [120.3374911, 22.5748312], [120.3376192, 22.5753005], [120.3379639, 22.5771086], [120.3384471, 22.5786822], [120.3386642, 22.5793525], [120.3391757, 22.5807563], [120.3392684, 22.5811062], [120.3393198, 22.5813429], [120.339361, 22.5821457], [120.3393198, 22.5836379], [120.3392684, 22.5844921], [120.339308, 22.584915], [120.3396147, 22.5859711], [120.3378261, 22.5864532], [120.3381206, 22.5875072], [120.3374519, 22.5876645], [120.3376344, 22.5883482], [120.3371407, 22.5889552], [120.3368937, 22.5892331], [120.3367107, 22.5893942], [120.3364203, 22.5896499], [120.3359953, 22.5900796], [120.3359469, 22.5901285], [120.3355249, 22.5904629], [120.3353191, 22.5905555], [120.3351493, 22.5905247], [120.3350206, 22.5904732], [120.3349792, 22.590437], [120.3347736, 22.5902571], [120.3343414, 22.5898403], [120.3341973, 22.5896139], [120.334151, 22.5895161], [120.3341304, 22.5893617], [120.3341665, 22.5891611], [120.3343774, 22.5889141], [120.3345047, 22.5886378], [120.3345267, 22.5885899], [120.3345781, 22.5883789], [120.3345318, 22.587993], [120.3345524, 22.5878592], [120.3346862, 22.5875402], [120.3347418, 22.5873106], [120.3346604, 22.5872366], [120.3345164, 22.586758], [120.3343311, 22.5863978], [120.3341767, 22.5862177], [120.3339297, 22.5861354], [120.3337399, 22.5861361], [120.3331507, 22.5862429], [120.3322476, 22.5863227], [120.3319054, 22.5862197], [120.3318633, 22.5861534], [120.3313831, 22.5859547], [120.3311567, 22.5859393], [120.3307657, 22.5860551], [120.3306525, 22.5861709], [120.3304904, 22.5864436], [120.3303077, 22.5865413], [120.3300092, 22.5866391], [120.3295935, 22.5866279], [120.3292057, 22.5864658], [120.3280811, 22.5855626], [120.3278671, 22.5854771], [120.3276451, 22.5854798], [120.327006, 22.5856475], [120.3267176, 22.5856885], [120.3265373, 22.5856212], [120.3260668, 22.5851964], [120.3259003, 22.5850755], [120.3258132, 22.585046], [120.3251162, 22.5850714], [120.3245329, 22.5849602], [120.324182, 22.5849605], [120.3240219, 22.5849978], [120.3235818, 22.585203], [120.3233941, 22.5853834], [120.3230226, 22.585948], [120.3229728, 22.5861236], [120.3230718, 22.5861936], [120.3233317, 22.5862013], [120.3243074, 22.5859665], [120.3244884, 22.585951], [120.3246735, 22.5859948], [120.3247166, 22.5860304], [120.324726, 22.5861091], [120.324045, 22.5870109], [120.3238963, 22.5873117], [120.3237872, 22.5876276], [120.3233907, 22.5887543], [120.3232724, 22.5889577], [120.3230626, 22.5891509], [120.323015, 22.5891948], [120.3223735, 22.589581], [120.3220218, 22.5898269], [120.3218078, 22.5901847], [120.3217841, 22.5903399], [120.3217537, 22.5905389], [120.3217193, 22.5905672], [120.3210934, 22.5907787], [120.3206901, 22.5910037], [120.3205499, 22.5911316], [120.3205635, 22.5912225], [120.320791, 22.5913775], [120.3219923, 22.5918029], [120.3222456, 22.591937], [120.3223526, 22.5920673], [120.3224841, 22.5925481], [120.3225923, 22.5934174], [120.3225923, 22.5937912], [120.3225161, 22.5946101], [120.3224598, 22.5955355], [120.3228674, 22.5964854], [120.3264858, 22.5989915], [120.3279806, 22.6000057], [120.3294749, 22.6010196], [120.3301212, 22.6000739], [120.3305068, 22.6003255], [120.3329117, 22.6018406], [120.3335256, 22.6022496], [120.3366952, 22.6043609], [120.338537, 22.6055877], [120.3393274, 22.6055724], [120.3393244, 22.6060111], [120.3390626, 22.6059948], [120.3390011, 22.6064428], [120.3386705, 22.6065655], [120.3382961, 22.6068271], [120.3379783, 22.6069124], [120.3374758, 22.6102979], [120.3365583, 22.6099894], [120.3330382, 22.6100667], [120.3325906, 22.610104], [120.33277, 22.611041], [120.3327793, 22.6113647], [120.3327838, 22.6115207], [120.3327325, 22.6123176], [120.3326749, 22.6126689], [120.3285452, 22.6123944], [120.3269812, 22.6123398], [120.3266575, 22.6117776], [120.32641, 22.6117745], [120.3250083, 22.611971], [120.3253073, 22.6141457], [120.3252364, 22.6149947], [120.323657, 22.6144263], [120.3235641, 22.6154516], [120.3230389, 22.6154268], [120.3225466, 22.6154479], [120.3225423, 22.6156961], [120.3195717, 22.6154678], [120.3182491, 22.6154056], [120.3182687, 22.6167935], [120.3182514, 22.6170184], [120.3177423, 22.6183351], [120.3160628, 22.6177904], [120.3144169, 22.6172566], [120.3117228, 22.6163879], [120.310961, 22.6161422], [120.3100063, 22.6158057], [120.3084302, 22.6152501], [120.3068151, 22.6147287], [120.3044295, 22.6139586], [120.3050395, 22.6122104], [120.2991883, 22.6103197], [120.2966805, 22.6095094], [120.2958731, 22.6085324], [120.288703, 22.6116939], [120.2813215, 22.6143554], [120.2776218, 22.6110852]]]]}}, {"type": "Feature", "properties": {"name": "旗津區", "admin_level": 7}, "geometry": {"type": "MultiPolygon", "coordinates": [[[[114.4080556, 10.3938889], [114.3888889, 10.4219444], [114.3525, 10.4216667], [114.3352778, 10.4188889], [114.3108333, 10.4047222], [114.3072222, 10.3586111], [114.3397222, 10.3447222], [114.3641667, 10.345], [114.3808333, 10.3472222], [114.4058333, 10.3602778], [114.4080556, 10.3938889]]], [[[116.6639846, 20.9445119], [116.6586381, 20.9417065], [116.6536506, 20.9389111], [116.5931319, 20.9024736], [116.5856362, 20.8976395], [116.5787712, 20.8928086], [116.5717547, 20.8874357], [116.5647392, 20.8815678], [116.5563438, 20.8738123], [116.5522024, 20.8696528], [116.5482644, 20.8654675], [116.5443782, 20.861096], [116.5403431, 20.8562741], [116.536806, 20.8517839], [116.5332727, 20.8470214], [116.5302008, 20.8426268], [116.5267728, 20.8374064], [116.5236866, 20.832377], [116.5208642, 20.8274602], [116.5181372, 20.822373], [116.515374, 20.8168153], [116.5130155, 20.811687], [116.5107263, 20.8062944], [116.5087975, 20.8013586], [116.5067213, 20.7955426], [116.5049318, 20.7899855], [116.5034377, 20.7848355], [116.4995855, 20.7767378], [116.4961203, 20.7684953], [116.4931107, 20.7603064], [116.4905133, 20.7521183], [116.4880303, 20.7427654], [116.4859741, 20.7330286], [116.4844523, 20.7233425], [116.4834192, 20.7134213], [116.4830796, 20.7080626], [116.4828863, 20.7023687], [116.4829969, 20.6914148], [116.4837418, 20.6804828], [116.485102, 20.6697137], [116.4860911, 20.6639295], [116.4871234, 20.6588145], [116.4897206, 20.6482487], [116.4929546, 20.6377257], [116.496578, 20.6279223], [116.498998, 20.6221525], [116.5016015, 20.6164649], [116.5067241, 20.6064725], [116.5665245, 20.5001481], [116.5706341, 20.4932365], [116.5751116, 20.4863634], [116.5795699, 20.4800791], [116.5844161, 20.4737826], [116.5881272, 20.4692854], [116.5925752, 20.4642221], [116.5971177, 20.4593792], [116.6019854, 20.4545198], [116.6068537, 20.449967], [116.611961, 20.4454909], [116.6174564, 20.4409856], [116.6226272, 20.4370225], [116.6279874, 20.4331692], [116.6336654, 20.4293531], [116.6394726, 20.425714], [116.6454026, 20.4222558], [116.6514493, 20.4189821], [116.6576061, 20.4158965], [116.6638665, 20.4130022], [116.6702237, 20.4103023], [116.6812753, 20.4061513], [116.6919153, 20.4027745], [116.7031095, 20.3998391], [116.7144565, 20.3974827], [116.7236215, 20.3960192], [116.7327404, 20.3949438], [116.7399998, 20.3931732], [116.7480146, 20.3914939], [116.7563315, 20.3900325], [116.7642892, 20.3889038], [116.7725502, 20.3880264], [116.7808341, 20.3874347], [116.7888686, 20.3871124], [116.7984696, 20.3870437], [116.8064624, 20.3872432], [116.8142321, 20.3876781], [116.8217934, 20.3883301], [116.8311882, 20.389396], [116.8404763, 20.3906747], [116.8501854, 20.3923694], [116.8695371, 20.394971], [116.8824862, 20.397179], [116.8896038, 20.3986065], [116.896755, 20.4002154], [116.903559, 20.4019199], [116.9103159, 20.4037893], [116.9171424, 20.4058717], [116.923849, 20.4081078], [116.9312232, 20.4107447], [116.9377931, 20.413289], [116.9469373, 20.4170807], [116.9535406, 20.4199947], [116.9612347, 20.4236174], [116.9672789, 20.4266728], [116.9732223, 20.4298809], [116.9790432, 20.4332345], [116.9870117, 20.4380727], [116.9948692, 20.4431189], [117.0016939, 20.4476623], [117.0078278, 20.4519561], [117.0132493, 20.4559815], [117.0187736, 20.4603304], [117.0254642, 20.4658809], [117.0316644, 20.471284], [117.0374531, 20.4766035], [117.0438664, 20.482802], [117.0494902, 20.4884561], [117.0559016, 20.4951504], [117.0638099, 20.5036033], [117.0689604, 20.5093796], [117.0732951, 20.5145217], [117.0774006, 20.5197071], [117.0817683, 20.525534], [117.0859332, 20.5314405], [117.0904307, 20.5382385], [117.0955679, 20.5465005], [117.0991404, 20.552618], [117.103304, 20.5602078], [117.1073675, 20.5679833], [117.1110889, 20.5755927], [117.1147639, 20.5837072], [117.1176869, 20.5906298], [117.1206081, 20.5982139], [117.1237072, 20.6071167], [117.125626, 20.613287], [117.1283055, 20.6228092], [117.1299777, 20.6294376], [117.1314659, 20.6362978], [117.1325434, 20.6421635], [117.1339114, 20.650879], [117.1348187, 20.6582975], [117.1354627, 20.6656146], [117.1358582, 20.6727196], [117.1360698, 20.6808466], [117.1360694, 20.6880461], [117.1358749, 20.6947829], [117.1353309, 20.70462], [117.1347006, 20.7120982], [117.1326215, 20.7288546], [117.131015, 20.7399084], [117.1298434, 20.7465953], [117.1281496, 20.7549397], [117.1263407, 20.7626126], [117.1239214, 20.7715846], [117.1217117, 20.7790102], [117.1191302, 20.7868465], [117.1169374, 20.7930243], [117.1131053, 20.8031225], [117.1104505, 20.8096334], [117.1076113, 20.8160377], [117.1039856, 20.824767], [117.1002339, 20.8330592], [117.0954399, 20.842869], [117.0907902, 20.8516003], [117.0869966, 20.8581462], [117.0830904, 20.8644178], [117.0788448, 20.8707994], [117.0742304, 20.8773059], [117.0698559, 20.8831126], [117.065239, 20.888881], [117.0603962, 20.8945941], [117.0543037, 20.9014648], [117.0500212, 20.9060079], [117.0450509, 20.9109884], [117.0401588, 20.9155828], [117.0348907, 20.9202324], [117.0291497, 20.9250496], [117.0234457, 20.9295472], [117.0177544, 20.9337455], [117.0118466, 20.9378219], [117.0056417, 20.9418189], [116.9995702, 20.9454693], [116.9928609, 20.9492332], [116.9864565, 20.9525837], [116.9796932, 20.9558843], [116.9725573, 20.9591046], [116.965848, 20.9618741], [116.9593626, 20.96434], [116.9524078, 20.9667717], [116.9452103, 20.9690491], [116.9366835, 20.9714729], [116.929897, 20.9732005], [116.9228244, 20.974778], [116.9158264, 20.9761275], [116.9082373, 20.9773691], [116.9010227, 20.978338], [116.8918803, 20.9793033], [116.8825382, 20.979963], [116.8727377, 20.9802928], [116.8647172, 20.9802988], [116.8578155, 20.9800893], [116.8503598, 20.9796427], [116.8432959, 20.9790199], [116.8366451, 20.9782453], [116.8277362, 20.9786688], [116.8189561, 20.9788458], [116.8070006, 20.9787726], [116.7991209, 20.9785179], [116.7873359, 20.9777178], [116.7753415, 20.9763693], [116.7638485, 20.9747295], [116.7526021, 20.9727222], [116.7379, 20.9695118], [116.7291042, 20.9677415], [116.7192504, 20.9653458], [116.7101486, 20.9627301], [116.7015837, 20.9598937], [116.684962, 20.9538129], [116.6746024, 20.9495467], [116.6639846, 20.9445119]]], [[[120.2640006, 22.6173077], [120.2577726, 22.6192473], [120.2548048, 22.6202139], [120.2548232, 22.6198657], [120.2549504, 22.6194332], [120.255173, 22.6189054], [120.2556054, 22.6183394], [120.2561694, 22.617807], [120.2561136, 22.617718], [120.2573995, 22.6170697], [120.2577435, 22.6167866], [120.2579307, 22.616632], [120.2579509, 22.616651], [120.2581378, 22.6165112], [120.2581614, 22.6165185], [120.2587899, 22.6160746], [120.2587786, 22.6160509], [120.2589856, 22.6159341], [120.2589798, 22.6159246], [120.2594116, 22.6156712], [120.25941, 22.6156652], [120.2597878, 22.6154552], [120.2597944, 22.6154515], [120.2598257, 22.6154498], [120.2602521, 22.6152274], [120.2608769, 22.6148133], [120.2609123, 22.6148557], [120.2615401, 22.6144677], [120.2615237, 22.6144444], [120.2622319, 22.6140034], [120.2628749, 22.6135785], [120.2631223, 22.6131608], [120.2632243, 22.6129619], [120.2632752, 22.6128499], [120.2633036, 22.6127384], [120.2632954, 22.6125279], [120.2634159, 22.6122456], [120.2632703, 22.6121878], [120.2632622, 22.6120778], [120.2633165, 22.6119609], [120.2633821, 22.61192], [120.2633214, 22.6118282], [120.2634165, 22.6117128], [120.2634311, 22.6116014], [120.2631459, 22.6114979], [120.262973, 22.6112023], [120.2631929, 22.6109257], [120.2631251, 22.610739], [120.2632308, 22.6103471], [120.263459, 22.6103958], [120.2637863, 22.6107688], [120.2642016, 22.6114935], [120.264567, 22.6114893], [120.2649337, 22.6114434], [120.2653853, 22.6111884], [120.2656451, 22.6109272], [120.2661016, 22.6104011], [120.266569, 22.6098371], [120.2666841, 22.6094828], [120.2672992, 22.6084758], [120.2677247, 22.6079383], [120.2683987, 22.6072416], [120.268895, 22.607048], [120.2698119, 22.6061174], [120.2706607, 22.6050679], [120.2720271, 22.602946], [120.2725117, 22.6022431], [120.2728033, 22.6019389], [120.2730712, 22.6015513], [120.2733484, 22.6013058], [120.2735089, 22.6010126], [120.2736812, 22.6007611], [120.2737213, 22.6006298], [120.273743, 22.6004779], [120.2736521, 22.6000683], [120.2734141, 22.5996815], [120.2736102, 22.5995263], [120.2737944, 22.5995271], [120.2740094, 22.5998568], [120.2742554, 22.6001875], [120.2744521, 22.6003137], [120.2746259, 22.6002175], [120.2749827, 22.5997823], [120.2753366, 22.5993155], [120.2758585, 22.5986952], [120.2762932, 22.5981337], [120.2766087, 22.5976644], [120.2770283, 22.5971617], [120.2773001, 22.5966801], [120.2776419, 22.5961732], [120.27773, 22.5960499], [120.2778601, 22.5959199], [120.2784399, 22.5951599], [120.27858, 22.5950299], [120.2788713, 22.5946031], [120.2790099, 22.5944], [120.27958, 22.59364], [120.2797265, 22.5933702], [120.2798188, 22.5932666], [120.2798701, 22.5931301], [120.2800099, 22.5930001], [120.28015, 22.59287], [120.2804399, 22.5923599], [120.28129, 22.5913501], [120.2814301, 22.59122], [120.2815699, 22.5911], [120.28171, 22.59097], [120.28185, 22.59084], [120.28214, 22.59033], [120.28228, 22.59021], [120.2824201, 22.59008], [120.2825599, 22.58995], [120.2827, 22.58983], [120.2829901, 22.58932], [120.2833532, 22.5888355], [120.2839901, 22.58818], [120.2841199, 22.58805], [120.2842445, 22.5878796], [120.2843903, 22.5877372], [120.2845049, 22.5876233], [120.2846394, 22.5874212], [120.2849701, 22.5870399], [120.28526, 22.58653], [120.2854, 22.5864], [120.2855401, 22.58628], [120.2856494, 22.5861874], [120.28582, 22.5860201], [120.28583, 22.58577], [120.2860077, 22.5853881], [120.2859801, 22.5853799], [120.2861199, 22.5852599], [120.2864, 22.58475], [120.2865401, 22.58462], [120.2868729, 22.5844055], [120.2873111, 22.58398], [120.2874617, 22.5838329], [120.2883324, 22.5829826], [120.2892579, 22.5819609], [120.2900801, 22.5809545], [120.2916322, 22.5791571], [120.2921677, 22.5785004], [120.2931052, 22.5773013], [120.2939898, 22.5761763], [120.2940633, 22.5760828], [120.2952522, 22.5746515], [120.2957601, 22.57384], [120.2963558, 22.5732487], [120.29774, 22.5715601], [120.29803, 22.57105], [120.29817, 22.5709199], [120.2983101, 22.5707901], [120.2990199, 22.5697701], [120.29973, 22.56928], [120.2998701, 22.56915], [120.30059, 22.5680101], [120.30072, 22.5678901], [120.30086, 22.56775], [120.3010001, 22.56763], [120.30114, 22.5675], [120.30129, 22.56737], [120.3014301, 22.5672499], [120.3015699, 22.5671201], [120.30171, 22.5670001], [120.302007, 22.5665476], [120.3024709, 22.5660129], [120.3026004, 22.5656732], [120.3031406, 22.5652363], [120.3034145, 22.5648485], [120.3035662, 22.5643718], [120.3036884, 22.5636063], [120.3037939, 22.5620987], [120.3038844, 22.561148], [120.3039879, 22.5609541], [120.3048901, 22.55985], [120.306671, 22.5579525], [120.3071213, 22.557484], [120.3071812, 22.5574218], [120.3077251, 22.5568534], [120.3058405, 22.5555028], [120.3065737, 22.5546354], [120.3061242, 22.5543083], [120.3072528, 22.5529374], [120.3128952, 22.5538721], [120.3147587, 22.5532921], [120.3152573, 22.5523657], [120.3156071, 22.5518315], [120.318577, 22.5538666], [120.3203704, 22.5552529], [120.3172008, 22.5589965], [120.3080445, 22.5693172], [120.3071522, 22.5701796], [120.3055425, 22.5717352], [120.3047708, 22.5729001], [120.3032127, 22.5753318], [120.3019241, 22.5771009], [120.3003975, 22.5786822], [120.299689, 22.5794161], [120.2975704, 22.5817531], [120.296548, 22.583247], [120.2959062, 22.5841848], [120.2937124, 22.5875109], [120.2850428, 22.6013469], [120.2837241, 22.6034513], [120.2830463, 22.6045336], [120.2822376, 22.6061271], [120.2816192, 22.6070904], [120.2807963, 22.6081638], [120.2801304, 22.6089011], [120.2787271, 22.6101617], [120.2776218, 22.6110852], [120.2764412, 22.6119862], [120.274867, 22.6130529], [120.273378, 22.6139171], [120.2721005, 22.6144904], [120.2701428, 22.6152129], [120.2640006, 22.6173077]]]]}}, {"type": "Feature", "properties": {"name": "鳳山區", "admin_level": 7}, "geometry": {"type": "MultiPolygon", "coordinates": [[[[120.3205499, 22.5911316], [120.3206901, 22.5910037], [120.3210934, 22.5907787], [120.3217193, 22.5905672], [120.3217537, 22.5905389], [120.3217841, 22.5903399], [120.3218078, 22.5901847], [120.3220218, 22.5898269], [120.3223735, 22.589581], [120.323015, 22.5891948], [120.3230626, 22.5891509], [120.3232724, 22.5889577], [120.3233907, 22.5887543], [120.3237872, 22.5876276], [120.3238963, 22.5873117], [120.324045, 22.5870109], [120.324726, 22.5861091], [120.3247166, 22.5860304], [120.3246735, 22.5859948], [120.3244884, 22.585951], [120.3243074, 22.5859665], [120.3233317, 22.5862013], [120.3230718, 22.5861936], [120.3229728, 22.5861236], [120.3230226, 22.585948], [120.3233941, 22.5853834], [120.3235818, 22.585203], [120.3240219, 22.5849978], [120.324182, 22.5849605], [120.3245329, 22.5849602], [120.3251162, 22.5850714], [120.3258132, 22.585046], [120.3259003, 22.5850755], [120.3260668, 22.5851964], [120.3265373, 22.5856212], [120.3267176, 22.5856885], [120.327006, 22.5856475], [120.3276451, 22.5854798], [120.3278671, 22.5854771], [120.3280811, 22.5855626], [120.3292057, 22.5864658], [120.3295935, 22.5866279], [120.3300092, 22.5866391], [120.3303077, 22.5865413], [120.3304904, 22.5864436], [120.3306525, 22.5861709], [120.3307657, 22.5860551], [120.3311567, 22.5859393], [120.3313831, 22.5859547], [120.3318633, 22.5861534], [120.3319054, 22.5862197], [120.3322476, 22.5863227], [120.3331507, 22.5862429], [120.3337399, 22.5861361], [120.3339297, 22.5861354], [120.3341767, 22.5862177], [120.3343311, 22.5863978], [120.3345164, 22.586758], [120.3346604, 22.5872366], [120.3347418, 22.5873106], [120.3346862, 22.5875402], [120.3345524, 22.5878592], [120.3345318, 22.587993], [120.3345781, 22.5883789], [120.3345267, 22.5885899], [120.3345047, 22.5886378], [120.3343774, 22.5889141], [120.3341665, 22.5891611], [120.3341304, 22.5893617], [120.334151, 22.5895161], [120.3341973, 22.5896139], [120.3343414, 22.5898403], [120.3347736, 22.5902571], [120.3349792, 22.590437], [120.3350206, 22.5904732], [120.3351493, 22.5905247], [120.3353191, 22.5905555], [120.3355249, 22.5904629], [120.3359469, 22.5901285], [120.3359953, 22.5900796], [120.3364203, 22.5896499], [120.3367107, 22.5893942], [120.3368937, 22.5892331], [120.3371407, 22.5889552], [120.3376344, 22.5883482], [120.3374519, 22.5876645], [120.3381206, 22.5875072], [120.3378261, 22.5864532], [120.3396147, 22.5859711], [120.339308, 22.584915], [120.3392684, 22.5844921], [120.3395597, 22.5845254], [120.3399115, 22.5844806], [120.3400809, 22.584407], [120.3402696, 22.5842216], [120.3405574, 22.5840361], [120.3413407, 22.5836524], [120.3416861, 22.5835277], [120.3424663, 22.5834702], [120.3428947, 22.5835085], [120.3437357, 22.5838379], [120.3441194, 22.5839242], [120.3444455, 22.5839754], [120.3455103, 22.5840042], [120.3458236, 22.5840393], [120.3466443, 22.5842684], [120.3468317, 22.584372], [120.3471778, 22.5844897], [120.3486774, 22.5847199], [120.348798, 22.5849954], [120.3490959, 22.5851148], [120.3494976, 22.5853322], [120.3496329, 22.5853836], [120.3503618, 22.585856], [120.3506804, 22.585639], [120.3510055, 22.5858907], [120.3519854, 22.5858122], [120.3526497, 22.5856083], [120.353567, 22.585435], [120.3541535, 22.5852956], [120.3546802, 22.5850409], [120.3551299, 22.5849914], [120.3552903, 22.5851093], [120.356479, 22.5851628], [120.3568742, 22.5850585], [120.3568856, 22.5849033], [120.3587201, 22.584971], [120.3593696, 22.5849521], [120.3610835, 22.5848914], [120.3619499, 22.5848514], [120.3619695, 22.5851901], [120.362692, 22.5851272], [120.3630945, 22.5851254], [120.3631344, 22.5860306], [120.3633839, 22.5860306], [120.3633953, 22.5862389], [120.3638848, 22.5862299], [120.3638808, 22.586023], [120.3643308, 22.5860077], [120.3643406, 22.5865222], [120.3648296, 22.5865193], [120.3655138, 22.5864809], [120.3661469, 22.5864745], [120.3672725, 22.5868454], [120.3680782, 22.5869033], [120.3685304, 22.5867993], [120.3687203, 22.5867902], [120.3694484, 22.5868716], [120.3695207, 22.5868897], [120.3696247, 22.5869756], [120.3697694, 22.5871927], [120.3700656, 22.5875567], [120.3702035, 22.5878303], [120.3702804, 22.5878699], [120.3700562, 22.5880959], [120.3697516, 22.588291], [120.36966, 22.5883348], [120.3691258, 22.5884538], [120.3690759, 22.5886703], [120.3691163, 22.5889368], [120.3692805, 22.5894103], [120.3694241, 22.5895768], [120.3695371, 22.5898995], [120.3697013, 22.5900815], [120.3699815, 22.590209], [120.370154, 22.5903529], [120.3702385, 22.5905861], [120.3702468, 22.5908692], [120.3701469, 22.5910619], [120.3699542, 22.5913117], [120.3696955, 22.5916193], [120.3693771, 22.5919282], [120.3692582, 22.5920995], [120.3690607, 22.5926729], [120.3690218, 22.5927871], [120.3684849, 22.5933248], [120.3684153, 22.5935499], [120.3684204, 22.5936509], [120.368523, 22.5940008], [120.3686071, 22.5941455], [120.3688006, 22.5943457], [120.3691034, 22.5945862], [120.3691976, 22.5946973], [120.3695189, 22.5952356], [120.3697326, 22.595525], [120.3698386, 22.5956175], [120.3699546, 22.595673], [120.3705334, 22.5955889], [120.3706562, 22.5959573], [120.3707403, 22.5963325], [120.3707706, 22.5968759], [120.3708328, 22.5970794], [120.3709926, 22.5972409], [120.3713728, 22.5974596], [120.3715461, 22.5976952], [120.3716281, 22.5985443], [120.3714996, 22.5988489], [120.3714853, 22.5990487], [120.3715282, 22.5992676], [120.3716471, 22.599634], [120.3717899, 22.5998196], [120.3718137, 22.5999623], [120.3717661, 22.6001622], [120.3715472, 22.6004191], [120.3714092, 22.6006237], [120.3713283, 22.6008711], [120.3713426, 22.6014517], [120.3711761, 22.6023082], [120.3712236, 22.6027364], [120.3712665, 22.6027983], [120.3714996, 22.6029886], [120.3715662, 22.6030933], [120.3717328, 22.6036881], [120.3719088, 22.6040545], [120.3722467, 22.6043923], [120.3723323, 22.6048729], [120.3724132, 22.6050252], [120.3725655, 22.6051632], [120.3727273, 22.605482], [120.3728272, 22.605777], [120.3729842, 22.6064955], [120.3731698, 22.6065954], [120.3738419, 22.606593], [120.3744058, 22.6064681], [120.3745949, 22.606348], [120.3746318, 22.6062945], [120.3748162, 22.6062314], [120.3750279, 22.60626], [120.3751814, 22.6063409], [120.3756703, 22.6068203], [120.3759998, 22.606982], [120.3762687, 22.6069273], [120.3764102, 22.6069416], [120.3766589, 22.6071182], [120.376829, 22.607239], [120.3772941, 22.6079159], [120.377356, 22.6081455], [120.3773233, 22.6091987], [120.3773805, 22.6094511], [120.3775756, 22.6098986], [120.3775319, 22.6102115], [120.377579, 22.6107363], [120.3776328, 22.6109147], [120.378087, 22.6113992], [120.3781308, 22.6116818], [120.3781021, 22.6123744], [120.3781187, 22.612604], [120.3783162, 22.6130906], [120.3784161, 22.6132357], [120.3786302, 22.6134451], [120.3787385, 22.6139031], [120.3787515, 22.6143065], [120.3786254, 22.6147539], [120.378627, 22.6148532], [120.3787196, 22.615008], [120.3788306, 22.6150416], [120.3790005, 22.6152536], [120.3791132, 22.6154538], [120.3792832, 22.6160325], [120.3795843, 22.6165524], [120.3797525, 22.6167828], [120.3798047, 22.6169073], [120.3798165, 22.6172959], [120.3798013, 22.617449], [120.379623, 22.6178915], [120.3797391, 22.6182751], [120.3796146, 22.6185644], [120.3793303, 22.6187713], [120.3791183, 22.6187882], [120.3789618, 22.6188706], [120.3788188, 22.6190338], [120.3786085, 22.6195604], [120.378479, 22.6197488], [120.3784252, 22.6200112], [120.3784555, 22.6202114], [120.3783007, 22.6208608], [120.3782889, 22.6211115], [120.3783865, 22.6213386], [120.3785951, 22.6216464], [120.3785766, 22.6217592], [120.378368, 22.6220081], [120.3782267, 22.6222319], [120.3782406, 22.6223492], [120.3782502, 22.6224304], [120.3784353, 22.6226306], [120.3794144, 22.6228173], [120.3798333, 22.6228005], [120.3803683, 22.6227164], [120.380661, 22.6227618], [120.380741, 22.6228114], [120.3809487, 22.6229402], [120.3811001, 22.623206], [120.3812919, 22.6234196], [120.3813286, 22.6238201], [120.3823278, 22.6240294], [120.3834032, 22.6244767], [120.3844489, 22.6246945], [120.3845452, 22.6247146], [120.3863153, 22.6256282], [120.3874764, 22.626085], [120.3875097, 22.6261612], [120.387545, 22.6262713], [120.3875525, 22.6263896], [120.3874668, 22.6267512], [120.3868578, 22.6276125], [120.3861583, 22.6292922], [120.3860346, 22.6295396], [120.3859204, 22.6295348], [120.3853066, 22.6291922], [120.3848355, 22.6289829], [120.3839695, 22.6286688], [120.383822, 22.6286498], [120.3829994, 22.6292554], [120.3825162, 22.6295032], [120.3820941, 22.6297656], [120.3811642, 22.6313482], [120.3809002, 22.6316486], [120.380132, 22.6332408], [120.3788182, 22.6355458], [120.3784131, 22.6361201], [120.3780295, 22.6363843], [120.3779349, 22.6370627], [120.3777727, 22.6377892], [120.3776219, 22.6381614], [120.376907, 22.6396559], [120.3765379, 22.64063], [120.3759222, 22.6421192], [120.3757876, 22.6423413], [120.3753479, 22.6429974], [120.3751077, 22.6434831], [120.3750661, 22.6436658], [120.3751018, 22.6437645], [120.3755812, 22.6440322], [120.3758548, 22.6441309], [120.3759274, 22.6442665], [120.3759309, 22.6443795], [120.3757457, 22.6447158], [120.3745222, 22.647526], [120.3719034, 22.6466462], [120.3712451, 22.6476507], [120.3709374, 22.6486235], [120.3700659, 22.648499], [120.3694973, 22.6483846], [120.3684934, 22.6480981], [120.3689985, 22.6466307], [120.3672237, 22.6458419], [120.3669548, 22.6454257], [120.3659122, 22.6453765], [120.3650203, 22.6454689], [120.3647033, 22.6441444], [120.3642408, 22.6443177], [120.3639601, 22.6446936], [120.3638435, 22.6447911], [120.3630227, 22.6453288], [120.3623523, 22.6456927], [120.3623297, 22.6459128], [120.3624355, 22.6465123], [120.3623154, 22.6466432], [120.3622571, 22.6466456], [120.3620216, 22.6464421], [120.3619383, 22.646416], [120.3617979, 22.6464326], [120.360934, 22.646846], [120.3600222, 22.6472026], [120.3599482, 22.6472935], [120.3599179, 22.6475156], [120.3598405, 22.6475627], [120.3592214, 22.6475425], [120.3590935, 22.6475021], [120.3589877, 22.6473566], [120.3588504, 22.6470726], [120.3587421, 22.647056], [120.3585494, 22.6471226], [120.3584162, 22.6470964], [120.3583924, 22.6470691], [120.35839, 22.646981], [120.3585994, 22.6466967], [120.3587231, 22.6464029], [120.3588587, 22.6463006], [120.3589919, 22.6460865], [120.3590205, 22.6459378], [120.3590026, 22.6458283], [120.3587897, 22.645575], [120.3587302, 22.6454274], [120.3586374, 22.6449564], [120.3586006, 22.6443628], [120.3583496, 22.6428901], [120.358312, 22.6423178], [120.358105, 22.6419918], [120.3575649, 22.6422559], [120.3574412, 22.6423796], [120.3568274, 22.643298], [120.3568631, 22.6436263], [120.3568464, 22.6436882], [120.3561898, 22.6441236], [120.3555997, 22.6450015], [120.354749, 22.6459607], [120.3542356, 22.6463255], [120.3540257, 22.6464746], [120.3537545, 22.6467934], [120.3533643, 22.6469504], [120.3527172, 22.6473597], [120.3526077, 22.6473644], [120.3524364, 22.6472597], [120.3512992, 22.6466364], [120.3512024, 22.6466451], [120.3510352, 22.6467595], [120.3509313, 22.6473297], [120.3507571, 22.6475621], [120.3504966, 22.6477328], [120.350215, 22.6477997], [120.3499246, 22.6478155], [120.3491361, 22.6477469], [120.3486715, 22.6477926], [120.348191, 22.6477574], [120.3478865, 22.647636], [120.3472519, 22.647263], [120.3473728, 22.6471833], [120.3475966, 22.6472361], [120.3476843, 22.6472181], [120.3485065, 22.6466181], [120.3466409, 22.6431647], [120.3461115, 22.6420767], [120.3460033, 22.6417877], [120.3459488, 22.641642], [120.3491131, 22.6400732], [120.3494046, 22.6397963], [120.3495867, 22.6398157], [120.3501113, 22.639194], [120.3502205, 22.6390143], [120.3502327, 22.6389336], [120.3501756, 22.6388346], [120.3500244, 22.6387763], [120.3481353, 22.6382778], [120.3475841, 22.638035], [120.3467948, 22.6377848], [120.3458695, 22.6374133], [120.3454907, 22.6372311], [120.345226, 22.6370733], [120.345039, 22.6368183], [120.344988, 22.6366726], [120.3448899, 22.6361511], [120.3447888, 22.6356137], [120.3446577, 22.6344335], [120.344733, 22.6337462], [120.3447875, 22.6335789], [120.3451366, 22.6332726], [120.345265, 22.6331327], [120.345265, 22.6330899], [120.3450766, 22.6330191], [120.3448527, 22.6329993], [120.3437923, 22.6330652], [120.3436144, 22.6330454], [120.343463, 22.6328017], [120.3431796, 22.6321159], [120.3430238, 22.631093], [120.3429129, 22.6308545], [120.3423356, 22.6308701], [120.3418358, 22.6308455], [120.3417681, 22.6298879], [120.3414791, 22.6298367], [120.3401963, 22.629727], [120.339345, 22.6295135], [120.3401089, 22.6291362], [120.3416181, 22.6285975], [120.3422152, 22.6284174], [120.342714, 22.628267], [120.3430201, 22.6281866], [120.3443982, 22.6281222], [120.3443637, 22.6270749], [120.344291, 22.6248953], [120.3428504, 22.6247912], [120.3422583, 22.6246248], [120.3400574, 22.6243508], [120.3399857, 22.6234981], [120.3398608, 22.6230923], [120.3396456, 22.6224807], [120.3382116, 22.6205729], [120.3406437, 22.6190315], [120.3395192, 22.6176607], [120.3390012, 22.6179829], [120.3372388, 22.6165139], [120.3366435, 22.6164492], [120.3347337, 22.6162417], [120.334448, 22.6184635], [120.3319502, 22.6181493], [120.3296087, 22.6178548], [120.3278859, 22.6176381], [120.3280566, 22.6165451], [120.3275093, 22.6165412], [120.3268355, 22.6165365], [120.3271189, 22.6158399], [120.3273052, 22.6152169], [120.3274042, 22.6146172], [120.3274294, 22.6141689], [120.3274032, 22.6136408], [120.327314, 22.6132291], [120.3271326, 22.6126675], [120.3269812, 22.6123398], [120.3285452, 22.6123944], [120.3326749, 22.6126689], [120.3327325, 22.6123176], [120.3327838, 22.6115207], [120.3327793, 22.6113647], [120.33277, 22.611041], [120.3325906, 22.610104], [120.3330382, 22.6100667], [120.3365583, 22.6099894], [120.3374758, 22.6102979], [120.3379783, 22.6069124], [120.3382961, 22.6068271], [120.3386705, 22.6065655], [120.3390011, 22.6064428], [120.3390626, 22.6059948], [120.3393244, 22.6060111], [120.3393274, 22.6055724], [120.338537, 22.6055877], [120.3366952, 22.6043609], [120.3335256, 22.6022496], [120.3329117, 22.6018406], [120.3305068, 22.6003255], [120.3301212, 22.6000739], [120.3294749, 22.6010196], [120.3279806, 22.6000057], [120.3264858, 22.5989915], [120.3228674, 22.5964854], [120.3224598, 22.5955355], [120.3225161, 22.5946101], [120.3225923, 22.5937912], [120.3225923, 22.5934174], [120.3224841, 22.5925481], [120.3223526, 22.5920673], [120.3222456, 22.591937], [120.3219923, 22.5918029], [120.320791, 22.5913775], [120.3205635, 22.5912225], [120.3205499, 22.5911316]]]]}}, {"type": "Feature", "properties": {"name": "鳥松區", "admin_level": 7}, "geometry": {"type": "MultiPolygon", "coordinates": [[[[120.3308342, 22.6600862], [120.3308492, 22.660014], [120.3309731, 22.6597423], [120.3311235, 22.6591825], [120.3313563, 22.6587169], [120.3315942, 22.658489], [120.3320899, 22.6581986], [120.3322752, 22.6579182], [120.3324555, 22.6577329], [120.3332391, 22.6573373], [120.3334889, 22.6569087], [120.3349026, 22.655013], [120.3354122, 22.6545669], [120.3362768, 22.653971], [120.3374959, 22.6532178], [120.3369357, 22.6525237], [120.338417, 22.6512211], [120.3395043, 22.6506654], [120.341196, 22.6493619], [120.3418488, 22.6489296], [120.3430415, 22.6480062], [120.3455237, 22.646155], [120.3463727, 22.6471614], [120.3467333, 22.647285], [120.3470451, 22.64732], [120.3472519, 22.647263], [120.3478865, 22.647636], [120.348191, 22.6477574], [120.3486715, 22.6477926], [120.3491361, 22.6477469], [120.3499246, 22.6478155], [120.350215, 22.6477997], [120.3504966, 22.6477328], [120.3507571, 22.6475621], [120.3509313, 22.6473297], [120.3510352, 22.6467595], [120.3512024, 22.6466451], [120.3512992, 22.6466364], [120.3524364, 22.6472597], [120.3526077, 22.6473644], [120.3527172, 22.6473597], [120.3533643, 22.6469504], [120.3537545, 22.6467934], [120.3540257, 22.6464746], [120.3542356, 22.6463255], [120.354749, 22.6459607], [120.3555997, 22.6450015], [120.3561898, 22.6441236], [120.3568464, 22.6436882], [120.3568631, 22.6436263], [120.3568274, 22.643298], [120.3574412, 22.6423796], [120.3575649, 22.6422559], [120.358105, 22.6419918], [120.358312, 22.6423178], [120.3583496, 22.6428901], [120.3586006, 22.6443628], [120.3586374, 22.6449564], [120.3587302, 22.6454274], [120.3587897, 22.645575], [120.3590026, 22.6458283], [120.3590205, 22.6459378], [120.3589919, 22.6460865], [120.3588587, 22.6463006], [120.3587231, 22.6464029], [120.3585994, 22.6466967], [120.35839, 22.646981], [120.3583924, 22.6470691], [120.3584162, 22.6470964], [120.3585494, 22.6471226], [120.3587421, 22.647056], [120.3588504, 22.6470726], [120.3589877, 22.6473566], [120.3590935, 22.6475021], [120.3592214, 22.6475425], [120.3598405, 22.6475627], [120.3599179, 22.6475156], [120.3599482, 22.6472935], [120.3600222, 22.6472026], [120.360934, 22.646846], [120.3617979, 22.6464326], [120.3619383, 22.646416], [120.3620216, 22.6464421], [120.3622571, 22.6466456], [120.3623154, 22.6466432], [120.3624355, 22.6465123], [120.3623297, 22.6459128], [120.3623523, 22.6456927], [120.3630227, 22.6453288], [120.3638435, 22.6447911], [120.3639601, 22.6446936], [120.3642408, 22.6443177], [120.3647033, 22.6441444], [120.3650203, 22.6454689], [120.3659122, 22.6453765], [120.3669548, 22.6454257], [120.3672237, 22.6458419], [120.3689985, 22.6466307], [120.3684934, 22.6480981], [120.3694973, 22.6483846], [120.3700659, 22.648499], [120.3709374, 22.6486235], [120.3712451, 22.6476507], [120.3719034, 22.6466462], [120.3745222, 22.647526], [120.3757457, 22.6447158], [120.3759309, 22.6443795], [120.3759274, 22.6442665], [120.3758548, 22.6441309], [120.3755812, 22.6440322], [120.3751018, 22.6437645], [120.3750661, 22.6436658], [120.3751077, 22.6434831], [120.3753479, 22.6429974], [120.3757876, 22.6423413], [120.3759222, 22.6421192], [120.3765379, 22.64063], [120.376907, 22.6396559], [120.3776219, 22.6381614], [120.3777727, 22.6377892], [120.3778916, 22.6383183], [120.3779735, 22.6384549], [120.3780681, 22.6385369], [120.3782426, 22.6385958], [120.3813197, 22.6392852], [120.3813974, 22.6393482], [120.3815845, 22.6397055], [120.3817211, 22.6398506], [120.382091, 22.6400818], [120.3823474, 22.6403024], [120.3826354, 22.6403907], [120.3828267, 22.6405042], [120.3830957, 22.6408384], [120.3834887, 22.6409414], [120.3836632, 22.6410948], [120.3844135, 22.6419377], [120.3844766, 22.6419461], [120.384588, 22.641904], [120.3850882, 22.6414648], [120.3852438, 22.6414437], [120.3859479, 22.6417275], [120.3864166, 22.6420428], [120.3865532, 22.6420701], [120.3872426, 22.6420596], [120.3875873, 22.6422403], [120.387747, 22.6422529], [120.3882094, 22.6421857], [120.3883355, 22.6421941], [120.3894621, 22.6428667], [120.3896471, 22.6430432], [120.3899909, 22.643435], [120.3901885, 22.6435485], [120.3908274, 22.6434603], [120.3918279, 22.643414], [120.3920654, 22.6433552], [120.3924921, 22.6431198], [120.3926329, 22.6431891], [120.3927821, 22.6434413], [120.3929881, 22.6436873], [120.3931268, 22.6437881], [120.3932698, 22.6438512], [120.3934463, 22.6438659], [120.3936733, 22.6438155], [120.3938478, 22.643826], [120.3942093, 22.6440067], [120.3942976, 22.6440236], [120.3948146, 22.6439542], [120.3948945, 22.6439542], [120.3952539, 22.6440971], [120.3954304, 22.6442358], [120.3956616, 22.6444881], [120.3957709, 22.6445511], [120.3971159, 22.6446562], [120.3984316, 22.6444565], [120.3987574, 22.6440341], [120.3988793, 22.6440025], [120.3994374, 22.6440057], [120.4005128, 22.6434455], [120.4004781, 22.6436215], [120.4003853, 22.6440046], [120.4000647, 22.6452898], [120.4006511, 22.6459014], [120.4012244, 22.6463345], [120.4013973, 22.6465033], [120.4017206, 22.6470929], [120.4017063, 22.6474243], [120.4016535, 22.6476256], [120.4014254, 22.6482212], [120.4012139, 22.6490935], [120.4011428, 22.6496222], [120.4010553, 22.649669], [120.4007544, 22.6497442], [120.4006466, 22.6498113], [120.4003864, 22.6501041], [120.3998293, 22.6503237], [120.3996341, 22.6505839], [120.3996036, 22.6507141], [120.3997622, 22.6509886], [120.4000773, 22.6513261], [120.4000732, 22.6513688], [120.3999878, 22.6514339], [120.3996483, 22.6515782], [120.3996117, 22.6517104], [120.3996158, 22.6519524], [120.3996524, 22.6521963], [120.3997662, 22.6524281], [120.4, 22.6527514], [120.3999655, 22.6530463], [120.4000814, 22.6530646], [120.4002318, 22.6528816], [120.4003864, 22.65291], [120.400451, 22.6529757], [120.4005804, 22.6538298], [120.4006638, 22.6540397], [120.4007415, 22.6541518], [120.4008076, 22.6542266], [120.4010233, 22.6543387], [120.4011239, 22.654448], [120.4012533, 22.6546723], [120.4013913, 22.6550375], [120.4015581, 22.6553279], [120.401584, 22.6554659], [120.4016904, 22.6561791], [120.4015639, 22.6564551], [120.4015667, 22.6565443], [120.40163, 22.6566909], [120.401883, 22.6569526], [120.4017651, 22.6574644], [120.4015754, 22.6577117], [120.4015811, 22.657867], [120.401607, 22.6579331], [120.4017163, 22.658051], [120.4020584, 22.6581431], [120.4021706, 22.6582322], [120.4022022, 22.6583587], [120.4021648, 22.6585485], [120.4020412, 22.6588849], [120.402098, 22.6590008], [120.4022734, 22.6590741], [120.4024056, 22.6592624], [120.4028255, 22.6594997], [120.4028629, 22.6595586], [120.4028197, 22.659839], [120.4024171, 22.6600561], [120.4023783, 22.6601251], [120.402443, 22.6604055], [120.402364, 22.6607807], [120.4025149, 22.6609576], [120.4025523, 22.6610812], [120.4025264, 22.6612351], [120.4024408, 22.6614475], [120.4024013, 22.6615456], [120.4024042, 22.661675], [120.4026199, 22.6622746], [120.4026012, 22.6624672], [120.4025149, 22.6627217], [120.4025969, 22.6631803], [120.4025422, 22.6637454], [120.4026587, 22.6640186], [120.4026702, 22.6641178], [120.4025667, 22.6644168], [120.4025652, 22.6647432], [120.4025005, 22.665002], [120.4024818, 22.6652378], [120.4026069, 22.6660602], [120.4026156, 22.6663247], [120.4024991, 22.666631], [120.4022489, 22.666907], [120.4014687, 22.6675597], [120.4006961, 22.6680741], [120.4001532, 22.6686231], [120.3999336, 22.6689729], [120.3999021, 22.6691071], [120.3999265, 22.669411], [120.3999031, 22.6695666], [120.3997567, 22.6697597], [120.3993805, 22.6700495], [120.3991924, 22.6703687], [120.3990999, 22.6707144], [120.3991569, 22.6710783], [120.3990653, 22.6711883], [120.3989002, 22.6712516], [120.3986465, 22.6713589], [120.3984237, 22.6714845], [120.3983323, 22.6715511], [120.3982175, 22.6716527], [120.3982327, 22.6717127], [120.3985489, 22.6719516], [120.398615, 22.6721102], [120.398615, 22.6722861], [120.3984706, 22.6731869], [120.3984411, 22.6733058], [120.3982541, 22.6735681], [120.3977211, 22.6746382], [120.3973307, 22.6751587], [120.3969973, 22.6754637], [120.3971701, 22.676214], [120.3971701, 22.6768586], [120.3970969, 22.67719], [120.3965418, 22.677129], [120.3963019, 22.6771859], [120.396188, 22.677251], [120.3960396, 22.6773933], [120.3958871, 22.6777044], [120.3958485, 22.6778895], [120.3959013, 22.678227], [120.3955923, 22.6786174], [120.3955496, 22.6787638], [120.3955984, 22.6789366], [120.3958322, 22.6792701], [120.3959888, 22.6795446], [120.3959725, 22.6796788], [120.3958749, 22.6798984], [120.3959013, 22.679937], [120.3959766, 22.6799411], [120.3963548, 22.6798679], [120.3965215, 22.6799065], [120.3966455, 22.6799695], [120.3966882, 22.6800875], [120.3966821, 22.6801952], [120.3964768, 22.6804636], [120.3968509, 22.6806243], [120.3970258, 22.6806121], [120.3971945, 22.680547], [120.3975219, 22.6805755], [120.3976113, 22.6806161], [120.3976622, 22.6807422], [120.3975768, 22.6808398], [120.3974019, 22.6809537], [120.3965134, 22.68134], [120.3962694, 22.6815169], [120.3959217, 22.6819093], [120.3956655, 22.682074], [120.3944516, 22.6823953], [120.3940653, 22.683052], [120.3940002, 22.6835542], [120.3939046, 22.6837189], [120.3938111, 22.6837921], [120.3933495, 22.6839243], [120.3930507, 22.683965], [120.3927965, 22.6839284], [120.3922373, 22.683723], [120.3920177, 22.6837169], [120.3918164, 22.6838958], [120.3917412, 22.6840422], [120.3917107, 22.6844814], [120.391731, 22.6848088], [120.3916558, 22.6849633], [120.3911434, 22.6849959], [120.3905639, 22.684821], [120.3903321, 22.6848169], [120.3902366, 22.684882], [120.3900504, 22.6851649], [120.3897707, 22.6853347], [120.3898634, 22.6859904], [120.3900704, 22.6864864], [120.3899506, 22.6868992], [120.3899051, 22.6870558], [120.389895, 22.6871995], [120.3899382, 22.6873606], [120.3904428, 22.6876567], [120.3905233, 22.6877301], [120.3905771, 22.6878052], [120.3906991, 22.6884639], [120.3907845, 22.688651], [120.3909187, 22.6888259], [120.3911423, 22.6890292], [120.3917401, 22.6893667], [120.3920167, 22.6896433], [120.3921061, 22.6898019], [120.3922566, 22.6902004], [120.3925209, 22.6905379], [120.3926587, 22.6906904], [120.3927812, 22.6909202], [120.3928469, 22.690968], [120.3930496, 22.6912862], [120.3931309, 22.6916196], [120.3932117, 22.6920884], [120.3931613, 22.6922206], [120.393074, 22.6923191], [120.3930496, 22.6928315], [120.3929235, 22.6932951], [120.3926267, 22.6937546], [120.392444, 22.6939472], [120.392263, 22.6940591], [120.3923871, 22.6946914], [120.3913196, 22.6955739], [120.3911406, 22.6957833], [120.3908763, 22.6958545], [120.3905551, 22.6960781], [120.3902257, 22.696495], [120.3899044, 22.6965966], [120.3897072, 22.6965783], [120.38915, 22.6959744], [120.3889, 22.6957731], [120.3883388, 22.6953746], [120.3880907, 22.6951469], [120.3879931, 22.6950168], [120.3878813, 22.6947362], [120.387804, 22.6946121], [120.3870822, 22.6938354], [120.3867711, 22.6936219], [120.3864437, 22.6931563], [120.3860106, 22.6928757], [120.3855918, 22.6924589], [120.385179, 22.6923511], [120.3850428, 22.6922616], [120.3849554, 22.6921173], [120.3848842, 22.6918773], [120.3843921, 22.6914158], [120.3841156, 22.6910417], [120.3839611, 22.6909603], [120.3833836, 22.6908404], [120.382554, 22.6901694], [120.382186, 22.6899477], [120.3819725, 22.6898908], [120.3816777, 22.689476], [120.3814235, 22.6892686], [120.3813117, 22.6892157], [120.381151, 22.6891649], [120.3809884, 22.689169], [120.3803459, 22.6893215], [120.3802117, 22.6892889], [120.3800937, 22.6891974], [120.3799311, 22.6891832], [120.3796464, 22.689291], [120.3793333, 22.6889962], [120.3796281, 22.687886], [120.3796322, 22.6876176], [120.3797277, 22.6873004], [120.3796749, 22.6866233], [120.3795041, 22.6863468], [120.3792845, 22.686237], [120.3785606, 22.6859767], [120.3784325, 22.685749], [120.378339, 22.6856595], [120.3780828, 22.685446], [120.3775643, 22.6851491], [120.376993, 22.6850272], [120.3767246, 22.6848787], [120.3763708, 22.6848808], [120.3754924, 22.6841528], [120.3751366, 22.6839844], [120.3748491, 22.683901], [120.3746507, 22.6834409], [120.3745414, 22.6832727], [120.3743027, 22.6830082], [120.3742352, 22.6827623], [120.3741029, 22.6826272], [120.3740597, 22.6824949], [120.3737032, 22.6823137], [120.3737089, 22.6815532], [120.3735177, 22.6814051], [120.3727801, 22.68106], [120.3724897, 22.6807753], [120.3723373, 22.680528], [120.3720728, 22.6802477], [120.3719879, 22.680183], [120.3717378, 22.6800809], [120.3716371, 22.6796438], [120.371548, 22.6794569], [120.3710074, 22.6788013], [120.3707975, 22.6784361], [120.3706839, 22.6781327], [120.3703288, 22.6777891], [120.3701835, 22.6775878], [120.3701217, 22.6772873], [120.3701533, 22.6769164], [120.3700613, 22.6767654], [120.3699046, 22.676728], [120.3695107, 22.6768517], [120.369341, 22.6768272], [120.3687357, 22.6761271], [120.3684467, 22.6759804], [120.3682972, 22.6759315], [120.3680298, 22.6759215], [120.3678817, 22.6760595], [120.367689, 22.6761788], [120.3674964, 22.6761817], [120.3673253, 22.6760451], [120.3672663, 22.6758136], [120.3672635, 22.6755218], [120.3671686, 22.6751494], [120.3669529, 22.6750444], [120.3667344, 22.6749984], [120.3666311, 22.674863], [120.3666081, 22.674679], [120.3666311, 22.6745065], [120.3667289, 22.6743397], [120.3668726, 22.6739544], [120.3664978, 22.6734678], [120.366022, 22.6726199], [120.3655808, 22.6719123], [120.3653795, 22.671646], [120.3651578, 22.6715016], [120.3644584, 22.6712434], [120.3640781, 22.6709912], [120.363582, 22.6705703], [120.3630961, 22.6699441], [120.3627517, 22.6696178], [120.3626015, 22.6695747], [120.3623808, 22.6695546], [120.3622119, 22.6695977], [120.3620156, 22.6697048], [120.36192, 22.6697141], [120.3617352, 22.6695977], [120.3615972, 22.6691807], [120.361511, 22.6690916], [120.3602312, 22.6688759], [120.3601652, 22.6689446], [120.3600484, 22.6692511], [120.3599481, 22.6694339], [120.3598299, 22.6695658], [120.3596663, 22.6696359], [120.3585422, 22.6696318], [120.3579732, 22.669574], [120.3577327, 22.6694559], [120.357396, 22.6692662], [120.3572078, 22.6692332], [120.3571226, 22.6692525], [120.357069, 22.6693267], [120.3569343, 22.6698997], [120.3566828, 22.6707188], [120.3565069, 22.6710899], [120.3563859, 22.6713345], [120.3553387, 22.6724325], [120.3552137, 22.6724903], [120.354822, 22.6725439], [120.3546777, 22.6726043], [120.3546324, 22.6726689], [120.3545826, 22.6727612], [120.35451, 22.6730771], [120.3544413, 22.6731321], [120.353893, 22.6731554], [120.3536099, 22.6731307], [120.3531839, 22.67304], [120.3527853, 22.6728916], [120.3523895, 22.6726359], [120.3520597, 22.6721742], [120.3518261, 22.6719433], [120.3512599, 22.671531], [120.3510757, 22.6711545], [120.3509823, 22.6710885], [120.3502731, 22.6709978], [120.3493441, 22.6707092], [120.3491352, 22.6706212], [120.3489044, 22.6704646], [120.3486048, 22.6700963], [120.3484261, 22.670044], [120.3478214, 22.6699369], [120.3471096, 22.6699451], [120.3465818, 22.6700605], [120.3462245, 22.6701705], [120.3457628, 22.6704371], [120.3456143, 22.670569], [120.3453065, 22.6707697], [120.3451224, 22.6709566], [120.3446524, 22.6711462], [120.3438855, 22.671553], [120.3433138, 22.6717976], [120.342929, 22.6717509], [120.3428493, 22.6720203], [120.3428081, 22.6720615], [120.3426459, 22.6720642], [120.3426182, 22.6721249], [120.3424638, 22.6723002], [120.3423667, 22.6723313], [120.342252, 22.6724363], [120.3420246, 22.6725373], [120.3416378, 22.6728502], [120.3415756, 22.6728561], [120.3414513, 22.6727861], [120.3413055, 22.672755], [120.3412588, 22.6727861], [120.3412414, 22.6729396], [120.3411111, 22.6730038], [120.340979, 22.6730038], [120.3408682, 22.67286], [120.3401549, 22.6723819], [120.3397934, 22.6721758], [120.3396535, 22.6721292], [120.3395482, 22.6721898], [120.3395504, 22.6718789], [120.3394639, 22.6712653], [120.3394661, 22.6709611], [120.3394179, 22.6708604], [120.3385248, 22.6706283], [120.338376, 22.6705474], [120.3381527, 22.670254], [120.3376274, 22.6700111], [120.3375332, 22.6698819], [120.3375157, 22.6694332], [120.3374566, 22.669315], [120.3369793, 22.6689658], [120.3367605, 22.6688509], [120.3359178, 22.6681657], [120.3351998, 22.6674609], [120.3342372, 22.6665869], [120.3336713, 22.6662314], [120.3336012, 22.6661513], [120.333431, 22.6658408], [120.3333409, 22.6655904], [120.3333409, 22.6654002], [120.3335612, 22.6649645], [120.3336763, 22.6645289], [120.3338416, 22.6643787], [120.3342772, 22.6641033], [120.3343223, 22.6640332], [120.3345727, 22.6631569], [120.334828, 22.6629416], [120.3352587, 22.6621354], [120.3352787, 22.6620503], [120.3351685, 22.6616797], [120.3351886, 22.6615295], [120.3353538, 22.6612841], [120.3360398, 22.6606933], [120.3362902, 22.6602777], [120.3365606, 22.6599872], [120.3365656, 22.6598821], [120.3365255, 22.659802], [120.3363853, 22.6597168], [120.33616, 22.6596718], [120.3354489, 22.6595516], [120.3352737, 22.6595716], [120.3350634, 22.6595866], [120.3342973, 22.659837], [120.3336914, 22.659852], [120.3335612, 22.6599472], [120.333431, 22.6599622], [120.3332407, 22.659857], [120.3329002, 22.6598721], [120.3327199, 22.6597319], [120.3326549, 22.6595416], [120.3325747, 22.6595516], [120.3324846, 22.6596167], [120.3323594, 22.659812], [120.3322192, 22.6603327], [120.3321291, 22.6603828], [120.3320039, 22.6603578], [120.3319288, 22.6602176], [120.3318336, 22.6601825], [120.3316985, 22.6601625], [120.3312419, 22.6601899], [120.3308716, 22.660176], [120.3308342, 22.6600862]]]]}}, {"type": "Feature", "properties": {"name": "大寮區", "admin_level": 7}, "geometry": {"type": "MultiPolygon", "coordinates": [[[[120.3691163, 22.5889368], [120.3690759, 22.5886703], [120.3691258, 22.5884538], [120.36966, 22.5883348], [120.3697516, 22.588291], [120.3700562, 22.5880959], [120.3702804, 22.5878699], [120.3704251, 22.5878303], [120.3705563, 22.5877263], [120.3709078, 22.5876325], [120.3708886, 22.5875867], [120.3705144, 22.5872894], [120.3704941, 22.5871764], [120.3705664, 22.5870859], [120.371558, 22.5865707], [120.3722007, 22.5864428], [120.3722934, 22.586414], [120.3724245, 22.5862605], [120.3725411, 22.586009], [120.3726203, 22.5859338], [120.3731823, 22.5857151], [120.3734125, 22.5855329], [120.3734827, 22.5854379], [120.3735918, 22.5851557], [120.3736098, 22.5850008], [120.3735341, 22.5840693], [120.3734459, 22.5838274], [120.373161, 22.5835945], [120.3730774, 22.5834814], [120.3730701, 22.5832905], [120.3730638, 22.5831265], [120.3730842, 22.5830405], [120.373244, 22.5828434], [120.3735458, 22.5827462], [120.3736235, 22.5826897], [120.373679, 22.5826298], [120.3740923, 22.582184], [120.3741714, 22.582132], [120.3743195, 22.5820992], [120.3743737, 22.5820915], [120.3745411, 22.5820676], [120.3746767, 22.5820879], [120.3748101, 22.5821648], [120.3749209, 22.5823886], [120.3750159, 22.5824745], [120.3751074, 22.5824915], [120.3751923, 22.5825073], [120.3756173, 22.5824825], [120.3759689, 22.5823536], [120.37629, 22.5822982], [120.3764529, 22.5820494], [120.3765456, 22.5819663], [120.3768214, 22.5818176], [120.3769933, 22.5817568], [120.3774209, 22.5817137], [120.3776623, 22.5816902], [120.3777838, 22.581741], [120.3778616, 22.5819695], [120.3779687, 22.5821086], [120.3786737, 22.5822317], [120.3788, 22.582278], [120.3789903, 22.5824171], [120.3791789, 22.5827241], [120.3798161, 22.5825446], [120.3798712, 22.5825291], [120.3801744, 22.5823098], [120.3802432, 22.5822298], [120.380483, 22.5817166], [120.3811513, 22.58105], [120.3813652, 22.5808672], [120.3814602, 22.5806592], [120.381415, 22.5801934], [120.3814285, 22.5800713], [120.3815054, 22.5798271], [120.3815489, 22.579781], [120.3816591, 22.5796643], [120.3817858, 22.5796146], [120.3821204, 22.5795287], [120.3823827, 22.5794925], [120.3824595, 22.5793885], [120.3825281, 22.5789499], [120.382596, 22.5788278], [120.3826819, 22.5787419], [120.3829124, 22.5785461], [120.383012, 22.5784615], [120.3831793, 22.5782716], [120.3838078, 22.5778013], [120.3842239, 22.5777063], [120.3847529, 22.5774576], [120.3850378, 22.5773988], [120.3854041, 22.577426], [120.3855759, 22.577331], [120.3856257, 22.5772496], [120.3857387, 22.5766618], [120.3858439, 22.575295], [120.3858778, 22.5751752], [120.3860372, 22.5748914], [120.3860677, 22.5744109], [120.3862689, 22.5737824], [120.3863795, 22.5732433], [120.3861059, 22.5725876], [120.3859567, 22.572522], [120.3857532, 22.5725062], [120.3855678, 22.5724361], [120.3855226, 22.5722575], [120.385509, 22.5719319], [120.3854638, 22.5718166], [120.3854186, 22.57169], [120.3853372, 22.5716538], [120.3851857, 22.5715294], [120.3851337, 22.5714413], [120.3850795, 22.5711677], [120.3850953, 22.5709665], [120.3851852, 22.5707539], [120.3852632, 22.570655], [120.3855951, 22.5703979], [120.3856504, 22.5703192], [120.3857238, 22.5700719], [120.3857222, 22.5697361], [120.3858045, 22.5695435], [120.3859324, 22.5693368], [120.3860156, 22.5692983], [120.3861547, 22.5691368], [120.3864249, 22.5689513], [120.3867302, 22.5688218], [120.3869397, 22.5686987], [120.3870246, 22.5685568], [120.3870756, 22.5684717], [120.3872354, 22.5683534], [120.3874001, 22.5683806], [120.3875236, 22.5684546], [120.3878589, 22.5686555], [120.3880364, 22.5687275], [120.3882746, 22.5686348], [120.388815, 22.5686507], [120.3889861, 22.5686252], [120.3890276, 22.568542], [120.3890404, 22.5683246], [120.3891795, 22.5676611], [120.3892936, 22.5674967], [120.3894119, 22.5673944], [120.3894151, 22.5672489], [120.3893255, 22.5670603], [120.3893271, 22.5669611], [120.3895973, 22.5668396], [120.3898084, 22.5668236], [120.3899571, 22.5672777], [120.389997, 22.5673368], [120.390053, 22.5673305], [120.390085, 22.5670683], [120.3899235, 22.5666478], [120.3899443, 22.5665023], [120.3901713, 22.5662097], [120.3903803, 22.5657913], [120.3904495, 22.5657061], [120.3908188, 22.5654903], [120.39135, 22.5650107], [120.3913963, 22.5650426], [120.3913787, 22.5652249], [120.3914155, 22.5652968], [120.3915098, 22.5653272], [120.3915546, 22.5653048], [120.3916377, 22.5652073], [120.3916969, 22.5650442], [120.3918408, 22.5649931], [120.391868, 22.5651194], [120.3919463, 22.5651913], [120.3920918, 22.5652473], [120.3921206, 22.5653864], [120.3922069, 22.5654375], [120.3923735, 22.5654254], [120.3924694, 22.5653647], [120.3926048, 22.5651079], [120.392646, 22.5650706], [120.3927246, 22.5650796], [120.3929959, 22.5653244], [120.3935581, 22.5656602], [120.3936804, 22.5657743], [120.3935888, 22.5659411], [120.3933612, 22.565869], [120.3930379, 22.5659662], [120.392961, 22.5659662], [120.3928254, 22.5658272], [120.39264, 22.5657989], [120.3923596, 22.5659312], [120.3919402, 22.5660295], [120.3918905, 22.5660736], [120.3918385, 22.5662477], [120.391852, 22.5663642], [120.3919493, 22.5664704], [120.391912, 22.5665812], [120.3917842, 22.5666977], [120.3916802, 22.5667406], [120.391505, 22.5666988], [120.3914699, 22.5666445], [120.3914461, 22.566466], [120.3913291, 22.5664722], [120.3911926, 22.5665416], [120.391075, 22.5666851], [120.3910479, 22.566762], [120.3910445, 22.5669316], [120.3911168, 22.5670966], [120.3913033, 22.5671769], [120.3915, 22.5670593], [120.3917047, 22.5670548], [120.3917533, 22.567143], [120.3917748, 22.5673216], [120.3918109, 22.5673465], [120.3922236, 22.5673227], [120.3923129, 22.5672413], [120.3923185, 22.567143], [120.3922394, 22.5669497], [120.3923004, 22.5668038], [120.3926305, 22.5664749], [120.3927379, 22.5664003], [120.3929572, 22.56632], [120.3932636, 22.5663392], [120.3934128, 22.5664884], [120.3934818, 22.5666987], [120.3935881, 22.5668197], [120.3936819, 22.5668513], [120.3938775, 22.5666614], [120.3942358, 22.5661222], [120.3944274, 22.5660436], [120.3944529, 22.5659537], [120.3943159, 22.5657588], [120.3941177, 22.5656508], [120.3938715, 22.5653647], [120.3935653, 22.5647324], [120.3934972, 22.5644602], [120.3935164, 22.564353], [120.3936497, 22.5640958], [120.3939211, 22.5638211], [120.3940703, 22.5637725], [120.3943065, 22.5638053], [120.3944049, 22.563794], [120.3947135, 22.5637092], [120.3948447, 22.5636583], [120.395125, 22.5634447], [120.3951397, 22.5633339], [120.3951092, 22.5632593], [120.3949283, 22.5630287], [120.3948763, 22.5628693], [120.3948266, 22.5622504], [120.3946864, 22.5618728], [120.3946773, 22.5612895], [120.394712, 22.5610181], [120.3947615, 22.5609157], [120.3954282, 22.5605033], [120.3955449, 22.5604041], [120.3955673, 22.5603584], [120.3955865, 22.5603194], [120.3955735, 22.5602607], [120.3955609, 22.5602043], [120.395449, 22.5600876], [120.3952044, 22.5599949], [120.394995, 22.5600092], [120.3948191, 22.560054], [120.3946384, 22.5602043], [120.3945569, 22.5602267], [120.3943107, 22.5602219], [120.3942356, 22.5601723], [120.3940917, 22.560006], [120.3939414, 22.5596863], [120.3938082, 22.5594042], [120.3941029, 22.559074], [120.3941476, 22.558823], [120.3944658, 22.5581805], [120.3947552, 22.5577998], [120.3949993, 22.5577633], [120.3949742, 22.5576751], [120.3946394, 22.5573849], [120.3946479, 22.5572063], [120.3947389, 22.5570723], [120.3952521, 22.5566204], [120.3953017, 22.5565444], [120.3952977, 22.5564997], [120.3951762, 22.5563941], [120.3950411, 22.5561583], [120.3949348, 22.5561535], [120.3946766, 22.5563534], [120.3945431, 22.5563206], [120.3942034, 22.5560152], [120.3942018, 22.5558506], [120.3943872, 22.555534], [120.3944521, 22.5554809], [120.3945357, 22.5554583], [120.3952705, 22.5556505], [120.3957092, 22.5558201], [120.3957725, 22.5558133], [120.3958267, 22.5557771], [120.3958697, 22.5556776], [120.3959488, 22.5552028], [120.3959986, 22.5550174], [120.3964214, 22.5544703], [120.3966904, 22.55426], [120.3966859, 22.5537083], [120.3965797, 22.5535568], [120.3966023, 22.5533533], [120.3966927, 22.5532245], [120.3968758, 22.5530752], [120.3970974, 22.5529758], [120.3973783, 22.5528424], [120.3974219, 22.5527836], [120.3974207, 22.5527446], [120.3972023, 22.5524113], [120.3971751, 22.5523138], [120.3971479, 22.5517862], [120.3971687, 22.5514248], [120.3973382, 22.5510555], [120.3974053, 22.5507981], [120.3975204, 22.5507198], [120.3981072, 22.5504496], [120.3982591, 22.5503345], [120.3983534, 22.5501586], [120.3985772, 22.5498852], [120.3987739, 22.5493689], [120.3988202, 22.5490459], [120.3987739, 22.5488844], [120.3984493, 22.5482817], [120.3983502, 22.5481746], [120.3979329, 22.5475751], [120.3978075, 22.5471684], [120.3975843, 22.5466651], [120.3975549, 22.546504], [120.3975485, 22.5460627], [120.3974682, 22.545754], [120.3973363, 22.5456034], [120.3968829, 22.5450859], [120.3967059, 22.5448839], [120.3966731, 22.5447153], [120.3966836, 22.5445718], [120.3966939, 22.5444307], [120.3966316, 22.5441317], [120.3961421, 22.5434583], [120.395916, 22.5428467], [120.3956662, 22.5426432], [120.395076, 22.5426581], [120.3949845, 22.54239], [120.3948115, 22.5422622], [120.3946499, 22.5420802], [120.3945436, 22.5418586], [120.3944893, 22.5416484], [120.3943342, 22.5407879], [120.3941669, 22.5403854], [120.3940855, 22.5400282], [120.3939634, 22.5397343], [120.3937554, 22.5394177], [120.3932172, 22.5391238], [120.392548, 22.5383506], [120.3924869, 22.5381403], [120.3924892, 22.5379413], [120.3925163, 22.5373806], [120.3931568, 22.5370025], [120.3934623, 22.5366163], [120.3935127, 22.5365784], [120.3936087, 22.5365405], [120.3938636, 22.5365077], [120.3940227, 22.5365304], [120.3949519, 22.5372805], [120.3949971, 22.5372825], [120.3958733, 22.5375809], [120.3968604, 22.5378157], [120.3970169, 22.5378132], [120.3971356, 22.5377602], [120.3974114, 22.5376556], [120.397519, 22.5376155], [120.3978601, 22.5372982], [120.3980999, 22.53722], [120.3984533, 22.537172], [120.3986123, 22.5372023], [120.3988673, 22.5374497], [120.3990137, 22.5375178], [120.3992838, 22.5375608], [120.399564, 22.5375279], [120.4001699, 22.5372831], [120.4007985, 22.5368741], [120.4010206, 22.5368388], [120.4012718, 22.5368943], [120.4013507, 22.5368882], [120.4014012, 22.5368288], [120.4011892, 22.5364224], [120.4012232, 22.5362937], [120.4016547, 22.5361236], [120.4032668, 22.5354884], [120.4033273, 22.5354227], [120.4034435, 22.5352864], [120.4034435, 22.535135], [120.4031557, 22.5340697], [120.4031809, 22.5338677], [120.4032415, 22.5338273], [120.4033223, 22.5338021], [120.4066364, 22.5335228], [120.4067525, 22.5335228], [120.4068686, 22.5336036], [120.4070453, 22.5338358], [120.4071059, 22.533851], [120.4092888, 22.5329432], [120.4096456, 22.5328226], [120.4126939, 22.5325936], [120.4133757, 22.5325216], [120.4136623, 22.5324913], [120.4137305, 22.5325493], [120.4139249, 22.5330676], [120.414034, 22.5332211], [120.4141056, 22.5332586], [120.4150869, 22.5334008], [120.4152318, 22.5333701], [120.4155315, 22.5332059], [120.4156473, 22.5331769], [120.4167563, 22.5330234], [120.4169097, 22.5330336], [120.4170205, 22.5330754], [120.4178025, 22.5335589], [120.4182703, 22.53387], [120.418497, 22.5339544], [120.4207046, 22.534], [120.4274952, 22.5342756], [120.4279002, 22.5353269], [120.4292458, 22.5387161], [120.4299159, 22.5406628], [120.4300797, 22.5415096], [120.4304399, 22.5425934], [120.4307326, 22.5435002], [120.430904, 22.5439215], [120.4312949, 22.5446462], [120.431402, 22.5447533], [120.4329229, 22.545769], [120.4330957, 22.5458504], [120.4334812, 22.5460143], [120.4350795, 22.5465526], [120.4356601, 22.5468177], [120.4362912, 22.5472847], [120.4366093, 22.5475548], [120.4368314, 22.5480597], [120.4373186, 22.5504225], [120.4375256, 22.5511445], [120.4380078, 22.5525582], [120.4383688, 22.5534544], [120.4391084, 22.5551407], [120.439631, 22.5560495], [120.4397516, 22.5562998], [120.4407399, 22.5576254], [120.4410215, 22.5579657], [120.4419521, 22.5598633], [120.4421001, 22.5601805], [120.4426129, 22.5616817], [120.4427503, 22.5623371], [120.442992, 22.5646232], [120.4431564, 22.5655232], [120.4434381, 22.567018], [120.4441425, 22.5687868], [120.4444086, 22.5698903], [120.4445301, 22.5707033], [120.4449055, 22.5731891], [120.4449799, 22.5742378], [120.4452147, 22.576163], [120.4453082, 22.5771041], [120.4456295, 22.5788905], [120.4463757, 22.5833556], [120.4470382, 22.5859968], [120.4470695, 22.5865368], [120.4470852, 22.5871473], [120.447046, 22.5883838], [120.4468363, 22.5922178], [120.4467721, 22.5933927], [120.4467524, 22.5935673], [120.4466547, 22.5944336], [120.4461923, 22.5970724], [120.4459895, 22.5982293], [120.4458173, 22.5988554], [120.4454964, 22.5995442], [120.4450973, 22.6002955], [120.4446917, 22.6008795], [120.4437149, 22.6021855], [120.4427273, 22.603362], [120.4424553, 22.6035781], [120.441345, 22.6044759], [120.4407308, 22.6049264], [120.4398423, 22.6053524], [120.4390362, 22.6057751], [120.4380032, 22.6067064], [120.4374976, 22.607412], [120.4366728, 22.6088225], [120.4359534, 22.6104385], [120.4356435, 22.6111358], [120.4350968, 22.6122686], [120.4346363, 22.6134158], [120.4340939, 22.6154302], [120.4336733, 22.6177323], [120.4335462, 22.619674], [120.4334741, 22.6207761], [120.4335211, 22.6232415], [120.4335599, 22.6235957], [120.4336346, 22.6241325], [120.4337812, 22.6246969], [120.4339528, 22.6252614], [120.434307, 22.626133], [120.4346003, 22.6268718], [120.4353031, 22.6287783], [120.4358067, 22.6303223], [120.4358835, 22.630626], [120.4359617, 22.6312599], [120.4359226, 22.631706], [120.4357739, 22.6323791], [120.435453, 22.6336939], [120.4354217, 22.6338817], [120.4354072, 22.6355559], [120.4353524, 22.6398941], [120.4353669, 22.6402132], [120.435907, 22.6450264], [120.4362357, 22.6482352], [120.4360832, 22.6516525], [120.4350878, 22.6512792], [120.4339888, 22.6509682], [120.4331178, 22.6505327], [120.4307402, 22.6496688], [120.4301062, 22.6494385], [120.4267831, 22.6493459], [120.4263114, 22.6492889], [120.4261014, 22.6492318], [120.4257022, 22.6489623], [120.4253704, 22.6487108], [120.4249738, 22.6483609], [120.4245254, 22.6478787], [120.4243699, 22.6477414], [120.4240692, 22.6476688], [120.4233849, 22.6475729], [120.4231542, 22.6474692], [120.4228405, 22.6471866], [120.4226202, 22.6469482], [120.4224439, 22.6465594], [120.4223143, 22.6464038], [120.4217492, 22.6459191], [120.4215859, 22.645901], [120.4213034, 22.6459191], [120.421096, 22.6458984], [120.420886, 22.6457402], [120.4204571, 22.6453125], [120.4203767, 22.6452691], [120.4199747, 22.6453096], [120.419778, 22.6452789], [120.4195537, 22.6451675], [120.4186724, 22.6451545], [120.4181955, 22.644675], [120.4180322, 22.6445635], [120.4176071, 22.6444546], [120.4171431, 22.6442317], [120.4166168, 22.6438034], [120.4165068, 22.6437777], [120.4161769, 22.6437319], [120.4160046, 22.6436842], [120.4160156, 22.6429951], [120.4153958, 22.6429844], [120.4141246, 22.6429624], [120.4139458, 22.6429092], [120.4136393, 22.6429206], [120.4128657, 22.6430439], [120.4126377, 22.6430477], [120.4121079, 22.6429896], [120.41181, 22.6431544], [120.4116804, 22.6432141], [120.4112268, 22.64317], [120.4109676, 22.6432166], [120.4103844, 22.6431985], [120.4101588, 22.643227], [120.4098633, 22.6433048], [120.4091803, 22.6436236], [120.4087526, 22.643761], [120.4084986, 22.6438102], [120.4068811, 22.6439865], [120.4064171, 22.6439217], [120.4060179, 22.6438077], [120.4057898, 22.6437143], [120.4054088, 22.6433825], [120.4047919, 22.6432011], [120.4034882, 22.6432509], [120.4033173, 22.6432052], [120.4029564, 22.6430314], [120.4013683, 22.6430268], [120.4010432, 22.6432112], [120.4008237, 22.6434966], [120.4004781, 22.6436215], [120.4005128, 22.6434455], [120.3994374, 22.6440057], [120.3988793, 22.6440025], [120.3987574, 22.6440341], [120.3984316, 22.6444565], [120.3971159, 22.6446562], [120.3957709, 22.6445511], [120.3956616, 22.6444881], [120.3954304, 22.6442358], [120.3952539, 22.6440971], [120.3948945, 22.6439542], [120.3948146, 22.6439542], [120.3942976, 22.6440236], [120.3942093, 22.6440067], [120.3938478, 22.643826], [120.3936733, 22.6438155], [120.3934463, 22.6438659], [120.3932698, 22.6438512], [120.3931268, 22.6437881], [120.3929881, 22.6436873], [120.3927821, 22.6434413], [120.3926329, 22.6431891], [120.3924921, 22.6431198], [120.3920654, 22.6433552], [120.3918279, 22.643414], [120.3908274, 22.6434603], [120.3901885, 22.6435485], [120.3899909, 22.643435], [120.3896471, 22.6430432], [120.3894621, 22.6428667], [120.3883355, 22.6421941], [120.3882094, 22.6421857], [120.387747, 22.6422529], [120.3875873, 22.6422403], [120.3872426, 22.6420596], [120.3865532, 22.6420701], [120.3864166, 22.6420428], [120.3859479, 22.6417275], [120.3852438, 22.6414437], [120.3850882, 22.6414648], [120.384588, 22.641904], [120.3844766, 22.6419461], [120.3844135, 22.6419377], [120.3836632, 22.6410948], [120.3834887, 22.6409414], [120.3830957, 22.6408384], [120.3828267, 22.6405042], [120.3826354, 22.6403907], [120.3823474, 22.6403024], [120.382091, 22.6400818], [120.3817211, 22.6398506], [120.3815845, 22.6397055], [120.3813974, 22.6393482], [120.3813197, 22.6392852], [120.3782426, 22.6385958], [120.3780681, 22.6385369], [120.3779735, 22.6384549], [120.3778916, 22.6383183], [120.3777727, 22.6377892], [120.3779349, 22.6370627], [120.3780295, 22.6363843], [120.3784131, 22.6361201], [120.3788182, 22.6355458], [120.380132, 22.6332408], [120.3809002, 22.6316486], [120.3811642, 22.6313482], [120.3820941, 22.6297656], [120.3825162, 22.6295032], [120.3829994, 22.6292554], [120.383822, 22.6286498], [120.3839695, 22.6286688], [120.3848355, 22.6289829], [120.3853066, 22.6291922], [120.3859204, 22.6295348], [120.3860346, 22.6295396], [120.3861583, 22.6292922], [120.3868578, 22.6276125], [120.3874668, 22.6267512], [120.3875525, 22.6263896], [120.387545, 22.6262713], [120.3875097, 22.6261612], [120.3874764, 22.626085], [120.3863153, 22.6256282], [120.3845452, 22.6247146], [120.3844489, 22.6246945], [120.3834032, 22.6244767], [120.3823278, 22.6240294], [120.3813286, 22.6238201], [120.3812919, 22.6234196], [120.3811001, 22.623206], [120.3809487, 22.6229402], [120.380741, 22.6228114], [120.380661, 22.6227618], [120.3803683, 22.6227164], [120.3798333, 22.6228005], [120.3794144, 22.6228173], [120.3784353, 22.6226306], [120.3782502, 22.6224304], [120.3782406, 22.6223492], [120.3782267, 22.6222319], [120.378368, 22.6220081], [120.3785766, 22.6217592], [120.3785951, 22.6216464], [120.3783865, 22.6213386], [120.3782889, 22.6211115], [120.3783007, 22.6208608], [120.3784555, 22.6202114], [120.3784252, 22.6200112], [120.378479, 22.6197488], [120.3786085, 22.6195604], [120.3788188, 22.6190338], [120.3789618, 22.6188706], [120.3791183, 22.6187882], [120.3793303, 22.6187713], [120.3796146, 22.6185644], [120.3797391, 22.6182751], [120.379623, 22.6178915], [120.3798013, 22.617449], [120.3798165, 22.6172959], [120.3798047, 22.6169073], [120.3797525, 22.6167828], [120.3795843, 22.6165524], [120.3792832, 22.6160325], [120.3791132, 22.6154538], [120.3790005, 22.6152536], [120.3788306, 22.6150416], [120.3787196, 22.615008], [120.378627, 22.6148532], [120.3786254, 22.6147539], [120.3787515, 22.6143065], [120.3787385, 22.6139031], [120.3786302, 22.6134451], [120.3784161, 22.6132357], [120.3783162, 22.6130906], [120.3781187, 22.612604], [120.3781021, 22.6123744], [120.3781308, 22.6116818], [120.378087, 22.6113992], [120.3776328, 22.6109147], [120.377579, 22.6107363], [120.3775319, 22.6102115], [120.3775756, 22.6098986], [120.3773805, 22.6094511], [120.3773233, 22.6091987], [120.377356, 22.6081455], [120.3772941, 22.6079159], [120.376829, 22.607239], [120.3766589, 22.6071182], [120.3764102, 22.6069416], [120.3762687, 22.6069273], [120.3759998, 22.606982], [120.3756703, 22.6068203], [120.3751814, 22.6063409], [120.3750279, 22.60626], [120.3748162, 22.6062314], [120.3746318, 22.6062945], [120.3745949, 22.606348], [120.3744058, 22.6064681], [120.3738419, 22.606593], [120.3731698, 22.6065954], [120.3729842, 22.6064955], [120.3728272, 22.605777], [120.3727273, 22.605482], [120.3725655, 22.6051632], [120.3724132, 22.6050252], [120.3723323, 22.6048729], [120.3722467, 22.6043923], [120.3719088, 22.6040545], [120.3717328, 22.6036881], [120.3715662, 22.6030933], [120.3714996, 22.6029886], [120.3712665, 22.6027983], [120.3712236, 22.6027364], [120.3711761, 22.6023082], [120.3713426, 22.6014517], [120.3713283, 22.6008711], [120.3714092, 22.6006237], [120.3715472, 22.6004191], [120.3717661, 22.6001622], [120.3718137, 22.5999623], [120.3717899, 22.5998196], [120.3716471, 22.599634], [120.3715282, 22.5992676], [120.3714853, 22.5990487], [120.3714996, 22.5988489], [120.3716281, 22.5985443], [120.3715461, 22.5976952], [120.3713728, 22.5974596], [120.3709926, 22.5972409], [120.3708328, 22.5970794], [120.3707706, 22.5968759], [120.3707403, 22.5963325], [120.3706562, 22.5959573], [120.3705334, 22.5955889], [120.3699546, 22.595673], [120.3698386, 22.5956175], [120.3697326, 22.595525], [120.3695189, 22.5952356], [120.3691976, 22.5946973], [120.3691034, 22.5945862], [120.3688006, 22.5943457], [120.3686071, 22.5941455], [120.368523, 22.5940008], [120.3684204, 22.5936509], [120.3684153, 22.5935499], [120.3684849, 22.5933248], [120.3690218, 22.5927871], [120.3690607, 22.5926729], [120.3692582, 22.5920995], [120.3693771, 22.5919282], [120.3696955, 22.5916193], [120.3699542, 22.5913117], [120.3701469, 22.5910619], [120.3702468, 22.5908692], [120.3702385, 22.5905861], [120.370154, 22.5903529], [120.3699815, 22.590209], [120.3697013, 22.5900815], [120.3695371, 22.5898995], [120.3694241, 22.5895768], [120.3692805, 22.5894103], [120.3691163, 22.5889368]]]]}}]}