{"type":"FeatureCollection","features":[{"type":"Feature","properties":{"id":9,"name":"栃木県"},"geometry":{"type":"MultiPolygon","coordinates":[[[[139.96139526367202,37.153533935546896],[139.9637,37.1486],[139.9674,37.1479],[139.9703,37.1487],[139.9763,37.1471],[139.9921,37.1433],[139.9968,37.1437],[140,37.1431],[140.007,37.1418],[140.0137,37.1406],[140.0192,37.1403],[140.0228,37.1432],[140.0308,37.1392],[140.0354,37.1397],[140.0402,37.1381],[140.047,37.1355],[140.0513,37.1307],[140.0599,37.1256],[140.0638,37.1273],[140.0797,37.1244],[140.0896,37.1217],[140.0957,37.1241],[140.1007,37.1227],[140.1081,37.1177],[140.1218,37.1087],[140.1266,37.1068],[140.1302,37.1039],[140.1358,37.1043],[140.1378,37.1064],[140.1486,37.0967],[140.1509,37.0945],[140.1498,37.0926],[140.1571,37.0904],[140.1558,37.0881],[140.1533,37.0865],[140.1603,37.0802],[140.167,37.077],[140.1736,37.0711],[140.1812,37.0691],[140.1859,37.0687],[140.1941,37.0641],[140.1935,37.0584],[140.1908,37.0569],[140.1946,37.0531],[140.2002,37.047],[140.1972,37.0378],[140.1965,37.0354],[140.1992,37.0319],[140.2006,37.0275],[140.2046,37.024],[140.2113,37.0214],[140.2143,37.0198],[140.2182,37.0201],[140.2202,37.0188],[140.2246,37.0239],[140.232,37.0235],[140.2436,37.0249],[140.2468,37.0258],[140.2492,37.0261],[140.2499,37.0195],[140.2517,37.0091],[140.2468,37.0095],[140.2453,37.0038],[140.2408,37.0005],[140.2421,36.9965],[140.2445,36.9934],[140.2453,36.9907],[140.2504,36.9886],[140.25,36.9829],[140.2468,36.9801],[140.2439,36.9771],[140.2459,36.9712],[140.2523,36.9658],[140.2525,36.9628],[140.2468,36.9585],[140.2408,36.9499],[140.2422,36.9454],[140.2432,36.9435],[140.2468,36.9423],[140.2537,36.9411],[140.2573,36.9382],[140.2618,36.9377],[140.2643,36.9334],[140.2594,36.9331],[140.2524,36.9277],[140.2489,36.9199],[140.2497,36.913],[140.2501,36.907],[140.2519,36.8969],[140.2538,36.8895],[140.2539,36.8853],[140.2542,36.8825],[140.2555,36.8753],[140.2559,36.8721],[140.2538,36.8614],[140.2525,36.8505],[140.257,36.8469],[140.2556,36.8407],[140.2597,36.838],[140.2628,36.8365],[140.264,36.8308],[140.267,36.8236],[140.2661,36.8129],[140.2641,36.8094],[140.2666,36.7963],[140.2654,36.7944],[140.2652,36.7887],[140.2624,36.7862],[140.2598,36.7862],[140.2539,36.7837],[140.2567,36.7763],[140.2546,36.7739],[140.2609,36.7673],[140.2555,36.7645],[140.2568,36.7572],[140.2597,36.7547],[140.2639,36.748],[140.2702,36.7427],[140.2837,36.7333],[140.2874,36.7245],[140.2885,36.7174],[140.2926,36.7127],[140.2848,36.7118],[140.2799,36.7074],[140.2764,36.7072],[140.2743,36.7079],[140.2711,36.7055],[140.2674,36.7026],[140.2585,36.7018],[140.2552,36.7028],[140.2468,36.7023],[140.243,36.6981],[140.2366,36.6995],[140.2321,36.7001],[140.2271,36.6932],[140.2206,36.6859],[140.2219,36.6838],[140.2245,36.6803],[140.2236,36.6769],[140.2216,36.6743],[140.2316,36.6699],[140.2319,36.6633],[140.2295,36.6622],[140.2371,36.6551],[140.241,36.6489],[140.2399,36.6444],[140.2425,36.6364],[140.2339,36.6341],[140.235,36.6251],[140.2367,36.6232],[140.2399,36.6244],[140.2461,36.615],[140.2484,36.6063],[140.248,36.5973],[140.2468,36.5948],[140.2445,36.5865],[140.2446,36.5825],[140.2449,36.5773],[140.243,36.5739],[140.2455,36.5701],[140.2468,36.5677],[140.2468,36.5652],[140.2439,36.5629],[140.2468,36.5597],[140.2516,36.5545],[140.2486,36.5495],[140.2479,36.5461],[140.2488,36.5329],[140.2533,36.5261],[140.2547,36.5225],[140.2603,36.5176],[140.2493,36.5151],[140.2477,36.5139],[140.2484,36.5077],[140.2454,36.5073],[140.2424,36.5073],[140.2415,36.5032],[140.2358,36.5048],[140.2309,36.5029],[140.2301,36.5008],[140.2303,36.4934],[140.2279,36.4899],[140.2276,36.4874],[140.2236,36.4818],[140.219,36.4803],[140.2135,36.473],[140.213,36.4684],[140.2094,36.4651],[140.2073,36.4579],[140.2028,36.4543],[140.2055,36.4471],[140.203,36.4405],[140.2021,36.4328],[140.2032,36.4289],[140.2024,36.4199],[140.1962,36.4106],[140.1916,36.4043],[140.189,36.4033],[140.1853,36.3983],[140.1772,36.3981],[140.1644,36.3995],[140.1561,36.3984],[140.1443,36.4141],[140.1406,36.4121],[140.1304,36.4147],[140.1218,36.4133],[140.1156,36.4113],[140.1101,36.4075],[140.1111,36.3989],[140.101,36.3942],[140.0981,36.3981],[140.0928,36.4013],[140.0886,36.3983],[140.0839,36.402],[140.079,36.4036],[140.0665,36.4038],[140.0663,36.3943],[140.0692,36.3889],[140.0611,36.3809],[140.0449,36.3751],[140.0415,36.3752],[140.0342,36.3779],[140.0313,36.3779],[140.027,36.3759],[140.0219,36.3757],[140.0177,36.3758],[140.0144,36.3749],[140.0157,36.3772],[140.0107,36.3733],[140.0089,36.3744],[140.0005,36.3766],[140.0035,36.3702],[140.0021,36.3681],[140,36.3687],[139.9968,36.3697],[139.992,36.3696],[139.9885,36.3675],[139.9812,36.3703],[139.9746,36.3761],[139.9733,36.3785],[139.9675,36.3695],[139.9653,36.3641],[139.9645,36.3509],[139.96,36.3511],[139.9451,36.3484],[139.9383,36.3461],[139.9353,36.3449],[139.934,36.3436],[139.922,36.3413],[139.9142,36.3365],[139.9131,36.3351],[139.9125,36.329],[139.9112,36.3099],[139.9151,36.3095],[139.9096,36.3006],[139.904,36.2983],[139.9002,36.3005],[139.8954,36.3008],[139.8954,36.3044],[139.8989,36.3066],[139.8964,36.3098],[139.8913,36.3095],[139.8842,36.3116],[139.8802,36.3098],[139.8788,36.3146],[139.8826,36.3214],[139.8782,36.323],[139.8747,36.3231],[139.8744,36.3209],[139.8724,36.3172],[139.8718,36.315],[139.8673,36.3139],[139.8644,36.3152],[139.8576,36.3105],[139.8487,36.3113],[139.8354,36.2935],[139.8413,36.2754],[139.8343,36.2688],[139.8289,36.2538],[139.8217,36.2398],[139.7865,36.228],[139.7574,36.2175],[139.7468,36.2109],[139.7274,36.2016],[139.7272,36.206],[139.7202,36.2085],[139.7192,36.2115],[139.7149,36.2101],[139.7109,36.2105],[139.7071,36.2107],[139.7064,36.2019],[139.702,36.2039],[139.6974,36.2063],[139.6914,36.2061],[139.6889,36.2022],[139.6879,36.1998],[139.6861,36.2037],[139.6828,36.2015],[139.6777,36.2014],[139.6743,36.2091],[139.67,36.2077],[139.6648,36.2072],[139.6693,36.2125],[139.6686,36.2158],[139.6655,36.2231],[139.6596,36.2209],[139.661,36.2237],[139.6596,36.2281],[139.6629,36.23],[139.6585,36.2309],[139.6551,36.2313],[139.6513,36.2386],[139.646,36.2404],[139.6425,36.2357],[139.6422,36.2399],[139.6339,36.2532],[139.6309,36.2545],[139.6362,36.2609],[139.6407,36.2635],[139.6428,36.2667],[139.6377,36.2642],[139.6341,36.2701],[139.627,36.2715],[139.6218,36.2737],[139.617,36.2741],[139.6101,36.2685],[139.5897,36.2686],[139.5867,36.269],[139.5803,36.2678],[139.5719,36.2673],[139.563,36.267],[139.5543,36.2733],[139.5559,36.2767],[139.5536,36.2794],[139.551,36.2785],[139.5494,36.2802],[139.5447,36.2764],[139.5404,36.2768],[139.5403,36.2795],[139.5365,36.2818],[139.5353,36.2791],[139.5266,36.2846],[139.5212,36.2814],[139.5167,36.2814],[139.5132,36.2784],[139.5041,36.2811],[139.5002,36.2761],[139.4968,36.2755],[139.4937,36.274],[139.4912,36.2749],[139.4875,36.2758],[139.4826,36.2721],[139.4776,36.2723],[139.4756,36.2752],[139.4727,36.2761],[139.4724,36.2711],[139.4644,36.2715],[139.4591,36.2759],[139.4624,36.2791],[139.4656,36.2791],[139.4651,36.282],[139.4588,36.2886],[139.4437,36.2883],[139.4436,36.2939],[139.4379,36.2971],[139.4358,36.2921],[139.4317,36.2951],[139.4315,36.3011],[139.427,36.3037],[139.4291,36.3058],[139.4242,36.3079],[139.4184,36.3133],[139.4157,36.316],[139.4175,36.3171],[139.4156,36.3181],[139.4182,36.3216],[139.4147,36.3249],[139.4184,36.3264],[139.4215,36.3227],[139.423,36.325],[139.4246,36.3239],[139.4267,36.3257],[139.418,36.3365],[139.4147,36.3383],[139.3936,36.3477],[139.3889,36.3542],[139.3718,36.365],[139.3703,36.3661],[139.3674,36.3715],[139.3667,36.3781],[139.3611,36.3838],[139.3686,36.3949],[139.3718,36.3987],[139.3741,36.3993],[139.3766,36.4079],[139.3805,36.416],[139.3854,36.4199],[139.3918,36.4248],[139.3939,36.4289],[139.3946,36.4338],[139.4014,36.4367],[139.4044,36.4415],[139.4066,36.4458],[139.4109,36.4493],[139.4118,36.4537],[139.4094,36.4571],[139.4145,36.4618],[139.4202,36.4573],[139.4246,36.4591],[139.431,36.4576],[139.4298,36.461],[139.4351,36.4642],[139.4381,36.475],[139.4319,36.4713],[139.43,36.4807],[139.4269,36.4839],[139.428,36.4901],[139.4223,36.4905],[139.4224,36.493],[139.419,36.4949],[139.4192,36.5009],[139.4212,36.5032],[139.4236,36.5059],[139.4219,36.5087],[139.4278,36.5108],[139.4349,36.5213],[139.4389,36.5255],[139.4429,36.5318],[139.4348,36.5329],[139.4367,36.5342],[139.4372,36.5404],[139.4383,36.5482],[139.4419,36.5523],[139.451,36.5499],[139.4573,36.5532],[139.4598,36.5531],[139.4657,36.5626],[139.4695,36.5655],[139.4723,36.5652],[139.474,36.5667],[139.474,36.5725],[139.4827,36.5783],[139.4834,36.5824],[139.4778,36.5865],[139.4745,36.5919],[139.4711,36.602],[139.4653,36.6065],[139.459,36.6059],[139.4535,36.6037],[139.4517,36.6052],[139.4469,36.6072],[139.4422,36.6057],[139.4376,36.6027],[139.428,36.6011],[139.426,36.6028],[139.4207,36.6041],[139.413,36.6079],[139.404,36.6089],[139.4067,36.6055],[139.3979,36.6023],[139.3886,36.6106],[139.3816,36.6125],[139.3718,36.6119],[139.3688,36.6129],[139.3627,36.6142],[139.355,36.6145],[139.3488,36.6186],[139.3458,36.6251],[139.3393,36.6266],[139.3309,36.6272],[139.3279,36.6336],[139.3297,36.6407],[139.3281,36.6485],[139.3275,36.6521],[139.3273,36.6563],[139.3296,36.6613],[139.333,36.6648],[139.3353,36.6699],[139.3349,36.6741],[139.3389,36.6783],[139.3373,36.6814],[139.3391,36.6849],[139.337,36.6921],[139.3452,36.698],[139.3542,36.7057],[139.3561,36.7092],[139.3605,36.7137],[139.3599,36.7169],[139.3632,36.7185],[139.3669,36.7257],[139.3654,36.7279],[139.3682,36.74],[139.3718,36.7457],[139.358,36.7499],[139.3548,36.7532],[139.3551,36.7599],[139.3509,36.7635],[139.3536,36.7678],[139.3531,36.7737],[139.3581,36.7745],[139.3622,36.7796],[139.3674,36.7837],[139.3701,36.7831],[139.3743,36.7844],[139.3764,36.7886],[139.3772,36.7916],[139.3781,36.7941],[139.376,36.7973],[139.378,36.8037],[139.3825,36.8052],[139.3865,36.8052],[139.3935,36.8097],[139.3916,36.8121],[139.3935,36.8171],[139.4006,36.8215],[139.4049,36.8254],[139.4064,36.8296],[139.3987,36.8343],[139.3928,36.8346],[139.3832,36.8365],[139.3779,36.8387],[139.375,36.8383],[139.3718,36.8403],[139.3664,36.8414],[139.3639,36.8471],[139.3565,36.8481],[139.3487,36.8527],[139.3539,36.8569],[139.3575,36.8686],[139.3564,36.8781],[139.361,36.8743],[139.3616,36.8767],[139.369,36.8779],[139.3718,36.8829],[139.3707,36.8878],[139.3718,36.8901],[139.3762,36.8958],[139.3896,36.9018],[139.3953,36.9053],[139.3934,36.9109],[139.3989,36.9199],[139.4098,36.9272],[139.4128,36.9269],[139.422,36.9247],[139.4285,36.925],[139.4306,36.9274],[139.4315,36.9314],[139.4348,36.9375],[139.4358,36.9425],[139.4417,36.9463],[139.4428,36.9477],[139.4527,36.9508],[139.4573,36.9561],[139.4581,36.9613],[139.4599,36.9697],[139.4656,36.9714],[139.4769,36.9728],[139.4848,36.9751],[139.4947,36.9682],[139.5058,36.9712],[139.5169,36.9781],[139.5256,36.9814],[139.5303,36.9808],[139.5336,36.9818],[139.5356,36.9811],[139.5423,36.9878],[139.5487,36.9936],[139.5546,36.9927],[139.5583,36.9971],[139.5648,36.9971],[139.5743,37.002],[139.5774,37.0032],[139.5801,37.0087],[139.5831,37.0154],[139.5888,37.0149],[139.5972,37.0121],[139.6035,37.0157],[139.6113,37.0138],[139.6192,37.0173],[139.6197,37.0203],[139.6218,37.0219],[139.625,37.0273],[139.6237,37.0299],[139.6268,37.0336],[139.6317,37.0332],[139.6387,37.0322],[139.6438,37.0361],[139.6523,37.0379],[139.6568,37.0417],[139.6651,37.0406],[139.669,37.045],[139.6702,37.0472],[139.6735,37.0579],[139.6777,37.0575],[139.6848,37.0605],[139.6928,37.0626],[139.7013,37.0602],[139.7066,37.0643],[139.71,37.0675],[139.7147,37.0687],[139.7183,37.069],[139.72,37.0709],[139.7274,37.0693],[139.7312,37.0692],[139.7363,37.0706],[139.7384,37.0726],[139.746,37.0711],[139.7529,37.0711],[139.7549,37.0744],[139.7634,37.0766],[139.7688,37.0829],[139.7724,37.0865],[139.7758,37.0917],[139.7786,37.0893],[139.7893,37.0903],[139.8049,37.0865],[139.8097,37.0849],[139.8153,37.086],[139.822,37.0855],[139.819,37.1005],[139.8204,37.1095],[139.8162,37.1117],[139.8163,37.1182],[139.8191,37.1205],[139.8227,37.1235],[139.8286,37.127],[139.831,37.1324],[139.8335,37.1337],[139.8393,37.1341],[139.8477,37.1395],[139.8538,37.1377],[139.8604,37.1407],[139.8664,37.1474],[139.8718,37.1469],[139.8776,37.1463],[139.8977,37.1536],[139.9026,37.154],[139.9091,37.1486],[139.9166,37.1479],[139.9245,37.1521],[139.9306,37.1519],[139.9353,37.1539],[139.9447,37.1535],[139.9549,37.155],[139.9614,37.1535],[139.96139526367202,37.153533935546896]]]]}},{"type":"Feature","properties":{"id":10,"name":"群馬県"},"geometry":{"type":"MultiPolygon","coordinates":[[[[138.64430236816398,36.41153335571287],[138.6422,36.4133],[138.6345,36.4177],[138.6283,36.4162],[138.6218,36.4164],[138.6188,36.4199],[138.6124,36.4228],[138.6044,36.4223],[138.6,36.4235],[138.5922,36.4245],[138.5879,36.4207],[138.5851,36.4221],[138.575,36.4199],[138.5709,36.4196],[138.5664,36.4199],[138.563,36.4199],[138.5556,36.4181],[138.5414,36.4038],[138.5334,36.4023],[138.5197,36.4069],[138.5067,36.414],[138.5042,36.4149],[138.4968,36.4143],[138.4936,36.4137],[138.4892,36.4095],[138.4898,36.4016],[138.4787,36.4039],[138.4603,36.4046],[138.4606,36.4074],[138.4576,36.4117],[138.4571,36.4199],[138.4545,36.4208],[138.448,36.4199],[138.4436,36.4215],[138.4172,36.4306],[138.4009,36.4347],[138.4008,36.4405],[138.4034,36.4521],[138.3997,36.4523],[138.3997,36.4551],[138.4001,36.4613],[138.4028,36.4648],[138.4005,36.4718],[138.4005,36.4803],[138.3985,36.4834],[138.3972,36.4887],[138.4032,36.5032],[138.4051,36.5059],[138.4044,36.5115],[138.4039,36.5209],[138.4107,36.5267],[138.4135,36.5341],[138.4124,36.5415],[138.4173,36.5431],[138.4285,36.5556],[138.427,36.5594],[138.428,36.5623],[138.4282,36.5689],[138.421,36.5735],[138.4203,36.5771],[138.4265,36.5865],[138.4274,36.5961],[138.4338,36.5997],[138.4401,36.5997],[138.4396,36.6041],[138.4415,36.6107],[138.448,36.6107],[138.4534,36.6133],[138.4599,36.6275],[138.458,36.6333],[138.4638,36.6372],[138.4728,36.6435],[138.4809,36.6453],[138.4879,36.6417],[138.4968,36.6433],[138.5074,36.648],[138.5118,36.6469],[138.5252,36.6515],[138.5292,36.6565],[138.5344,36.6664],[138.5255,36.6699],[138.5188,36.6757],[138.5195,36.6823],[138.5198,36.6889],[138.514,36.6903],[138.5204,36.6929],[138.5295,36.6971],[138.5323,36.6971],[138.536,36.6972],[138.5434,36.7039],[138.5582,36.7066],[138.5638,36.7059],[138.569,36.7059],[138.5738,36.7074],[138.5829,36.7015],[138.5908,36.7083],[138.5955,36.7147],[138.5991,36.7145],[138.6044,36.7091],[138.6098,36.7065],[138.6152,36.7105],[138.6218,36.7204],[138.6244,36.721],[138.6299,36.7197],[138.642,36.7239],[138.6468,36.7261],[138.6556,36.7276],[138.6594,36.7292],[138.6655,36.729],[138.6678,36.7309],[138.6746,36.7311],[138.6837,36.7356],[138.6957,36.7386],[138.7026,36.7369],[138.7119,36.7388],[138.7144,36.7435],[138.7196,36.7478],[138.7221,36.7532],[138.7216,36.7584],[138.7263,36.7638],[138.7292,36.7626],[138.735,36.7629],[138.7405,36.7595],[138.7468,36.7583],[138.7555,36.7532],[138.7613,36.7492],[138.7643,36.7493],[138.7672,36.7466],[138.7736,36.7473],[138.7807,36.7472],[138.7832,36.7461],[138.7894,36.745],[138.7917,36.7473],[138.7929,36.7532],[138.7945,36.7565],[138.8012,36.7619],[138.8048,36.7631],[138.8099,36.7653],[138.8163,36.7619],[138.8209,36.7641],[138.8261,36.7717],[138.8252,36.7744],[138.8272,36.7793],[138.8288,36.7898],[138.8313,36.7937],[138.8298,36.7951],[138.8248,36.8067],[138.8215,36.8171],[138.8279,36.818],[138.8346,36.8159],[138.8383,36.8171],[138.8462,36.8148],[138.8549,36.8119],[138.86,36.8139],[138.8718,36.8184],[138.8752,36.8188],[138.8792,36.8233],[138.8818,36.8258],[138.8858,36.8256],[138.9009,36.8273],[138.9125,36.8293],[138.9284,36.8326],[138.9299,36.8365],[138.9251,36.8464],[138.9187,36.8489],[138.9162,36.851],[138.9224,36.8628],[138.9176,36.8698],[138.923,36.8835],[138.9295,36.8867],[138.9321,36.8937],[138.9397,36.8951],[138.9488,36.894],[138.9532,36.8951],[138.9653,36.8918],[138.9715,36.8874],[138.979,36.8911],[138.9797,36.9038],[138.9747,36.9125],[138.9771,36.9199],[138.9677,36.9302],[138.9657,36.9439],[138.9649,36.9557],[138.9666,36.9709],[138.9665,36.9789],[138.9697,36.9815],[138.9921,36.9799],[138.9949,36.98],[138.9987,36.9794],[139.0089,36.9841],[139.015,36.9882],[139.0295,36.9844],[139.036,36.9849],[139.047,36.9875],[139.0504,36.9937],[139.0541,36.9983],[139.0639,37.0032],[139.0729,37.0079],[139.0768,37.0089],[139.0809,37.0099],[139.0902,37.0196],[139.0897,37.0275],[139.0903,37.0367],[139.0904,37.0437],[139.097,37.0588],[139.1103,37.0553],[139.1137,37.0496],[139.1178,37.0476],[139.1218,37.0477],[139.1247,37.0438],[139.1265,37.0391],[139.1319,37.0267],[139.1423,37.0219],[139.1498,37.0103],[139.1655,37.0032],[139.17,37.0023],[139.1719,37.0003],[139.1792,36.9914],[139.1753,36.9737],[139.1803,36.9647],[139.1864,36.9601],[139.1918,36.9613],[139.198,36.9581],[139.2052,36.9563],[139.2147,36.958],[139.2218,36.9614],[139.2283,36.9613],[139.2373,36.9471],[139.232,36.9406],[139.2311,36.9368],[139.2349,36.9368],[139.2359,36.9342],[139.2389,36.9343],[139.2415,36.9302],[139.2468,36.9309],[139.2576,36.9341],[139.2665,36.9413],[139.2765,36.9337],[139.2836,36.9317],[139.2871,36.9344],[139.295,36.9345],[139.3047,36.9259],[139.3151,36.9269],[139.3342,36.9249],[139.3414,36.9279],[139.3453,36.9254],[139.3463,36.9221],[139.3486,36.9199],[139.3496,36.9141],[139.3552,36.9165],[139.3631,36.9175],[139.3682,36.9179],[139.3718,36.9181],[139.3792,36.9155],[139.3841,36.9116],[139.3934,36.9109],[139.3953,36.9053],[139.3896,36.9018],[139.3762,36.8958],[139.3718,36.8901],[139.3707,36.8878],[139.3718,36.8842],[139.3695,36.8795],[139.3616,36.8767],[139.361,36.8743],[139.3564,36.8781],[139.3575,36.8686],[139.3539,36.8569],[139.3487,36.8527],[139.3565,36.8481],[139.3639,36.8471],[139.3664,36.8414],[139.3718,36.8403],[139.375,36.8383],[139.3779,36.8387],[139.3832,36.8365],[139.3921,36.8329],[139.3987,36.8343],[139.4064,36.8296],[139.4049,36.8254],[139.4006,36.8215],[139.3935,36.8171],[139.3916,36.8121],[139.3935,36.8097],[139.3865,36.8052],[139.3825,36.8052],[139.378,36.8037],[139.376,36.7973],[139.3781,36.7941],[139.3772,36.7916],[139.3764,36.7886],[139.3743,36.7844],[139.3718,36.7835],[139.3674,36.7837],[139.3622,36.7796],[139.3581,36.7745],[139.3531,36.7737],[139.3536,36.7678],[139.3509,36.7635],[139.3551,36.7599],[139.3548,36.7532],[139.358,36.7499],[139.3708,36.7469],[139.3682,36.74],[139.3654,36.7279],[139.3669,36.7257],[139.3632,36.7185],[139.3599,36.7169],[139.3605,36.7137],[139.3561,36.7092],[139.3542,36.7057],[139.3452,36.698],[139.337,36.6921],[139.3391,36.6849],[139.3373,36.6814],[139.3389,36.6783],[139.3349,36.6741],[139.3353,36.6699],[139.333,36.6648],[139.3296,36.6613],[139.3273,36.6563],[139.3275,36.6521],[139.3281,36.6485],[139.3297,36.6407],[139.3279,36.6336],[139.3309,36.6272],[139.3393,36.6266],[139.3458,36.6251],[139.3488,36.6186],[139.355,36.6145],[139.3627,36.6142],[139.3688,36.6129],[139.3718,36.6119],[139.3816,36.6125],[139.3886,36.6106],[139.3979,36.6023],[139.4067,36.6055],[139.404,36.6089],[139.413,36.6079],[139.4207,36.6041],[139.426,36.6028],[139.428,36.6011],[139.4376,36.6027],[139.4422,36.6057],[139.4469,36.6072],[139.4517,36.6052],[139.4535,36.6037],[139.459,36.6059],[139.4653,36.6065],[139.4711,36.602],[139.4745,36.5919],[139.4764,36.5874],[139.4834,36.5824],[139.4827,36.5783],[139.474,36.5725],[139.474,36.5667],[139.4723,36.5652],[139.4695,36.5655],[139.4657,36.5626],[139.4598,36.5531],[139.4573,36.5532],[139.451,36.5499],[139.4419,36.5523],[139.4383,36.5482],[139.4372,36.5404],[139.4367,36.5342],[139.4348,36.5329],[139.4429,36.5318],[139.4389,36.5255],[139.4349,36.5213],[139.4278,36.5108],[139.4219,36.5087],[139.4236,36.5059],[139.4212,36.5032],[139.4192,36.5009],[139.419,36.4949],[139.4224,36.493],[139.4223,36.4905],[139.428,36.4901],[139.4269,36.4839],[139.43,36.4807],[139.4319,36.4713],[139.4381,36.475],[139.4351,36.4642],[139.4298,36.461],[139.431,36.4576],[139.4246,36.4591],[139.4202,36.4573],[139.4164,36.4614],[139.4097,36.4585],[139.4118,36.4537],[139.4109,36.4493],[139.4066,36.4458],[139.4044,36.4415],[139.4014,36.4367],[139.3946,36.4338],[139.3939,36.4289],[139.3918,36.4248],[139.3859,36.4209],[139.3805,36.416],[139.3766,36.4079],[139.3741,36.3993],[139.3718,36.3987],[139.3686,36.3949],[139.3611,36.3838],[139.3667,36.3781],[139.3674,36.3715],[139.3695,36.3667],[139.3718,36.365],[139.3889,36.3542],[139.3936,36.3477],[139.4147,36.3383],[139.418,36.3365],[139.4267,36.3257],[139.4246,36.3239],[139.423,36.325],[139.4215,36.3227],[139.4184,36.3264],[139.4147,36.3249],[139.4182,36.3216],[139.4156,36.3181],[139.4175,36.3171],[139.4157,36.316],[139.4184,36.3133],[139.4242,36.3079],[139.4291,36.3058],[139.427,36.3037],[139.4315,36.3011],[139.4317,36.2951],[139.4358,36.2921],[139.4379,36.2971],[139.4436,36.2939],[139.4437,36.2883],[139.4588,36.2886],[139.4651,36.282],[139.4674,36.279],[139.4642,36.279],[139.4591,36.2759],[139.4644,36.2715],[139.4724,36.2711],[139.4727,36.2761],[139.4756,36.2752],[139.4776,36.2723],[139.4826,36.2721],[139.4875,36.2758],[139.4912,36.2749],[139.4937,36.274],[139.4968,36.2755],[139.5002,36.2761],[139.5041,36.2811],[139.5132,36.2784],[139.5167,36.2814],[139.5212,36.2814],[139.5266,36.2846],[139.5353,36.2791],[139.5365,36.2818],[139.5403,36.2795],[139.5404,36.2768],[139.5447,36.2764],[139.5494,36.2802],[139.551,36.2785],[139.5536,36.2794],[139.5559,36.2767],[139.5543,36.2733],[139.563,36.267],[139.5719,36.2673],[139.5803,36.2678],[139.5867,36.269],[139.5897,36.2686],[139.6101,36.2685],[139.617,36.2741],[139.6218,36.2737],[139.627,36.2715],[139.6341,36.2701],[139.6377,36.2642],[139.6428,36.2667],[139.6407,36.2635],[139.6362,36.2609],[139.6309,36.2545],[139.6339,36.2532],[139.6422,36.2399],[139.6425,36.2357],[139.646,36.2404],[139.6499,36.2382],[139.6549,36.2332],[139.6585,36.2309],[139.6608,36.2302],[139.6596,36.2281],[139.661,36.2237],[139.6596,36.2209],[139.6655,36.2231],[139.6686,36.2158],[139.6693,36.2125],[139.6641,36.2084],[139.662,36.2079],[139.6637,36.2112],[139.6606,36.2147],[139.65,36.2113],[139.651,36.2013],[139.6503,36.1969],[139.6406,36.1974],[139.6281,36.1946],[139.6249,36.1866],[139.6218,36.1882],[139.6099,36.1969],[139.601,36.2055],[139.5879,36.2104],[139.5747,36.2048],[139.5583,36.2014],[139.5419,36.1955],[139.5258,36.1913],[139.513,36.1928],[139.4968,36.1928],[139.4935,36.1922],[139.4733,36.1893],[139.4572,36.1906],[139.4442,36.1969],[139.4251,36.2105],[139.4208,36.2109],[139.4191,36.2167],[139.4168,36.2181],[139.4079,36.2231],[139.3899,36.2297],[139.3829,36.238],[139.3771,36.2441],[139.3718,36.2457],[139.3595,36.2532],[139.3546,36.2519],[139.3519,36.2532],[139.3471,36.2532],[139.346,36.2492],[139.3404,36.2465],[139.3353,36.2431],[139.3278,36.2399],[139.3291,36.2335],[139.3235,36.2297],[139.31,36.2333],[139.3054,36.2402],[139.3054,36.2444],[139.3037,36.2455],[139.297,36.2434],[139.2727,36.2493],[139.268,36.2504],[139.267,36.2437],[139.2648,36.2427],[139.2567,36.2455],[139.2468,36.2448],[139.2437,36.2445],[139.2381,36.2461],[139.2299,36.2532],[139.2239,36.2585],[139.2116,36.2563],[139.2119,36.2603],[139.2086,36.2623],[139.198,36.2623],[139.1714,36.2739],[139.1695,36.2749],[139.1639,36.279],[139.1611,36.2784],[139.136,36.2785],[139.1293,36.2834],[139.1218,36.2731],[139.1162,36.2683],[139.1075,36.2615],[139.1102,36.2589],[139.1078,36.2532],[139.0964,36.2383],[139.0827,36.2169],[139.0632,36.1959],[139.0645,36.1879],[139.0576,36.1837],[139.0574,36.1699],[139.0593,36.1658],[139.0637,36.159],[139.0621,36.1531],[139.0485,36.1524],[139.0474,36.1499],[139.0431,36.1485],[139.0413,36.1409],[139.0428,36.1296],[139.037,36.1263],[139.0266,36.1301],[139.025,36.1342],[139.0204,36.1312],[139.016,36.1338],[139.0122,36.1328],[139.0043,36.1331],[139.0062,36.1306],[139.0022,36.1256],[138.9968,36.1257],[138.9908,36.1211],[138.986,36.116],[138.9827,36.1167],[138.9799,36.1165],[138.9764,36.1173],[138.9733,36.1219],[138.9651,36.1258],[138.9595,36.1241],[138.9567,36.1161],[138.9578,36.1079],[138.95,36.1009],[138.9458,36.0963],[138.942,36.0943],[138.9312,36.0883],[138.9171,36.0935],[138.9097,36.0912],[138.904,36.0918],[138.8966,36.0894],[138.8896,36.0865],[138.8772,36.0825],[138.8718,36.0795],[138.8661,36.0777],[138.859,36.0699],[138.8528,36.0689],[138.8474,36.0671],[138.8454,36.0618],[138.838,36.0504],[138.835,36.0501],[138.829,36.0413],[138.8285,36.0373],[138.8202,36.0363],[138.8141,36.0338],[138.807,36.0339],[138.7908,36.0295],[138.7877,36.0317],[138.7836,36.0335],[138.7806,36.0368],[138.7754,36.0378],[138.7704,36.0383],[138.7643,36.0368],[138.755,36.0346],[138.7523,36.0262],[138.7486,36.0183],[138.7468,36.0147],[138.7439,36.0111],[138.7379,36.0069],[138.7358,36.0032],[138.7277,35.9959],[138.7173,35.9932],[138.7127,35.9853],[138.7041,35.9877],[138.6976,35.9903],[138.6886,35.9918],[138.6868,35.9983],[138.6829,36.0032],[138.681,36.0043],[138.6808,36.0107],[138.6756,36.0115],[138.6624,36.0115],[138.6614,36.0163],[138.6562,36.0172],[138.6471,36.0199],[138.6454,36.0231],[138.6379,36.027],[138.633,36.0273],[138.6314,36.0283],[138.6402,36.0439],[138.6438,36.0507],[138.6424,36.065],[138.6405,36.0736],[138.6339,36.0799],[138.6304,36.0865],[138.6306,36.0913],[138.6332,36.0921],[138.6378,36.0969],[138.645,36.0989],[138.6452,36.1016],[138.6467,36.1052],[138.6463,36.1087],[138.644,36.1111],[138.6406,36.1168],[138.645,36.1197],[138.6426,36.1215],[138.6383,36.1239],[138.6346,36.1336],[138.6218,36.1318],[138.6155,36.1337],[138.6128,36.1335],[138.609,36.1357],[138.602,36.1359],[138.598,36.1381],[138.595,36.1449],[138.5929,36.1515],[138.5875,36.1605],[138.5851,36.1609],[138.581,36.1619],[138.5808,36.165],[138.5773,36.1681],[138.5787,36.1699],[138.5825,36.1785],[138.5862,36.1771],[138.5879,36.1789],[138.5889,36.1759],[138.5896,36.1699],[138.5921,36.1677],[138.5971,36.1656],[138.6093,36.1614],[138.6084,36.1639],[138.6114,36.1676],[138.6177,36.1699],[138.6218,36.1713],[138.6302,36.1723],[138.6352,36.171],[138.637,36.1745],[138.6303,36.1831],[138.6298,36.1852],[138.6228,36.197],[138.6347,36.2056],[138.6369,36.2044],[138.6346,36.2105],[138.6324,36.2168],[138.6218,36.215],[138.615,36.2258],[138.6125,36.2291],[138.6125,36.2409],[138.6074,36.2451],[138.6031,36.2479],[138.6038,36.2532],[138.6048,36.2593],[138.6051,36.2657],[138.6031,36.2735],[138.6004,36.2785],[138.6088,36.281],[138.6122,36.2853],[138.6218,36.287],[138.6264,36.2887],[138.6288,36.2885],[138.6328,36.2906],[138.6399,36.2936],[138.6425,36.2936],[138.6482,36.2986],[138.6502,36.3007],[138.6535,36.3031],[138.6525,36.3079],[138.6481,36.3141],[138.6519,36.3225],[138.6519,36.3305],[138.6503,36.3365],[138.6503,36.3426],[138.6499,36.3519],[138.6537,36.3571],[138.652,36.3601],[138.6571,36.3687],[138.6515,36.3731],[138.6505,36.3821],[138.6516,36.3939],[138.6499,36.3981],[138.6483,36.4075],[138.6443,36.4115],[138.64430236816398,36.41153335571287]]]]}},{"type":"Feature","properties":{"id":8,"name":"茨城県"},"geometry":{"type":"MultiPolygon","coordinates":[[[[140.56820678710898,36.93753433227542],[140.574,36.9397],[140.5763,36.9428],[140.5834,36.9433],[140.5863,36.9455],[140.5918,36.9383],[140.594,36.9389],[140.5937,36.9347],[140.5934,36.9279],[140.5945,36.9263],[140.6009,36.9223],[140.6031,36.9199],[140.6095,36.9118],[140.6144,36.9084],[140.6164,36.9035],[140.6218,36.9033],[140.6271,36.9025],[140.6374,36.8977],[140.6468,36.9],[140.6525,36.9003],[140.6552,36.9007],[140.657,36.8974],[140.6664,36.8953],[140.6736,36.8933],[140.6811,36.8928],[140.6882,36.8888],[140.693,36.8879],[140.6955,36.8883],[140.6992,36.8837],[140.7038,36.8824],[140.7057,36.8808],[140.7062,36.8785],[140.7123,36.8746],[140.7182,36.8724],[140.7236,36.8715],[140.7258,36.8747],[140.7311,36.8735],[140.7349,36.8725],[140.7415,36.8755],[140.7468,36.8715],[140.7562,36.869],[140.759,36.8677],[140.7592,36.8719],[140.7621,36.8703],[140.7603,36.8684],[140.7617,36.8659],[140.7637,36.8649],[140.7649,36.8667],[140.7647,36.8633],[140.7659,36.8673],[140.7666,36.864],[140.7652,36.8623],[140.7708,36.8627],[140.7693,36.8659],[140.7729,36.8659],[140.7794,36.8666],[140.7852,36.8624],[140.7863,36.8563],[140.7912,36.8575],[140.7936,36.8596],[140.7931,36.8563],[140.7951,36.8577],[140.7976,36.854],[140.7973,36.8443],[140.801,36.8399],[140.8033,36.8365],[140.8033,36.8333],[140.8062,36.8313],[140.7981,36.8269],[140.7943,36.8275],[140.7919,36.8299],[140.789,36.8297],[140.7863,36.8295],[140.7872,36.8267],[140.7856,36.8291],[140.7789,36.8258],[140.7705,36.8199],[140.7562,36.7946],[140.7468,36.7807],[140.7354,36.7532],[140.7334,36.7486],[140.7312,36.7423],[140.7292,36.7232],[140.7269,36.7178],[140.7169,36.6927],[140.7146,36.6699],[140.7164,36.6624],[140.7134,36.6603],[140.7122,36.6583],[140.709,36.6556],[140.705,36.6555],[140.7005,36.6526],[140.7012,36.6504],[140.6986,36.6489],[140.6941,36.6441],[140.6919,36.6327],[140.6891,36.6216],[140.683,36.6168],[140.6713,36.5982],[140.6666,36.5947],[140.6631,36.5865],[140.6629,36.5815],[140.6554,36.576],[140.6447,36.5511],[140.6466,36.5446],[140.6408,36.5403],[140.6331,36.5149],[140.6325,36.51],[140.6296,36.5032],[140.6283,36.5013],[140.6281,36.4951],[140.6257,36.4985],[140.624,36.4973],[140.6244,36.4935],[140.6218,36.4956],[140.6176,36.4907],[140.6213,36.4885],[140.6204,36.4865],[140.6176,36.4864],[140.6121,36.4877],[140.6115,36.4848],[140.6136,36.4855],[140.6223,36.4836],[140.6234,36.4818],[140.6192,36.4802],[140.6162,36.4831],[140.6142,36.4816],[140.6133,36.4796],[140.612,36.4779],[140.6113,36.4757],[140.6109,36.4731],[140.6111,36.4702],[140.6111,36.4671],[140.6102,36.4653],[140.6094,36.4615],[140.6084,36.4545],[140.6082,36.452],[140.6085,36.4471],[140.6092,36.4439],[140.6082,36.4417],[140.6101,36.4406],[140.6149,36.4416],[140.627,36.4414],[140.6269,36.4312],[140.6192,36.4313],[140.6165,36.4329],[140.6104,36.4314],[140.608,36.4306],[140.6077,36.4278],[140.6101,36.4265],[140.609,36.4228],[140.6088,36.4185],[140.6088,36.4141],[140.6092,36.4118],[140.6157,36.411],[140.6132,36.4106],[140.6098,36.4106],[140.6097,36.4053],[140.6154,36.4053],[140.6118,36.4047],[140.6113,36.4027],[140.6121,36.3982],[140.6145,36.3904],[140.6157,36.3883],[140.6215,36.3831],[140.6236,36.3843],[140.6268,36.3813],[140.6243,36.3721],[140.6218,36.3623],[140.6125,36.3545],[140.6088,36.3518],[140.6056,36.3446],[140.6041,36.3435],[140.6011,36.3397],[140.5988,36.3387],[140.5969,36.3417],[140.5942,36.3374],[140.5959,36.3354],[140.5939,36.3201],[140.5875,36.3124],[140.5852,36.3091],[140.5812,36.3097],[140.5792,36.3105],[140.5774,36.3094],[140.5686,36.3084],[140.5659,36.3047],[140.5596,36.2917],[140.5597,36.2558],[140.56,36.2532],[140.5605,36.2465],[140.572,36.1846],[140.5765,36.1699],[140.5862,36.1428],[140.61,36.0865],[140.6123,36.0823],[140.6218,36.0625],[140.649,36.0123],[140.6535,36.0032],[140.6572,35.9959],[140.6736,35.9689],[140.681,35.9709],[140.7011,35.9377],[140.6936,35.9344],[140.6927,35.9321],[140.6938,35.9296],[140.6784,35.9199],[140.6742,35.9199],[140.6654,35.9238],[140.667,35.9267],[140.6629,35.9286],[140.6629,35.9234],[140.6673,35.9199],[140.6688,35.9183],[140.6708,35.9167],[140.6736,35.9127],[140.6748,35.897],[140.6775,35.8967],[140.6872,35.8818],[140.6908,35.8829],[140.68,35.8997],[140.6773,35.912],[140.691,35.9199],[140.7001,35.9257],[140.7023,35.9221],[140.7049,35.9221],[140.7071,35.925],[140.7091,35.9199],[140.7381,35.8793],[140.7417,35.8745],[140.7398,35.8736],[140.7441,35.8652],[140.7468,35.8617],[140.765,35.8365],[140.775,35.8233],[140.8318,35.7532],[140.8383,35.7485],[140.8411,35.7502],[140.84,35.7487],[140.8428,35.7464],[140.845,35.7483],[140.8462,35.7464],[140.8465,35.7433],[140.8489,35.7442],[140.8519,35.7439],[140.8467,35.74],[140.8204,35.7396],[140.7958,35.7532],[140.7468,35.7818],[140.7295,35.7962],[140.7208,35.8135],[140.7175,35.8227],[140.7061,35.8365],[140.7031,35.8387],[140.6821,35.8495],[140.648,35.8556],[140.6318,35.8589],[140.6301,35.8616],[140.6218,35.8739],[140.6125,35.8901],[140.6,35.9021],[140.5884,35.9063],[140.588,35.9106],[140.5852,35.9093],[140.5831,35.9134],[140.5769,35.9199],[140.5728,35.9213],[140.5554,35.9313],[140.5333,35.9413],[140.5287,35.946],[140.5113,35.9587],[140.5012,35.9466],[140.4968,35.9329],[140.4953,35.9308],[140.4905,35.9319],[140.4872,35.9281],[140.4895,35.9199],[140.4908,35.9151],[140.4968,35.9105],[140.5028,35.9058],[140.4968,35.9065],[140.4841,35.9099],[140.471,35.9199],[140.4585,35.9261],[140.4523,35.9199],[140.4486,35.9152],[140.4349,35.9117],[140.4205,35.9064],[140.4109,35.9084],[140.3988,35.9093],[140.379,35.9031],[140.3759,35.9023],[140.3718,35.9015],[140.3665,35.9002],[140.3557,35.8945],[140.3502,35.8856],[140.3353,35.8726],[140.3176,35.8644],[140.3082,35.8645],[140.2894,35.8714],[140.2812,35.8741],[140.2731,35.8723],[140.2468,35.8573],[140.2436,35.8554],[140.2325,35.8541],[140.2137,35.862],[140.2064,35.8614],[140.1915,35.8546],[140.1679,35.8455],[140.1548,35.8426],[140.1466,35.8456],[140.1376,35.8557],[140.1272,35.8709],[140.1218,35.8736],[140.1184,35.8743],[140.1027,35.8807],[140.089,35.8841],[140.0762,35.877],[140.0705,35.8784],[140.0608,35.8883],[140.0486,35.8918],[140.0306,35.9009],[140.0242,35.9063],[140.017,35.9106],[140,35.9094],[139.9968,35.9092],[139.9931,35.9103],[139.9808,35.9199],[139.9785,35.922],[139.966,35.9265],[139.9521,35.9357],[139.9392,35.9403],[139.9321,35.9497],[139.9382,35.9619],[139.9341,35.9684],[139.9237,35.9706],[139.9171,35.9703],[139.9008,35.9769],[139.8842,35.9889],[139.8795,36.0032],[139.8785,36.0072],[139.8718,36.0145],[139.8663,36.0203],[139.8591,36.0275],[139.846,36.0347],[139.8202,36.0573],[139.8106,36.066],[139.8039,36.0865],[139.8012,36.0919],[139.7868,36.1041],[139.7775,36.098],[139.7762,36.0909],[139.772,36.0865],[139.7703,36.0812],[139.761,36.0813],[139.7482,36.0865],[139.7368,36.0865],[139.7319,36.0865],[139.7298,36.0879],[139.7271,36.1075],[139.7268,36.1114],[139.7154,36.1243],[139.7101,36.1359],[139.7031,36.1451],[139.6986,36.1521],[139.692,36.1699],[139.6912,36.1726],[139.6944,36.1903],[139.6896,36.1945],[139.6879,36.1998],[139.6889,36.2022],[139.6914,36.2061],[139.6953,36.2061],[139.7001,36.2035],[139.7064,36.2019],[139.7076,36.2089],[139.7109,36.2105],[139.7149,36.2101],[139.7178,36.2116],[139.7202,36.2085],[139.7272,36.206],[139.7274,36.2016],[139.7468,36.2109],[139.7574,36.2175],[139.7856,36.2277],[139.8217,36.2398],[139.8288,36.2532],[139.8343,36.2688],[139.8413,36.2754],[139.8354,36.2935],[139.8487,36.3113],[139.8576,36.3105],[139.8644,36.3152],[139.8673,36.3139],[139.8718,36.315],[139.8724,36.3172],[139.8744,36.3209],[139.8747,36.3231],[139.8782,36.323],[139.8826,36.3214],[139.8788,36.3146],[139.8802,36.3098],[139.8842,36.3116],[139.8913,36.3095],[139.8964,36.3098],[139.8989,36.3066],[139.8954,36.3044],[139.8954,36.3008],[139.8994,36.3012],[139.9031,36.2987],[139.9096,36.3006],[139.9151,36.3095],[139.9112,36.3099],[139.9125,36.329],[139.9131,36.3351],[139.9142,36.3365],[139.922,36.3413],[139.934,36.3436],[139.9353,36.3449],[139.9383,36.3461],[139.9451,36.3484],[139.96,36.3511],[139.9645,36.3509],[139.9653,36.3641],[139.9675,36.3695],[139.9733,36.3785],[139.9746,36.3761],[139.9791,36.3703],[139.9885,36.3675],[139.992,36.3696],[139.9949,36.3696],[140,36.3687],[140.0021,36.3681],[140.0035,36.3702],[140.0005,36.3766],[140.0089,36.3744],[140.0107,36.3733],[140.0144,36.3773],[140.0164,36.3759],[140.0202,36.3759],[140.027,36.3759],[140.0313,36.3779],[140.0342,36.3779],[140.0398,36.3751],[140.0449,36.3751],[140.0611,36.3809],[140.0692,36.3889],[140.0663,36.3943],[140.0665,36.4038],[140.079,36.4036],[140.0839,36.402],[140.0886,36.3983],[140.0928,36.4013],[140.0981,36.3981],[140.101,36.3966],[140.1111,36.3989],[140.1101,36.4075],[140.1156,36.4113],[140.1218,36.4133],[140.1304,36.4147],[140.1406,36.4121],[140.1443,36.4141],[140.1561,36.3984],[140.1644,36.3995],[140.1772,36.3981],[140.1853,36.3983],[140.189,36.4033],[140.1916,36.4043],[140.1962,36.4106],[140.2024,36.4199],[140.2032,36.4289],[140.2021,36.4328],[140.203,36.4405],[140.2055,36.4471],[140.2028,36.4543],[140.2073,36.4579],[140.2094,36.4651],[140.213,36.4684],[140.2135,36.473],[140.219,36.4803],[140.2236,36.4818],[140.2276,36.4874],[140.2279,36.4899],[140.2303,36.4934],[140.2301,36.5008],[140.2309,36.5029],[140.2357,36.5032],[140.2401,36.5032],[140.2424,36.5073],[140.2454,36.5073],[140.2484,36.5077],[140.2477,36.5139],[140.2493,36.5151],[140.2603,36.5176],[140.2547,36.5225],[140.2533,36.5261],[140.2488,36.5329],[140.2479,36.5461],[140.2486,36.5495],[140.2516,36.5545],[140.2468,36.5597],[140.2439,36.5629],[140.2468,36.5647],[140.2468,36.5673],[140.2455,36.5701],[140.243,36.5739],[140.2449,36.5773],[140.2446,36.5825],[140.2445,36.5865],[140.2468,36.5948],[140.248,36.5973],[140.2484,36.6063],[140.2468,36.6133],[140.2399,36.6244],[140.2367,36.6232],[140.2347,36.6239],[140.2339,36.6341],[140.2425,36.6364],[140.2399,36.6444],[140.241,36.6489],[140.2384,36.6541],[140.2295,36.6622],[140.2319,36.6633],[140.2316,36.6699],[140.2216,36.6743],[140.2217,36.6773],[140.2245,36.6803],[140.2219,36.6838],[140.2206,36.6859],[140.2271,36.6932],[140.2321,36.7001],[140.2366,36.6995],[140.2416,36.6981],[140.2468,36.7023],[140.2552,36.7028],[140.2585,36.7018],[140.2674,36.7026],[140.2711,36.7055],[140.2743,36.7079],[140.2764,36.7072],[140.2799,36.7074],[140.2848,36.7118],[140.2926,36.7127],[140.2885,36.7174],[140.2874,36.7245],[140.2837,36.7333],[140.2702,36.7427],[140.2639,36.748],[140.2592,36.7532],[140.2568,36.7572],[140.2555,36.7645],[140.2609,36.7673],[140.2546,36.7739],[140.2567,36.7763],[140.2539,36.7837],[140.2598,36.7862],[140.2624,36.7862],[140.2652,36.7887],[140.2654,36.7944],[140.2666,36.7963],[140.2641,36.8094],[140.2661,36.8129],[140.267,36.8236],[140.264,36.8308],[140.2628,36.8365],[140.2597,36.838],[140.2556,36.8407],[140.257,36.8469],[140.2525,36.8505],[140.2538,36.8614],[140.2559,36.8721],[140.2555,36.8753],[140.2542,36.8825],[140.2539,36.8853],[140.2538,36.8895],[140.2519,36.8969],[140.2501,36.907],[140.2497,36.913],[140.2489,36.9199],[140.2524,36.9277],[140.2594,36.9331],[140.2624,36.9331],[140.274,36.9307],[140.2793,36.9327],[140.2833,36.9353],[140.2877,36.9343],[140.2941,36.9319],[140.2983,36.9294],[140.303,36.9257],[140.3075,36.9211],[140.318,36.9129],[140.3224,36.9053],[140.3257,36.8928],[140.3295,36.8911],[140.3472,36.8853],[140.3523,36.8863],[140.3566,36.8848],[140.3631,36.8851],[140.3678,36.8807],[140.3718,36.8715],[140.3686,36.8654],[140.3711,36.8551],[140.3764,36.8458],[140.377,36.8425],[140.3773,36.838],[140.382,36.8365],[140.3862,36.8354],[140.3955,36.8326],[140.4017,36.8326],[140.4051,36.8318],[140.4083,36.8319],[140.4111,36.8306],[140.4153,36.832],[140.419,36.8266],[140.422,36.8231],[140.4246,36.8209],[140.4299,36.8189],[140.4317,36.8176],[140.4385,36.8216],[140.4485,36.8093],[140.4534,36.8045],[140.4557,36.8021],[140.4581,36.7984],[140.462,36.797],[140.4637,36.7918],[140.4715,36.7945],[140.4785,36.7977],[140.4823,36.8044],[140.4879,36.8091],[140.4898,36.8125],[140.4879,36.8182],[140.4936,36.8191],[140.4961,36.8185],[140.5022,36.8187],[140.5051,36.8233],[140.5116,36.8223],[140.5172,36.8279],[140.5191,36.8333],[140.5198,36.8365],[140.5283,36.8407],[140.5283,36.8437],[140.5293,36.8491],[140.5354,36.8525],[140.5394,36.8592],[140.5476,36.8588],[140.5551,36.8613],[140.5574,36.8603],[140.5619,36.8633],[140.565,36.8629],[140.5676,36.8634],[140.5729,36.8652],[140.5758,36.8691],[140.5808,36.8673],[140.589,36.8747],[140.5919,36.8731],[140.5926,36.8813],[140.5866,36.8864],[140.5814,36.8933],[140.58,36.8993],[140.5807,36.9046],[140.5742,36.9098],[140.5716,36.9127],[140.5674,36.9139],[140.565,36.9129],[140.5679,36.9199],[140.57,36.9324],[140.5676,36.9369],[140.56820678710898,36.93753433227542]]],[[[140.71139526367196,35.94053268432617],[140.7125,35.9547],[140.7117,35.9407],[140.7106,35.9268],[140.7114,35.9405],[140.71139526367196,35.94053268432617]]]]}},{"type":"Feature","properties":{"id":12,"name":"千葉県"},"geometry":{"type":"MultiPolygon","coordinates":[[[[139.77619934082003,36.090866088867216],[139.7775,36.098],[139.7868,36.1041],[139.8012,36.0919],[139.8039,36.0865],[139.8106,36.066],[139.8202,36.0573],[139.846,36.0347],[139.8591,36.0275],[139.8663,36.0203],[139.8718,36.0145],[139.8785,36.0072],[139.8795,36.0032],[139.8842,35.9889],[139.9008,35.9769],[139.9171,35.9703],[139.9237,35.9706],[139.9341,35.9684],[139.9382,35.9619],[139.9321,35.9497],[139.9392,35.9403],[139.9521,35.9357],[139.966,35.9265],[139.9785,35.922],[139.9808,35.9199],[139.9931,35.9103],[139.9952,35.9095],[140,35.9094],[140.017,35.9106],[140.0242,35.9063],[140.0306,35.9009],[140.0486,35.8918],[140.0608,35.8883],[140.0705,35.8784],[140.0762,35.877],[140.089,35.8841],[140.1027,35.8807],[140.1184,35.8743],[140.1218,35.8736],[140.1272,35.8709],[140.1376,35.8557],[140.1466,35.8456],[140.1548,35.8426],[140.1679,35.8455],[140.1915,35.8546],[140.2064,35.8614],[140.2137,35.862],[140.2325,35.8541],[140.2436,35.8554],[140.2468,35.8573],[140.2731,35.8723],[140.2812,35.8741],[140.2894,35.8714],[140.3082,35.8645],[140.3176,35.8644],[140.3353,35.8726],[140.3502,35.8856],[140.3557,35.8945],[140.3665,35.9002],[140.3718,35.9015],[140.3759,35.9023],[140.379,35.9031],[140.3988,35.9093],[140.4109,35.9084],[140.4205,35.9064],[140.4349,35.9117],[140.4486,35.9152],[140.4523,35.9199],[140.4585,35.9261],[140.471,35.9199],[140.4841,35.9099],[140.4968,35.9065],[140.5028,35.9058],[140.4968,35.9105],[140.4908,35.9151],[140.4895,35.9199],[140.4872,35.9281],[140.4905,35.9319],[140.4953,35.9308],[140.4968,35.9329],[140.5012,35.9466],[140.5113,35.9587],[140.5287,35.946],[140.5333,35.9413],[140.5554,35.9313],[140.5737,35.922],[140.5769,35.9199],[140.5831,35.9134],[140.5852,35.9093],[140.588,35.9106],[140.5888,35.9077],[140.5989,35.9032],[140.6125,35.8901],[140.6218,35.8739],[140.6301,35.8616],[140.6318,35.8589],[140.648,35.8556],[140.6821,35.8495],[140.7031,35.8387],[140.7061,35.8365],[140.7175,35.8227],[140.7208,35.8135],[140.7295,35.7962],[140.7468,35.7818],[140.7958,35.7532],[140.8204,35.7396],[140.8467,35.74],[140.8519,35.7439],[140.8582,35.744],[140.861,35.7429],[140.8643,35.7421],[140.869,35.736],[140.8646,35.7341],[140.869,35.7313],[140.8709,35.7183],[140.8661,35.7125],[140.8686,35.7088],[140.8693,35.7069],[140.8663,35.7065],[140.8635,35.7031],[140.8655,35.6934],[140.8593,35.6951],[140.8517,35.6978],[140.8492,35.6979],[140.8507,35.6958],[140.8483,35.6979],[140.8456,35.6995],[140.8443,35.7024],[140.8417,35.7033],[140.838,35.711],[140.8308,35.7135],[140.811,35.7123],[140.7612,35.6979],[140.7594,35.6961],[140.7468,35.6934],[140.737,35.6916],[140.7361,35.6935],[140.7339,35.6927],[140.7252,35.6936],[140.7243,35.6953],[140.7202,35.7005],[140.7072,35.7021],[140.6858,35.6982],[140.6554,35.6882],[140.6251,35.6724],[140.6218,35.6703],[140.6065,35.6606],[140.5597,35.6278],[140.5367,35.6111],[140.5255,35.6025],[140.5063,35.5865],[140.4981,35.5791],[140.4857,35.5664],[140.4698,35.5475],[140.4639,35.5377],[140.4603,35.5342],[140.4585,35.5351],[140.4499,35.5245],[140.4337,35.5032],[140.4303,35.4983],[140.4157,35.4717],[140.4113,35.4615],[140.3975,35.4199],[140.3962,35.4144],[140.3918,35.3831],[140.3916,35.377],[140.395,35.3365],[140.3979,35.3302],[140.4016,35.3285],[140.404,35.3281],[140.4096,35.3199],[140.4123,35.3153],[140.4148,35.3069],[140.4126,35.3021],[140.4035,35.2816],[140.4011,35.2749],[140.4008,35.2557],[140.4057,35.2532],[140.4021,35.255],[140.4044,35.2525],[140.4076,35.2499],[140.4048,35.2472],[140.4059,35.2405],[140.4033,35.2351],[140.4001,35.2291],[140.3956,35.2159],[140.393,35.211],[140.3933,35.203],[140.3915,35.2003],[140.385,35.1922],[140.3842,35.1872],[140.3807,35.1846],[140.3775,35.181],[140.3718,35.1788],[140.3686,35.1785],[140.3589,35.1822],[140.3514,35.1814],[140.3468,35.1755],[140.3393,35.1699],[140.334,35.1649],[140.3322,35.1562],[140.3284,35.1513],[140.3262,35.1401],[140.3228,35.139],[140.3194,35.1373],[140.3164,35.1383],[140.3117,35.1343],[140.3117,35.1382],[140.3126,35.1471],[140.3088,35.1499],[140.2989,35.1509],[140.2956,35.1464],[140.2913,35.1452],[140.2909,35.1405],[140.2924,35.1383],[140.2909,35.1369],[140.288,35.1372],[140.2868,35.1345],[140.2834,35.1334],[140.2807,35.1337],[140.2785,35.1327],[140.2772,35.1309],[140.2739,35.1312],[140.2765,35.1337],[140.2749,35.1367],[140.271,35.1369],[140.2683,35.1335],[140.2678,35.1355],[140.2635,35.1341],[140.2631,35.137],[140.2575,35.1376],[140.2577,35.1351],[140.2541,35.1344],[140.249,35.1344],[140.2479,35.1307],[140.2495,35.1293],[140.2468,35.1273],[140.2427,35.1247],[140.2395,35.1241],[140.2345,35.1217],[140.2377,35.1183],[140.2336,35.1155],[140.2267,35.1155],[140.2225,35.1163],[140.212,35.1143],[140.2096,35.1139],[140.2041,35.1105],[140.2019,35.1097],[140.2005,35.1112],[140.1955,35.1178],[140.197,35.1199],[140.1956,35.1211],[140.194,35.1249],[140.1925,35.1268],[140.1867,35.1256],[140.1837,35.1186],[140.1813,35.1189],[140.1785,35.1207],[140.1741,35.1202],[140.1685,35.1235],[140.1622,35.1217],[140.1585,35.1221],[140.1537,35.1213],[140.1516,35.117],[140.1362,35.1215],[140.1218,35.1155],[140.1104,35.1077],[140.1044,35.0984],[140.1074,35.0939],[140.1063,35.092],[140.1087,35.0913],[140.1031,35.0907],[140.1007,35.0898],[140.101,35.0865],[140.0997,35.0822],[140.1016,35.0787],[140.0993,35.0767],[140.0972,35.0755],[140.0899,35.073],[140.0864,35.0737],[140.0844,35.0699],[140.0796,35.0682],[140.0811,35.0666],[140.0818,35.0647],[140.0842,35.0631],[140.0819,35.0624],[140.0797,35.0629],[140.0761,35.0632],[140.0745,35.0587],[140.074,35.0563],[140.0691,35.0577],[140.0655,35.0583],[140.0586,35.0585],[140.056,35.0581],[140.0381,35.0514],[140.0323,35.048],[140.0172,35.0359],[140.014,35.0355],[140,35.028],[139.9968,35.0259],[139.9815,35.0113],[139.9761,35.0032],[139.9748,35],[139.9738,34.9976],[139.9721,34.9868],[139.9676,34.9817],[139.9686,34.9771],[139.961,34.9681],[139.9642,34.9528],[139.9659,34.9541],[139.9647,34.9497],[139.9644,34.9455],[139.9642,34.9429],[139.9628,34.9413],[139.9605,34.9387],[139.9574,34.9359],[139.954,34.9316],[139.9561,34.9312],[139.948,34.9273],[139.9464,34.9243],[139.9419,34.924],[139.9421,34.9199],[139.939,34.9162],[139.9351,34.9139],[139.9315,34.9127],[139.924,34.9113],[139.9283,34.9101],[139.9201,34.9097],[139.9177,34.9067],[139.9111,34.9071],[139.9086,34.905],[139.9031,34.9044],[139.8986,34.9053],[139.894,34.9056],[139.8901,34.9036],[139.8879,34.8995],[139.8868,34.9027],[139.8837,34.9031],[139.8772,34.9033],[139.8735,34.9031],[139.8672,34.9063],[139.8492,34.9039],[139.8457,34.9027],[139.8401,34.9042],[139.8371,34.9032],[139.8345,34.9069],[139.8244,34.9111],[139.8239,34.9135],[139.8242,34.9189],[139.8239,34.9212],[139.8265,34.9245],[139.8241,34.9327],[139.8116,34.9431],[139.7809,34.9552],[139.7778,34.9553],[139.7694,34.9548],[139.7684,34.9567],[139.7665,34.9578],[139.759,34.9586],[139.7585,34.9619],[139.7559,34.9635],[139.7536,34.9669],[139.7549,34.9689],[139.7529,34.9745],[139.7543,34.9759],[139.7579,34.9777],[139.7595,34.9751],[139.7646,34.9753],[139.7693,34.9759],[139.7726,34.9774],[139.7762,34.9757],[139.7817,34.9763],[139.7844,34.9734],[139.7939,34.9737],[139.8115,34.9783],[139.8167,34.979],[139.8182,34.9777],[139.8242,34.9821],[139.8276,34.9887],[139.8238,34.9896],[139.8248,34.9915],[139.8267,34.9898],[139.829,34.9907],[139.8416,34.9917],[139.843,34.9893],[139.8418,34.9859],[139.8482,34.9852],[139.8552,34.9897],[139.8575,35],[139.8582,35.0032],[139.8567,35.0147],[139.8506,35.0248],[139.8474,35.0258],[139.846,35.0241],[139.8448,35.0255],[139.8404,35.0278],[139.8331,35.0321],[139.8259,35.0315],[139.819,35.0336],[139.8119,35.0367],[139.8107,35.0392],[139.8149,35.0428],[139.8191,35.0387],[139.8209,35.0398],[139.822,35.0369],[139.8321,35.0439],[139.8316,35.0481],[139.8321,35.0507],[139.8287,35.0521],[139.8266,35.0585],[139.821,35.0649],[139.8213,35.0709],[139.8372,35.0783],[139.8391,35.0818],[139.8423,35.0865],[139.8361,35.0997],[139.8285,35.0997],[139.8244,35.1008],[139.8268,35.1038],[139.8262,35.1061],[139.8243,35.1077],[139.8266,35.109],[139.8248,35.1133],[139.828,35.1186],[139.8302,35.1192],[139.8314,35.1225],[139.8354,35.1245],[139.8348,35.13],[139.8365,35.1291],[139.8391,35.1293],[139.8371,35.1332],[139.8375,35.1353],[139.8299,35.1458],[139.8286,35.1507],[139.8172,35.1545],[139.819,35.1605],[139.8221,35.1648],[139.8171,35.1683],[139.8182,35.1699],[139.8172,35.1727],[139.8175,35.1751],[139.8169,35.1773],[139.8177,35.181],[139.8177,35.1839],[139.8184,35.1867],[139.8237,35.1967],[139.8261,35.1981],[139.8304,35.2025],[139.8426,35.2083],[139.8466,35.2113],[139.8636,35.2177],[139.8665,35.2195],[139.87,35.2279],[139.8698,35.2349],[139.8642,35.2532],[139.8624,35.2565],[139.8468,35.2716],[139.8484,35.2772],[139.8504,35.2764],[139.8528,35.2839],[139.8419,35.2941],[139.8187,35.3037],[139.786,35.3122],[139.7805,35.315],[139.7944,35.3137],[139.8123,35.3157],[139.8193,35.3163],[139.8171,35.3213],[139.8164,35.3237],[139.8219,35.3269],[139.8204,35.3249],[139.8231,35.3254],[139.8391,35.3337],[139.8382,35.3365],[139.8289,35.3368],[139.8231,35.3443],[139.8381,35.3589],[139.8472,35.3469],[139.8522,35.3493],[139.8564,35.3514],[139.8519,35.3582],[139.8416,35.3642],[139.8392,35.3673],[139.8454,35.3747],[139.8622,35.3677],[139.8718,35.3649],[139.8825,35.3613],[139.8875,35.3615],[139.8914,35.3615],[139.8941,35.3572],[139.8969,35.3583],[139.8883,35.37],[139.8909,35.3721],[139.8932,35.3723],[139.8947,35.37],[139.8999,35.3722],[139.9024,35.3683],[139.9074,35.3704],[139.9045,35.3749],[139.8992,35.3727],[139.8976,35.3751],[139.911,35.3806],[139.9131,35.3793],[139.9133,35.3831],[139.9152,35.3815],[139.9187,35.3879],[139.9149,35.3888],[139.9135,35.3905],[139.9067,35.3894],[139.9023,35.3998],[139.9011,35.4055],[139.8978,35.4091],[139.898,35.4129],[139.8992,35.4178],[139.8969,35.4199],[139.897,35.4225],[139.9019,35.4251],[139.901,35.4275],[139.904,35.43],[139.9052,35.432],[139.9165,35.4371],[139.9176,35.4405],[139.918,35.4375],[139.922,35.4391],[139.9242,35.4408],[139.9283,35.4405],[139.9351,35.4419],[139.9381,35.4433],[139.9401,35.4439],[139.9486,35.4422],[139.9511,35.4559],[139.9621,35.4585],[139.965,35.4507],[139.9566,35.4481],[139.9542,35.4533],[139.9547,35.4441],[139.9572,35.4456],[139.9676,35.4481],[139.968,35.4459],[139.9744,35.4484],[139.9711,35.4557],[139.9691,35.462],[139.9657,35.4685],[139.9822,35.4747],[139.9923,35.4573],[139.9891,35.4541],[139.9904,35.452],[139.9927,35.4539],[139.9968,35.4567],[139.9983,35.4579],[139.9968,35.4591],[139.989,35.4698],[139.9936,35.4722],[139.9955,35.4704],[139.9968,35.4691],[139.9991,35.4658],[140.0032,35.4681],[140,35.4718],[139.9977,35.4745],[140,35.4757],[140.0065,35.4791],[140.0098,35.4774],[140.0214,35.4667],[140.0183,35.4726],[140.0173,35.4772],[140.0178,35.4804],[140.0112,35.484],[140.0218,35.4968],[140.0258,35.4945],[140.0286,35.4963],[140.0329,35.4917],[140.036,35.4953],[140.0251,35.5015],[140.0267,35.5032],[140.0341,35.5118],[140.0423,35.5073],[140.0461,35.5115],[140.0377,35.5163],[140.0501,35.5309],[140.0575,35.5269],[140.0606,35.5299],[140.0539,35.535],[140.0614,35.5437],[140.0647,35.5427],[140.0723,35.55],[140.0835,35.5427],[140.0962,35.5353],[140.1011,35.5383],[140.0982,35.5413],[140.096,35.5401],[140.091,35.5422],[140.0943,35.5454],[140.0918,35.5483],[140.0881,35.5459],[140.0865,35.5487],[140.0891,35.5509],[140.0924,35.5544],[140.0981,35.5549],[140.1066,35.5522],[140.1129,35.5485],[140.1156,35.5505],[140.0913,35.5611],[140.091,35.5645],[140.097,35.5665],[140.1218,35.5671],[140.1271,35.5675],[140.1218,35.5691],[140.1139,35.5705],[140.0862,35.5693],[140.082,35.5865],[140.1032,35.5865],[140.1053,35.5777],[140.1096,35.5766],[140.1109,35.5723],[140.114,35.5723],[140.1112,35.5865],[140.1106,35.5895],[140.1153,35.5918],[140.1169,35.5933],[140.1182,35.5957],[140.1153,35.5968],[140.1135,35.5937],[140.1077,35.592],[140.1055,35.5934],[140.1088,35.5999],[140.1059,35.6027],[140.104,35.6013],[140.1059,35.5993],[140.1016,35.594],[140.089,35.5945],[140.0917,35.5984],[140.0939,35.5974],[140.0986,35.6014],[140.1005,35.6045],[140.0986,35.6063],[140.0942,35.6037],[140.083,35.6139],[140.078,35.6105],[140.0866,35.6019],[140.0839,35.5967],[140.0293,35.6445],[140.0277,35.6459],[140.0198,35.6527],[140.0137,35.6575],[140.0081,35.6588],[140.0051,35.6567],[140,35.656],[139.9968,35.6556],[139.9877,35.6546],[139.9867,35.6601],[139.9948,35.6609],[139.9968,35.6595],[140,35.6596],[140.003,35.6598],[140.002,35.6657],[139.9968,35.6652],[139.986,35.6639],[139.9849,35.6699],[139.9922,35.6724],[139.9918,35.6749],[139.9839,35.6772],[139.9879,35.6905],[139.9848,35.6919],[139.987,35.6905],[139.9846,35.6909],[139.9834,35.6886],[139.9856,35.6875],[139.9831,35.6817],[139.9751,35.6835],[139.9684,35.6833],[139.967,35.6817],[139.9633,35.6815],[139.96,35.6794],[139.9549,35.6893],[139.9531,35.6883],[139.9581,35.6774],[139.9532,35.6717],[139.9474,35.68],[139.9368,35.6734],[139.933,35.6757],[139.9314,35.6745],[139.9331,35.6731],[139.9294,35.6699],[139.945,35.6729],[139.9475,35.6699],[139.9329,35.6667],[139.9211,35.6607],[139.9183,35.6555],[139.9396,35.6411],[139.9099,35.6244],[139.9048,35.6285],[139.9071,35.6313],[139.9053,35.6329],[139.9017,35.6299],[139.8975,35.6294],[139.907,35.6231],[139.8977,35.6167],[139.8928,35.6255],[139.8883,35.6219],[139.8726,35.6255],[139.8724,35.633],[139.8748,35.6373],[139.8729,35.6385],[139.8755,35.6405],[139.8821,35.644],[139.887,35.6539],[139.8866,35.6699],[139.8858,35.6768],[139.8891,35.6806],[139.9059,35.6837],[139.9187,35.6978],[139.9161,35.7077],[139.9121,35.7113],[139.9014,35.7215],[139.8971,35.7267],[139.9001,35.7356],[139.8998,35.7437],[139.8904,35.7504],[139.888,35.7532],[139.8808,35.7647],[139.8805,35.7712],[139.8933,35.7782],[139.8938,35.7827],[139.8886,35.7964],[139.8906,35.8019],[139.8893,35.8087],[139.8911,35.82],[139.8882,35.825],[139.8885,35.8302],[139.8899,35.8365],[139.8916,35.8467],[139.8969,35.8554],[139.9,35.8653],[139.8873,35.8965],[139.8747,35.9129],[139.8718,35.9158],[139.8701,35.9199],[139.8617,35.9321],[139.8494,35.9383],[139.8355,35.959],[139.8334,35.9689],[139.8256,35.9729],[139.8259,35.9848],[139.8142,35.9979],[139.8169,36.0032],[139.8142,36.0253],[139.8174,36.0325],[139.8121,36.0395],[139.8069,36.0432],[139.7907,36.0592],[139.7896,36.0619],[139.7825,36.0711],[139.7779,36.0865],[139.7762,36.0909],[139.77619934082003,36.090866088867216]]],[[[139.963806152344,35.672264099121094],[139.9589,35.6731],[139.9604,35.6786],[139.9627,35.6807],[139.9673,35.6789],[139.9711,35.6806],[139.9778,35.6795],[139.9783,35.676],[139.9712,35.6773],[139.9717,35.6745],[139.9787,35.6733],[139.9792,35.6699],[139.9716,35.671],[139.9638,35.6723],[139.963806152344,35.672264099121094]]],[[[139.768096923828,35.31433486938484],[139.7713,35.3162],[139.7768,35.3162],[139.7709,35.3151],[139.7681,35.3143],[139.768096923828,35.31433486938484]]],[[[139.743499755859,35.311267852783175],[139.7405,35.3115],[139.7435,35.3127],[139.743499755859,35.311267852783175]]]]}},{"type":"Feature","properties":{"id":13,"name":"東京都"},"geometry":{"type":"MultiPolygon","coordinates":[[[[138.94400024414102,35.85466766357418],[138.9441,35.8615],[138.9459,35.8659],[138.9463,35.8687],[138.9503,35.8699],[138.9569,35.8757],[138.966,35.8784],[138.9682,35.8821],[138.976,35.8831],[138.9799,35.8846],[138.9867,35.8813],[138.9968,35.8844],[139.0015,35.8844],[139.0066,35.8911],[139.0103,35.8971],[139.0194,35.8981],[139.0239,35.8974],[139.0362,35.8898],[139.0517,35.8782],[139.0581,35.8773],[139.0624,35.8734],[139.0726,35.8718],[139.0786,35.8754],[139.0861,35.8726],[139.0924,35.869],[139.0992,35.8685],[139.1018,35.8662],[139.1218,35.8649],[139.1303,35.8651],[139.1384,35.8643],[139.1511,35.8609],[139.1601,35.8557],[139.1634,35.8509],[139.1755,35.8472],[139.1858,35.8428],[139.1964,35.8401],[139.2039,35.8423],[139.2049,35.8445],[139.2091,35.8464],[139.2155,35.8453],[139.2224,35.8407],[139.2295,35.8373],[139.2333,35.8371],[139.2394,35.8405],[139.2416,35.8385],[139.2441,35.8368],[139.2468,35.8369],[139.2563,35.8378],[139.2588,35.8365],[139.2614,35.8365],[139.275,35.8396],[139.2801,35.8395],[139.2834,35.8365],[139.286,35.8365],[139.2912,35.8378],[139.2927,35.8365],[139.296,35.8341],[139.2981,35.8353],[139.3015,35.8341],[139.3036,35.8243],[139.3054,35.8226],[139.3136,35.8252],[139.316,35.823],[139.3163,35.8189],[139.316,35.8134],[139.3257,35.795],[139.3304,35.7936],[139.3333,35.7922],[139.3397,35.7945],[139.3437,35.7949],[139.3476,35.7959],[139.3518,35.7935],[139.3588,35.7924],[139.3702,35.7912],[139.369,35.7893],[139.3681,35.7839],[139.3718,35.7803],[139.3769,35.7801],[139.38,35.7777],[139.3815,35.7743],[139.3792,35.7711],[139.3812,35.766],[139.3873,35.7662],[139.3917,35.7669],[139.3916,35.7634],[139.3963,35.7643],[139.3998,35.7669],[139.404,35.7693],[139.4084,35.7688],[139.4165,35.7662],[139.4214,35.7675],[139.426,35.7671],[139.433,35.7674],[139.4358,35.7673],[139.438,35.7694],[139.4408,35.7669],[139.4506,35.7692],[139.4545,35.7695],[139.4573,35.7695],[139.4588,35.7717],[139.4645,35.7737],[139.4703,35.7737],[139.4736,35.7759],[139.4753,35.777],[139.4816,35.7807],[139.4896,35.7796],[139.4926,35.78],[139.4936,35.7815],[139.4968,35.7787],[139.4978,35.7811],[139.5077,35.7837],[139.5116,35.7851],[139.5137,35.788],[139.522,35.789],[139.5234,35.7919],[139.5318,35.7975],[139.5416,35.8074],[139.5464,35.8039],[139.5463,35.7995],[139.5372,35.7916],[139.5425,35.7891],[139.5436,35.7817],[139.5361,35.7753],[139.5239,35.7719],[139.5161,35.7655],[139.527,35.7683],[139.5449,35.7736],[139.5478,35.7738],[139.5454,35.7577],[139.5446,35.7548],[139.5472,35.7545],[139.5532,35.7557],[139.5553,35.7571],[139.5578,35.7597],[139.5617,35.7597],[139.5628,35.7617],[139.5648,35.7625],[139.571,35.7642],[139.5745,35.767],[139.577,35.7681],[139.5782,35.7709],[139.5821,35.7718],[139.5854,35.7753],[139.5887,35.7786],[139.5938,35.7773],[139.5969,35.7784],[139.6042,35.7743],[139.5974,35.7711],[139.5994,35.7695],[139.603,35.7711],[139.6055,35.7707],[139.609,35.7695],[139.6114,35.7705],[139.6173,35.7705],[139.6178,35.7667],[139.6218,35.7667],[139.6249,35.7732],[139.6247,35.7795],[139.6298,35.7855],[139.6357,35.7907],[139.6398,35.7943],[139.6416,35.7981],[139.6472,35.7975],[139.6571,35.8005],[139.6759,35.7989],[139.6917,35.8007],[139.6969,35.7989],[139.7095,35.7921],[139.7223,35.7907],[139.725,35.7873],[139.7353,35.7897],[139.7384,35.7866],[139.7378,35.7805],[139.7464,35.7841],[139.7468,35.7869],[139.7535,35.7865],[139.7559,35.7896],[139.7605,35.7979],[139.7508,35.8077],[139.7534,35.8106],[139.7554,35.8121],[139.7612,35.8128],[139.7677,35.8175],[139.7728,35.8157],[139.7824,35.8072],[139.7961,35.8056],[139.8046,35.8088],[139.8156,35.8091],[139.821,35.8115],[139.8211,35.8151],[139.8251,35.8115],[139.8202,35.8021],[139.8216,35.7965],[139.8272,35.7936],[139.8342,35.7975],[139.8388,35.8008],[139.845,35.7985],[139.8468,35.7965],[139.8564,35.7909],[139.8588,35.7945],[139.8627,35.7947],[139.8718,35.7971],[139.8774,35.7938],[139.8718,35.7883],[139.8718,35.7845],[139.8767,35.7809],[139.8813,35.7821],[139.8891,35.7837],[139.8938,35.7827],[139.8933,35.7782],[139.8805,35.7712],[139.8808,35.7647],[139.8878,35.7534],[139.89,35.7508],[139.8998,35.7437],[139.9001,35.7356],[139.8971,35.7267],[139.9014,35.7215],[139.9121,35.7113],[139.9161,35.7077],[139.9187,35.6978],[139.9059,35.6837],[139.8891,35.6806],[139.8858,35.6768],[139.8859,35.6711],[139.887,35.6539],[139.8821,35.644],[139.8755,35.6405],[139.8729,35.6385],[139.8635,35.6384],[139.8497,35.6427],[139.8452,35.643],[139.8411,35.6433],[139.8404,35.6339],[139.8214,35.632],[139.8337,35.6347],[139.8346,35.6441],[139.8081,35.6408],[139.807,35.6369],[139.8002,35.6362],[139.8003,35.631],[139.8022,35.6263],[139.7986,35.6219],[139.7913,35.6295],[139.7873,35.6274],[139.7788,35.6375],[139.7815,35.6387],[139.7835,35.6361],[139.7981,35.6448],[139.7956,35.6498],[139.7932,35.6507],[139.7944,35.6475],[139.7792,35.6397],[139.7767,35.6422],[139.7925,35.6529],[139.7895,35.6569],[139.7727,35.646],[139.7696,35.6493],[139.7736,35.6527],[139.7723,35.6541],[139.7684,35.6504],[139.7673,35.6553],[139.7697,35.6543],[139.7673,35.6581],[139.7645,35.6561],[139.7627,35.6521],[139.759,35.6449],[139.7595,35.6375],[139.7555,35.639],[139.7526,35.6345],[139.7521,35.6262],[139.7504,35.6249],[139.7508,35.6071],[139.7479,35.6007],[139.7472,35.5921],[139.7441,35.5894],[139.7468,35.5898],[139.7487,35.5865],[139.7521,35.5789],[139.7534,35.5757],[139.7562,35.5695],[139.7502,35.5673],[139.7543,35.5616],[139.7587,35.5643],[139.7632,35.5607],[139.7711,35.5689],[139.7855,35.5705],[139.8087,35.5384],[139.7946,35.5319],[139.7898,35.5267],[139.7763,35.5344],[139.7575,35.5442],[139.7468,35.5437],[139.7409,35.5455],[139.735,35.5413],[139.7274,35.5435],[139.7179,35.5381],[139.7034,35.5365],[139.6978,35.5435],[139.7036,35.5493],[139.7025,35.5539],[139.6938,35.5565],[139.6811,35.5613],[139.6783,35.5634],[139.6678,35.5865],[139.6653,35.5889],[139.6551,35.5901],[139.6436,35.5979],[139.6316,35.6059],[139.6218,35.6118],[139.6192,35.6135],[139.6163,35.6135],[139.6127,35.6153],[139.6076,35.616],[139.6033,35.6166],[139.5966,35.6185],[139.5902,35.6184],[139.5881,35.6194],[139.5785,35.6219],[139.5659,35.6272],[139.562,35.6325],[139.5518,35.6341],[139.5486,35.6358],[139.5348,35.6402],[139.5254,35.6427],[139.5237,35.6395],[139.5207,35.6378],[139.5235,35.6331],[139.5184,35.6306],[139.5146,35.6248],[139.5112,35.624],[139.5043,35.6231],[139.4968,35.6179],[139.4968,35.6113],[139.4998,35.6063],[139.4968,35.6048],[139.4904,35.6045],[139.488,35.6075],[139.4834,35.6085],[139.48,35.613],[139.4771,35.613],[139.4762,35.6189],[139.469,35.6203],[139.4641,35.6245],[139.461,35.6223],[139.4542,35.6182],[139.4493,35.6118],[139.4532,35.6049],[139.4565,35.6064],[139.4653,35.6091],[139.4709,35.6017],[139.4759,35.5997],[139.4796,35.5956],[139.4827,35.5949],[139.4873,35.5902],[139.4919,35.5887],[139.4943,35.5865],[139.4931,35.5842],[139.4968,35.5815],[139.5051,35.5751],[139.5072,35.5757],[139.5065,35.5715],[139.5024,35.5711],[139.5008,35.5688],[139.4968,35.5657],[139.4944,35.564],[139.4896,35.5615],[139.486,35.5679],[139.4829,35.5713],[139.4862,35.5784],[139.49,35.5841],[139.4867,35.5847],[139.4837,35.5831],[139.479,35.5811],[139.4732,35.5763],[139.4697,35.5697],[139.469,35.5646],[139.4702,35.5607],[139.4738,35.5599],[139.4759,35.5619],[139.4804,35.5577],[139.482,35.5502],[139.4802,35.5441],[139.4851,35.5367],[139.4867,35.5355],[139.4867,35.5296],[139.4862,35.5208],[139.4777,35.5121],[139.4788,35.5088],[139.485,35.5039],[139.4816,35.5032],[139.477,35.5016],[139.4678,35.5022],[139.4686,35.5049],[139.466,35.5089],[139.464,35.5157],[139.4616,35.5197],[139.4553,35.5199],[139.456,35.524],[139.458,35.5281],[139.448,35.5367],[139.4433,35.5427],[139.4408,35.5426],[139.4356,35.5463],[139.4325,35.5478],[139.4272,35.5523],[139.4236,35.5583],[139.4173,35.5618],[139.4101,35.5717],[139.4076,35.5758],[139.4029,35.5753],[139.3986,35.5844],[139.3947,35.5843],[139.3922,35.5855],[139.3901,35.5865],[139.3857,35.5882],[139.3795,35.5899],[139.3753,35.5941],[139.3718,35.5942],[139.3632,35.5989],[139.356,35.5991],[139.3467,35.6019],[139.3414,35.6048],[139.3307,35.6035],[139.3215,35.6058],[139.3138,35.6044],[139.3046,35.6052],[139.3003,35.6061],[139.2968,35.609],[139.2925,35.6112],[139.2822,35.613],[139.2689,35.6093],[139.2673,35.6082],[139.2648,35.6023],[139.2587,35.6035],[139.2529,35.6019],[139.2468,35.6052],[139.2406,35.6063],[139.236,35.6105],[139.2329,35.6127],[139.2304,35.6165],[139.2262,35.6225],[139.2204,35.6257],[139.2214,35.6285],[139.2158,35.6368],[139.2157,35.6461],[139.2066,35.6507],[139.2009,35.6525],[139.1948,35.6515],[139.1924,35.6485],[139.1842,35.6449],[139.1799,35.6455],[139.1757,35.649],[139.168,35.6511],[139.1674,35.6535],[139.1674,35.6617],[139.1617,35.6679],[139.1571,35.6663],[139.1486,35.6667],[139.1428,35.6699],[139.1369,35.6721],[139.131,35.6718],[139.1295,35.6742],[139.1218,35.6787],[139.115,35.6841],[139.1085,35.6896],[139.1,35.6921],[139.0924,35.6907],[139.0829,35.6947],[139.0741,35.6957],[139.0715,35.6967],[139.0661,35.6982],[139.0637,35.6999],[139.0545,35.704],[139.0499,35.7077],[139.0442,35.7093],[139.0323,35.7162],[139.0256,35.7193],[139.0201,35.7283],[139.0125,35.7388],[139.0053,35.7495],[139.0032,35.7503],[138.9968,35.7523],[138.9945,35.7543],[138.9927,35.7571],[138.9837,35.7695],[138.986,35.779],[138.9846,35.7846],[138.9788,35.7879],[138.9759,35.7921],[138.9733,35.7977],[138.9709,35.8038],[138.9719,35.8107],[138.9697,35.8157],[138.9697,35.8313],[138.9638,35.8293],[138.9533,35.8365],[138.9481,35.8417],[138.9483,35.8493],[138.944,35.8547],[138.94400024414102,35.85466766357418]]],[[[139.82119750976594,35.63413238525392],[139.8204,35.6391],[139.823,35.6418],[139.8261,35.6427],[139.8248,35.6397],[139.8329,35.6405],[139.8252,35.6375],[139.8256,35.6345],[139.8212,35.6341],[139.82119750976594,35.63413238525392]]],[[[139.85780334472696,35.63579940795904],[139.8553,35.6369],[139.8503,35.6377],[139.8584,35.6381],[139.8579,35.6359],[139.85780334472696,35.63579940795904]]],[[[139.867004394531,35.633598327636676],[139.861,35.636],[139.8637,35.6371],[139.8676,35.6342],[139.867004394531,35.633598327636676]]],[[[139.768707275391,35.62646484374998],[139.7767,35.6309],[139.7754,35.6347],[139.7733,35.634],[139.7708,35.6331],[139.7757,35.6357],[139.7819,35.6299],[139.7849,35.6264],[139.7811,35.6239],[139.7926,35.6095],[139.787,35.6021],[139.7855,35.6035],[139.7733,35.6185],[139.7706,35.6187],[139.7685,35.6212],[139.7677,35.6259],[139.768707275391,35.62646484374998]]],[[[139.75349426269503,35.624065399169886],[139.754,35.6309],[139.7552,35.6336],[139.7592,35.6336],[139.7594,35.628],[139.7594,35.6193],[139.7532,35.6189],[139.7535,35.6241],[139.75349426269503,35.624065399169886]]],[[[139.83549499511696,35.61246490478524],[139.8323,35.6163],[139.8316,35.6211],[139.8274,35.6198],[139.8266,35.6302],[139.8323,35.6311],[139.837,35.6311],[139.8386,35.6142],[139.8355,35.6125],[139.83549499511696,35.61246490478524]]],[[[139.79490661621102,35.61380004882812],[139.7852,35.6251],[139.7899,35.6276],[139.7966,35.6191],[139.7979,35.6178],[139.7949,35.6138],[139.79490661621102,35.61380004882812]]],[[[139.74949645996102,35.58886718750004],[139.7492,35.5923],[139.7491,35.6007],[139.7518,35.6047],[139.753,35.6177],[139.7575,35.617],[139.761,35.6151],[139.7635,35.6099],[139.7728,35.5956],[139.7764,35.5907],[139.7751,35.5893],[139.7729,35.5865],[139.7691,35.5833],[139.7704,35.5812],[139.7758,35.5853],[139.7786,35.5864],[139.787,35.5804],[139.7833,35.5772],[139.7667,35.5771],[139.7679,35.5788],[139.769,35.5803],[139.764,35.578],[139.7559,35.5772],[139.7507,35.5865],[139.7495,35.5889],[139.74949645996102,35.58886718750004]]],[[[139.79150390625003,35.59385299682624],[139.7901,35.5956],[139.794,35.6012],[139.799,35.6068],[139.8106,35.6132],[139.8192,35.6087],[139.7915,35.5939],[139.79150390625003,35.59385299682624]]],[[[139.81320190429696,35.58953475952153],[139.8056,35.5995],[139.8202,35.6073],[139.8268,35.5969],[139.8132,35.5895],[139.81320190429696,35.58953475952153]]],[[[139.805953979492,35.585582733154304],[139.7948,35.5921],[139.8038,35.5985],[139.8118,35.5887],[139.806,35.5856],[139.805953979492,35.585582733154304]]],[[[139.76559448242202,35.56486511230467],[139.7585,35.5685],[139.7577,35.5743],[139.7644,35.5747],[139.7737,35.5745],[139.7656,35.5649],[139.76559448242202,35.56486511230467]]],[[[139.43879699707003,34.67860031127927],[139.4313,34.6786],[139.426,34.6819],[139.4137,34.6809],[139.4109,34.6807],[139.4034,34.6823],[139.4002,34.6829],[139.3967,34.6833],[139.3948,34.6861],[139.392,34.6867],[139.3838,34.693],[139.3758,34.6964],[139.3718,34.6991],[139.3679,34.6996],[139.3595,34.7017],[139.3611,34.7089],[139.3529,34.718],[139.3529,34.7274],[139.3554,34.733],[139.3564,34.7408],[139.3543,34.7443],[139.3532,34.7498],[139.3499,34.7518],[139.3519,34.7532],[139.3508,34.7555],[139.3488,34.7646],[139.3512,34.7671],[139.3498,34.7739],[139.3507,34.7839],[139.3535,34.7879],[139.3575,34.7922],[139.3603,34.7988],[139.3661,34.7967],[139.3718,34.7983],[139.3771,34.7941],[139.3798,34.7941],[139.3819,34.7917],[139.3889,34.7887],[139.3912,34.7893],[139.3996,34.7879],[139.4076,34.7863],[139.4119,34.787],[139.4132,34.7856],[139.4203,34.7811],[139.4345,34.7703],[139.4389,34.7617],[139.4407,34.7532],[139.4441,34.7471],[139.4471,34.7456],[139.4484,34.7385],[139.4449,34.7347],[139.4455,34.7275],[139.4468,34.722],[139.4496,34.7153],[139.4464,34.7113],[139.4435,34.7039],[139.4492,34.6985],[139.4486,34.6947],[139.4455,34.6895],[139.445,34.6847],[139.4399,34.6852],[139.4367,34.6882],[139.4402,34.6828],[139.4388,34.6786],[139.43879699707003,34.67860031127927]]],[[[139.27529907226602,34.511135101318416],[139.2685,34.5165],[139.2685,34.5271],[139.2753,34.5321],[139.2797,34.5321],[139.2803,34.5345],[139.2806,34.5321],[139.2831,34.5321],[139.2882,34.5305],[139.2931,34.5242],[139.282,34.5125],[139.2753,34.5111],[139.27529907226602,34.511135101318416]]],[[[139.29319763183597,34.46966552734382],[139.2903,34.4732],[139.2874,34.4774],[139.2965,34.4733],[139.2989,34.4705],[139.2932,34.4697],[139.29319763183597,34.46966552734382]]],[[[139.27250671386702,34.32993316650387],[139.2574,34.3365],[139.2541,34.3386],[139.2468,34.3459],[139.2447,34.3476],[139.2451,34.3537],[139.2426,34.3623],[139.2438,34.368],[139.2468,34.3687],[139.2553,34.3835],[139.2558,34.3951],[139.2554,34.3999],[139.2656,34.4073],[139.268,34.4146],[139.2719,34.4167],[139.2748,34.4153],[139.2806,34.4199],[139.2813,34.4231],[139.2785,34.4309],[139.281,34.4306],[139.2852,34.4288],[139.2902,34.4244],[139.2911,34.4199],[139.2864,34.4131],[139.291,34.4083],[139.2899,34.4027],[139.2852,34.3999],[139.2777,34.3888],[139.2765,34.3495],[139.2727,34.3365],[139.2725,34.3299],[139.27250671386702,34.32993316650387]]],[[[139.227005004883,34.36719894409183],[139.2275,34.3696],[139.2234,34.3751],[139.2266,34.3743],[139.2285,34.3731],[139.2287,34.3677],[139.227005004883,34.36719894409183]]],[[[139.210693359375,34.33673477172851],[139.20959472656298,34.33713150024406],[139.209701538086,34.3376655578613],[139.211898803711,34.337535858154325],[139.210693359375,34.33673477172851]]],[[[139.213394165039,34.31626892089838],[139.2109,34.3175],[139.2085,34.3173],[139.2072,34.3205],[139.2048,34.3212],[139.2015,34.3163],[139.1971,34.317],[139.1949,34.3211],[139.2006,34.3253],[139.2004,34.3289],[139.2042,34.3269],[139.205,34.3287],[139.2064,34.3298],[139.2072,34.3347],[139.2104,34.3364],[139.2128,34.3365],[139.2144,34.3349],[139.2157,34.3333],[139.2214,34.3318],[139.2226,34.3304],[139.2258,34.3304],[139.2265,34.3269],[139.2245,34.3237],[139.2228,34.3218],[139.2191,34.3203],[139.2175,34.3173],[139.2149,34.3178],[139.2134,34.3163],[139.213394165039,34.31626892089838]]],[[[139.27830505371102,34.32433319091796],[139.2753,34.3253],[139.277,34.3275],[139.2801,34.3255],[139.2783,34.3243],[139.27830505371102,34.32433319091796]]],[[[139.12899780273398,34.185066223144496],[139.1266,34.187],[139.1251,34.1891],[139.1218,34.1885],[139.1204,34.1897],[139.12,34.1921],[139.1218,34.1991],[139.1299,34.2013],[139.1331,34.2035],[139.1304,34.2153],[139.1338,34.2169],[139.1298,34.2201],[139.1284,34.222],[139.1324,34.2236],[139.1363,34.2249],[139.1349,34.2338],[139.1358,34.2371],[139.1369,34.2407],[139.1416,34.2435],[139.1466,34.2415],[139.1518,34.2395],[139.155,34.2395],[139.1694,34.232],[139.1723,34.2205],[139.175,34.2169],[139.1742,34.2151],[139.1744,34.2104],[139.1754,34.205],[139.1716,34.2046],[139.1689,34.2083],[139.1614,34.206],[139.1539,34.2018],[139.1549,34.1987],[139.156,34.1955],[139.1534,34.1943],[139.148,34.1966],[139.146,34.188],[139.1427,34.1862],[139.1386,34.1855],[139.1337,34.1863],[139.129,34.1851],[139.12899780273398,34.185066223144496]]],[[[139.192108154297,34.206531524658175],[139.1894,34.2079],[139.1914,34.2089],[139.1921,34.2065],[139.192108154297,34.206531524658175]]],[[[139.072906494141,34.18306732177731],[139.0735,34.1853],[139.076,34.1837],[139.0729,34.1831],[139.072906494141,34.18306732177731]]],[[[139.50210571289097,34.04539871215821],[139.4968,34.0479],[139.4938,34.0483],[139.4887,34.0517],[139.4826,34.0512],[139.4798,34.057],[139.4779,34.0631],[139.4802,34.0662],[139.479,34.0681],[139.477,34.0725],[139.4736,34.0759],[139.4819,34.0831],[139.4814,34.0859],[139.4853,34.0927],[139.4882,34.0967],[139.4897,34.1003],[139.4939,34.1031],[139.49,34.1113],[139.4914,34.1172],[139.4968,34.1199],[139.4982,34.1214],[139.5056,34.1221],[139.5119,34.1201],[139.5203,34.1245],[139.5235,34.1243],[139.5267,34.1244],[139.536,34.1235],[139.5388,34.1237],[139.5472,34.1185],[139.5491,34.1166],[139.5585,34.1113],[139.5649,34.1021],[139.5656,34.0925],[139.5618,34.0865],[139.5615,34.0826],[139.5648,34.0799],[139.5624,34.0685],[139.5577,34.0643],[139.5538,34.0605],[139.546,34.0572],[139.5425,34.0558],[139.5396,34.0543],[139.5356,34.0528],[139.534,34.0503],[139.5319,34.0483],[139.5294,34.0463],[139.5257,34.049],[139.5223,34.0471],[139.5147,34.0481],[139.5087,34.047],[139.5021,34.0454],[139.50210571289097,34.04539871215821]]],[[[139.620803833008,33.85200119018547],[139.6131,33.8524],[139.5942,33.8543],[139.5822,33.8579],[139.5778,33.8625],[139.5773,33.8805],[139.5905,33.8968],[139.6002,33.9007],[139.6056,33.9007],[139.6167,33.8925],[139.6218,33.8876],[139.6321,33.8698],[139.6218,33.8531],[139.620803833008,33.85200119018547]]],[[[139.83219909667994,33.046066284179716],[139.8175,33.0588],[139.8147,33.0579],[139.8102,33.0582],[139.8055,33.0599],[139.8027,33.063],[139.7979,33.0621],[139.795,33.0637],[139.7865,33.0683],[139.7811,33.0725],[139.7796,33.0865],[139.7772,33.0973],[139.7775,33.0995],[139.7734,33.0979],[139.7713,33.0985],[139.7689,33.1003],[139.7598,33.1021],[139.7548,33.1044],[139.7523,33.1119],[139.7468,33.1192],[139.7401,33.1305],[139.7391,33.1455],[139.7435,33.153],[139.7468,33.1551],[139.7576,33.1588],[139.7649,33.1579],[139.7676,33.158],[139.7714,33.158],[139.7731,33.1572],[139.7809,33.1512],[139.7951,33.1419],[139.7982,33.1339],[139.8046,33.1318],[139.8056,33.1293],[139.8064,33.1313],[139.8133,33.1279],[139.8175,33.1225],[139.8177,33.1196],[139.8276,33.1171],[139.8335,33.1174],[139.8419,33.1163],[139.8464,33.1164],[139.8494,33.1093],[139.8567,33.0994],[139.8545,33.0935],[139.8577,33.0865],[139.8581,33.0785],[139.8506,33.0774],[139.846,33.076],[139.8404,33.0753],[139.8397,33.073],[139.8335,33.0656],[139.8339,33.0569],[139.8368,33.0506],[139.8351,33.0474],[139.8322,33.0461],[139.83219909667994,33.046066284179716]]],[[[139.69940185546898,33.11573410034178],[139.6977,33.1165],[139.6897,33.1165],[139.686,33.1167],[139.6767,33.1293],[139.6757,33.1325],[139.6761,33.1356],[139.6783,33.1345],[139.6834,33.1362],[139.6883,33.1327],[139.696,33.1285],[139.7,33.118],[139.6994,33.1157],[139.69940185546898,33.11573410034178]]],[[[139.76919555664102,32.442001342773366],[139.7614,32.4451],[139.7557,32.4485],[139.7546,32.4689],[139.7577,32.4723],[139.7697,32.4679],[139.7778,32.4599],[139.7798,32.4576],[139.7805,32.4481],[139.7692,32.442],[139.76919555664102,32.442001342773366]]],[[[140.05171961897773,31.43783834431019],[140.0502,31.4396],[140.0517,31.4382],[140.05171961897773,31.43783834431019]]],[[[140.29859924316403,30.472333908081076],[140.2874,30.4821],[140.292,30.4916],[140.2981,30.4941],[140.3026,30.4954],[140.3115,30.4904],[140.3142,30.4855],[140.31,30.4751],[140.2986,30.4723],[140.29859924316403,30.472333908081076]]],[[[140.34213807366297,29.79278603571808],[140.34153432586803,29.792807219851284],[140.34124834007002,29.793040245316075],[140.34140722106898,29.79343215177971],[140.34188386406498,29.793760505843828],[140.34252998012704,29.793919386842585],[140.34273122939203,29.793728729644112],[140.34274182145802,29.79318853424832],[140.34213807366297,29.79278603571808]]],[[[142.10270690917994,27.7152004241943],[142.0985,27.7173],[142.0974,27.7193],[142.1012,27.7174],[142.1027,27.7152],[142.10270690917994,27.7152004241943]]],[[[142.10949707031304,27.715333938598633],[142.1071,27.7169],[142.1096,27.716],[142.10949707031304,27.715333938598633]]],[[[142.146102905273,27.66986656188958],[142.1408,27.6712],[142.1391,27.6727],[142.1387,27.6768],[142.1351,27.6802],[142.1332,27.6793],[142.1315,27.678],[142.1287,27.6807],[142.1268,27.6827],[142.1251,27.6851],[142.1297,27.6877],[142.1325,27.6853],[142.1354,27.6859],[142.1384,27.6849],[142.14,27.6876],[142.1425,27.6871],[142.1472,27.6837],[142.1484,27.6739],[142.1461,27.6699],[142.146102905273,27.66986656188958]]],[[[142.12640380859398,27.677333831787113],[142.1241,27.6779],[142.1257,27.6802],[142.1266,27.6778],[142.12640380859398,27.677333831787113]]],[[[142.158996582031,27.6544666290283],[142.1566,27.6587],[142.1568,27.6627],[142.159,27.6545],[142.158996582031,27.6544666290283]]],[[[142.185699462891,27.618999481201204],[142.1815,27.622],[142.1784,27.625],[142.1772,27.6231],[142.176,27.6215],[142.1728,27.6255],[142.1697,27.6333],[142.172,27.6326],[142.174,27.6345],[142.1766,27.633],[142.1786,27.6306],[142.1832,27.6293],[142.1868,27.6217],[142.1857,27.619],[142.185699462891,27.618999481201204]]],[[[142.21279907226602,27.488866806030302],[142.2119,27.4929],[142.209,27.4941],[142.2061,27.4952],[142.205,27.4976],[142.2068,27.4991],[142.2108,27.501],[142.2131,27.4976],[142.2135,27.4936],[142.2161,27.4902],[142.2128,27.4889],[142.21279907226602,27.488866806030302]]],[[[142.20669555664102,27.486000061035224],[142.2067,27.4885],[142.2088,27.4869],[142.2067,27.486],[142.20669555664102,27.486000061035224]]],[[[140.87669372558597,27.243534088134794],[140.8726,27.2447],[140.8746,27.2489],[140.8791,27.2463],[140.8767,27.2435],[140.87669372558597,27.243534088134794]]],[[[142.195098876953,27.191932678222678],[142.194,27.1949],[142.1976,27.1945],[142.1951,27.1919],[142.195098876953,27.191932678222678]]],[[[142.18879699707003,27.144001007080135],[142.1836,27.1448],[142.1803,27.1461],[142.1812,27.1491],[142.1841,27.1488],[142.1852,27.1503],[142.1863,27.154],[142.1816,27.1562],[142.1842,27.161],[142.1848,27.1699],[142.1877,27.1711],[142.1855,27.178],[142.1873,27.1834],[142.1847,27.1865],[142.1884,27.1883],[142.1947,27.1839],[142.1961,27.1822],[142.1993,27.1823],[142.1975,27.1794],[142.1955,27.1739],[142.198,27.1699],[142.2008,27.1683],[142.2015,27.1652],[142.1998,27.1615],[142.1984,27.1577],[142.1924,27.15],[142.1884,27.1495],[142.1888,27.144],[142.18879699707003,27.144001007080135]]],[[[142.22000122070304,27.108133316040046],[142.2105,27.1083],[142.2049,27.1093],[142.2016,27.1089],[142.2022,27.1129],[142.205,27.1147],[142.2052,27.1176],[142.2021,27.1199],[142.1956,27.1223],[142.1913,27.1205],[142.1876,27.1203],[142.1889,27.1219],[142.19,27.1247],[142.1874,27.1299],[142.1923,27.1321],[142.1903,27.135],[142.1897,27.1379],[142.1904,27.1427],[142.1928,27.1425],[142.195,27.1392],[142.2003,27.1324],[142.2044,27.1331],[142.205,27.1277],[142.2165,27.1323],[142.2186,27.1287],[142.2205,27.126],[142.2239,27.1227],[142.2263,27.1188],[142.2266,27.1161],[142.229,27.1134],[142.2318,27.1133],[142.2349,27.1133],[142.2349,27.1094],[142.2269,27.1094],[142.2212,27.1097],[142.22,27.1081],[142.22000122070304,27.108133316040046]]],[[[142.18200683593798,27.12633323669433],[142.1776,27.1271],[142.1796,27.1282],[142.182,27.1263],[142.18200683593798,27.12633323669433]]],[[[142.163803100586,27.11213493347168],[142.1617,27.1131],[142.165,27.1146],[142.1633,27.1202],[142.1656,27.1199],[142.1696,27.1188],[142.1722,27.1157],[142.1663,27.1132],[142.1638,27.1121],[142.163803100586,27.11213493347168]]],[[[142.22070312500003,27.03526687622066],[142.2198,27.0382],[142.2189,27.0406],[142.215,27.0387],[142.2126,27.0391],[142.2103,27.0379],[142.2091,27.0393],[142.2071,27.0419],[142.1992,27.0445],[142.1946,27.0407],[142.1879,27.0437],[142.1862,27.0402],[142.1847,27.042],[142.1855,27.0469],[142.1894,27.0533],[142.1875,27.0551],[142.1882,27.0605],[142.1923,27.0583],[142.1941,27.061],[142.1922,27.0635],[142.1931,27.0659],[142.1892,27.0674],[142.1876,27.0698],[142.183,27.0696],[142.1829,27.074],[142.1856,27.0731],[142.1918,27.0743],[142.1947,27.0742],[142.1984,27.0743],[142.2019,27.0725],[142.2055,27.0767],[142.2068,27.0799],[142.2073,27.0847],[142.2036,27.0841],[142.202,27.0865],[142.2026,27.0946],[142.2035,27.0979],[142.2009,27.0983],[142.1982,27.0971],[142.1946,27.0929],[142.1923,27.0923],[142.1923,27.0895],[142.188,27.0871],[142.1862,27.088],[142.1834,27.0919],[142.182,27.0944],[142.1817,27.099],[142.1862,27.1043],[142.1924,27.1044],[142.1967,27.1041],[142.2036,27.1045],[142.2069,27.1022],[142.2108,27.1025],[142.2146,27.0997],[142.2179,27.0999],[142.22,27.095],[142.2226,27.0923],[142.2243,27.0865],[142.225,27.0803],[142.228,27.0805],[142.2323,27.0773],[142.2318,27.071],[142.2321,27.0629],[142.2309,27.0601],[142.2316,27.0575],[142.2373,27.053],[142.2365,27.05],[142.2335,27.0494],[142.2292,27.0555],[142.2256,27.0532],[142.2224,27.0529],[142.2245,27.0509],[142.2261,27.0449],[142.2235,27.0451],[142.2241,27.0425],[142.2263,27.0405],[142.2253,27.0383],[142.2299,27.0355],[142.2207,27.0353],[142.22070312500003,27.03526687622066]]],[[[142.24679565429696,27.08946800231928],[142.2408,27.0941],[142.2455,27.0941],[142.2479,27.091],[142.2468,27.0895],[142.24679565429696,27.08946800231928]]],[[[142.18389892578102,27.0853328704834],[142.182601928711,27.086532592773445],[142.183807373047,27.086532592773445],[142.18389892578102,27.0853328704834]]],[[[142.17682170288796,27.043157046945794],[142.1783,27.0447],[142.1768,27.0432],[142.17682170288796,27.043157046945794]]],[[[142.176406860352,27.03066635131838],[142.1732,27.0399],[142.1725,27.0427],[142.1776,27.0339],[142.1763,27.0359],[142.1764,27.0307],[142.176406860352,27.03066635131838]]],[[[142.121795654297,26.71473312377934],[142.121795654297,26.715600967407234],[142.12219238281298,26.716066360473626],[142.121795654297,26.71473312377934]]],[[[142.17890930175798,26.606933593750007],[142.1766,26.6083],[142.1738,26.607],[142.1777,26.6143],[142.1759,26.6205],[142.1748,26.6219],[142.17,26.6308],[142.1622,26.629],[142.1612,26.6383],[142.1588,26.6377],[142.1552,26.6346],[142.1518,26.6447],[142.151,26.6465],[142.147,26.6505],[142.1473,26.6551],[142.1489,26.6612],[142.1475,26.6665],[142.1425,26.6651],[142.1422,26.6677],[142.1442,26.6699],[142.1448,26.6737],[142.1415,26.677],[142.1361,26.6819],[142.132,26.6866],[142.1285,26.6972],[142.1247,26.7038],[142.1218,26.7099],[142.1245,26.7134],[142.1284,26.7097],[142.1293,26.7068],[142.1319,26.7016],[142.1337,26.6988],[142.1378,26.6988],[142.1418,26.6974],[142.1413,26.7073],[142.1434,26.7055],[142.1475,26.7065],[142.1501,26.7048],[142.1527,26.7053],[142.1543,26.7075],[142.1587,26.7027],[142.1613,26.7027],[142.1637,26.7019],[142.164,26.6994],[142.1612,26.7001],[142.1531,26.6974],[142.151,26.6939],[142.1464,26.6931],[142.1465,26.6853],[142.1494,26.6827],[142.1603,26.6859],[142.1636,26.6859],[142.1676,26.6888],[142.1666,26.6815],[142.162,26.6739],[142.1623,26.6699],[142.1635,26.662],[142.1668,26.6573],[142.1731,26.6552],[142.1763,26.6552],[142.1812,26.656],[142.1818,26.6584],[142.1863,26.6586],[142.1883,26.655],[142.1841,26.653],[142.182,26.6524],[142.1757,26.6541],[142.174,26.6494],[142.1721,26.6429],[142.173,26.6361],[142.1776,26.6321],[142.1808,26.627],[142.1821,26.6213],[142.1824,26.611],[142.1802,26.6079],[142.17890930175798,26.606933593750007]]],[[[142.128707885742,26.59426689147947],[142.1281,26.5969],[142.1252,26.5945],[142.1264,26.5992],[142.124,26.6029],[142.1248,26.6065],[142.1257,26.6082],[142.1281,26.6087],[142.132,26.6094],[142.1351,26.5991],[142.1314,26.595],[142.1287,26.5943],[142.128707885742,26.59426689147947]]],[[[142.14790344238298,26.581066131591783],[142.1491,26.5847],[142.1543,26.5865],[142.1589,26.5865],[142.1619,26.5865],[142.1589,26.5829],[142.1566,26.5831],[142.1516,26.5818],[142.1479,26.5811],[142.14790344238298,26.581066131591783]]],[[[142.22799682617193,26.562734603881758],[142.2266,26.5645],[142.2274,26.5673],[142.2301,26.5739],[142.2332,26.5721],[142.2382,26.5693],[142.2394,26.5669],[142.2328,26.5652],[142.228,26.5627],[142.22799682617193,26.562734603881758]]],[[[142.15629577636702,26.542333602905295],[142.1524,26.5458],[142.1509,26.5473],[142.1539,26.5479],[142.1539,26.5535],[142.1526,26.558],[142.1519,26.5609],[142.1548,26.5638],[142.156,26.5621],[142.1603,26.5604],[142.1594,26.5534],[142.161,26.5481],[142.1578,26.5453],[142.1563,26.5423],[142.15629577636702,26.542333602905295]]],[[[142.20190429687503,26.552000045776417],[142.2031,26.5572],[142.203,26.5609],[142.2091,26.5628],[142.2165,26.5621],[142.2166,26.5591],[142.2138,26.5553],[142.2104,26.5547],[142.2061,26.5533],[142.2036,26.5529],[142.2019,26.552],[142.20190429687503,26.552000045776417]]],[[[141.27819824218798,25.41773223876948],[141.2747,25.4199],[141.2728,25.4249],[141.2728,25.4397],[141.2816,25.4477],[141.287,25.4466],[141.2913,25.4387],[141.2931,25.4262],[141.2872,25.4199],[141.2782,25.4177],[141.27819824218798,25.41773223876948]]],[[[141.2862036412622,24.74515370975407],[141.2855,24.75],[141.2921,24.7652],[141.2937,24.7802],[141.2895,24.7869],[141.287,24.7856],[141.2869,24.7895],[141.2976,24.796],[141.3133,24.8038],[141.3203,24.8071],[141.3222,24.8116],[141.3289,24.8117],[141.3385,24.8027],[141.3475,24.7822],[141.3437,24.7754],[141.3375,24.771],[141.3259,24.7702],[141.3194,24.767],[141.2977,24.754],[141.2901,24.7469],[141.2862,24.7452],[141.2862036412622,24.74515370975407]]],[[[153.9855011171322,24.280878540740787],[153.9825,24.281],[153.9772,24.2831],[153.9706,24.2847],[153.9742,24.2882],[153.978,24.2909],[153.9815,24.2947],[153.9825,24.2964],[153.9841,24.2977],[153.9849,24.2946],[153.9853,24.2901],[153.9869,24.2823],[153.9855,24.2809],[153.9855011171322,24.280878540740787]]],[[[141.4600988339342,24.225159011042336],[141.4569,24.2251],[141.4543,24.2262],[141.4535,24.2291],[141.4536,24.2327],[141.4536,24.2359],[141.4543,24.2392],[141.4553,24.2423],[141.4589,24.245],[141.4619,24.2451],[141.4715,24.2418],[141.4729,24.2406],[141.4728,24.238],[141.4719,24.2327],[141.4694,24.2279],[141.4651,24.2261],[141.4601,24.2252],[141.4600988339342,24.225159011042336]]],[[[136.06983284237535,20.425446769175544],[136.0698994361555,20.42541037148517],[136.06994984972414,20.425367187309647],[136.06998868371633,20.42531279831376],[136.07000535912155,20.425227672140984],[136.06997763431832,20.425140232376933],[136.06994170993252,20.425077333366488],[136.06981677994884,20.42501486837473],[136.06967221811053,20.42502379194488],[136.06956593376003,20.425117631354546],[136.06954871076474,20.42516963134961],[136.06952692854304,20.42528596531696],[136.06955621169706,20.425353964044852],[136.0696186336612,20.425403973453733],[136.06966507925435,20.425434276177263],[136.06969720410734,20.42544319974759],[136.06975939035462,20.42545515770577],[136.06983284237535,20.425446769175544]]],[[[136.08121199119898,20.42581048773055],[136.081278584979,20.42577409004009],[136.08132899854786,20.425730905864565],[136.08136783254008,20.42567651686877],[136.08136861228897,20.425607339712055],[136.08136950984158,20.425526799424194],[136.08129850108375,20.425421577355714],[136.08119592877242,20.42537858692965],[136.08105136693436,20.4253875104998],[136.08097121526328,20.425440943380497],[136.08094508258378,20.425481349909465],[136.0809144082568,20.425568759144692],[136.08091569932512,20.42565009644923],[136.08094733049924,20.425709485592254],[136.08099778248493,20.42576769200874],[136.0810442280781,20.42579799473227],[136.0810763529311,20.42580691830251],[136.08113853917817,20.42581887626069],[136.08121199119898,20.42581048773055]]],[[[139.38315235516197,34.04926147435383],[139.3844,34.0478],[139.3829,34.049],[139.38315235516197,34.04926147435383]]],[[[138.83802055364154,33.96314230130752],[138.8381189884977,33.96312213995138],[138.83813084811916,33.962973894685895],[138.83812610427057,33.96292171235242],[138.83804783077036,33.962920526390334],[138.8379197468609,33.96298101045858],[138.83791500301268,33.96302607701937],[138.83798023092925,33.963069957617904],[138.83802055364154,33.96314230130752]]],[[[138.83578521141393,33.963247961104166],[138.83584419900797,33.96324564786514],[138.83586501815898,33.96319938308558],[138.83584824717616,33.96314617858877],[138.83581586183038,33.963109166764944],[138.83575398268775,33.96315427492535],[138.83574357311224,33.963226563643474],[138.83578521141393,33.963247961104166]]],[[[139.29879553259204,33.652336279129464],[139.2991161821775,33.652336279129464],[139.2993566693666,33.651988908745096],[139.29957043575698,33.65143667890351],[139.2993210416349,33.65088444906174],[139.29885788112264,33.65063505493968],[139.29875099792739,33.65085772826301],[139.29828783741496,33.65176623542194],[139.29833237207978,33.6522917444648],[139.29879553259204,33.652336279129464]]],[[[142.15695819395978,27.692922333045292],[142.1582,27.6916],[142.157,27.6929],[142.15695819395978,27.692922333045292]]],[[[142.1153880562666,27.741529281700853],[142.11548339303582,27.741584680093926],[142.11558001814,27.741575661750876],[142.1157024099384,27.741468729969046],[142.1157436366495,27.74137725820395],[142.11552848475108,27.741303823124777],[142.11547050968863,27.7413321664887],[142.11544603132904,27.74139014155114],[142.11538676793182,27.74142621492334],[142.1153571362333,27.741513821684297],[142.1153880562666,27.741529281700853]]],[[[142.11682838747504,27.737292558277385],[142.11688575083113,27.737318781525847],[142.1169472115696,27.73732287890837],[142.11700293597264,27.737305669901527],[142.11701440864388,27.737224541726594],[142.11704718770434,27.737213069055425],[142.11704554875126,27.737151608316882],[142.11701440864388,27.73711227344428],[142.1169849074894,27.737058187994204],[142.11691033512636,27.73705654904123],[142.11683330433414,27.737111453967703],[142.1167759409781,27.73714751093436],[142.11678577469613,27.73720733271993],[142.1168111784682,27.737231097538842],[142.11682838747504,27.737292558277385]]],[[[142.21840283040282,27.496233812182528],[142.2192,27.4928],[142.2184,27.4962],[142.21840283040282,27.496233812182528]]],[[[141.28539023638152,24.807253519736],[141.2874,24.8066],[141.2858,24.7972],[141.2854,24.8073],[141.28539023638152,24.807253519736]]],[[[138.81533822735355,33.946976744213515],[138.8156633185001,33.94685289996737],[138.815841344604,33.94648136722857],[138.8156478379693,33.94635752298225],[138.81529952602662,33.94684515970187],[138.81533822735355,33.946976744213515]]],[[[138.8165147476932,33.94671357519023],[138.81666955300105,33.946612951740214],[138.81695594282039,33.946473626963076],[138.81694046228958,33.946318821655304],[138.8167159945934,33.94629560085917],[138.8165147476932,33.94640396457451],[138.81638316318146,33.946566510147775],[138.8165147476932,33.94671357519023]]],[[[138.81736617688614,33.943911599118444],[138.81746680033632,33.943911599118444],[138.81757516405185,33.94373357301454],[138.81764482644041,33.9434162221335],[138.81747454060164,33.94339300133737],[138.81727329370162,33.9435091053182],[138.81736617688614,33.943911599118444]]],[[[138.8174513198055,33.943269157091045],[138.81756742378653,33.9433233389488],[138.81766804723654,33.94330011815267],[138.81770674856355,33.942858923025305],[138.81738165741695,33.942882143821436],[138.8174513198055,33.943269157091045]]],[[[139.91755348258633,31.8869013904057],[139.91768705490017,31.886804921512205],[139.91782804789807,31.886530356200208],[139.91772415832077,31.88631515636128],[139.91762026874312,31.886374521833996],[139.91753122053396,31.886374521833996],[139.91741991027232,31.886515514832073],[139.91731602069493,31.886738135355156],[139.91755348258633,31.8869013904057]]],[[[142.11212823696357,27.745018443717942],[142.11248506011592,27.744912718339446],[142.11223396234206,27.744727698927033],[142.11212823696357,27.745018443717942]]],[[[136.07367763864897,20.423144702915977],[136.0737373751232,20.4232075027993],[136.07383693591373,20.423233541775232],[136.07393343329545,20.423236605184172],[136.074026867268,20.423205971094774],[136.07407435010657,20.42314317121162],[136.07412795976302,20.42305280064778],[136.0741294914676,20.42295936667523],[136.07409732567362,20.422841425430875],[136.0739870429519,20.42277556213884],[136.07388595045677,20.422740332935973],[136.07374350194107,20.422780157252078],[136.07366538501321,20.422844488839985],[136.07362709240147,20.422939454517063],[136.07361330706112,20.423005317809327],[136.07362862410582,20.423074244510474],[136.07367763864897,20.423144702915977]]]]}},{"type":"Feature","properties":{"id":11,"name":"埼玉県"},"geometry":{"type":"MultiPolygon","coordinates":[[[[139.12930297851602,36.283401489257834],[139.136,36.2785],[139.1611,36.2784],[139.1639,36.279],[139.1695,36.2749],[139.1714,36.2739],[139.198,36.2623],[139.2086,36.2623],[139.2119,36.2603],[139.2116,36.2563],[139.2239,36.2585],[139.2299,36.2532],[139.2381,36.2461],[139.2437,36.2445],[139.2468,36.2448],[139.2567,36.2455],[139.2648,36.2427],[139.267,36.2437],[139.268,36.2504],[139.2727,36.2493],[139.297,36.2434],[139.3037,36.2455],[139.3054,36.2444],[139.3054,36.2402],[139.31,36.2333],[139.3235,36.2297],[139.3291,36.2335],[139.3278,36.2399],[139.3353,36.2431],[139.3399,36.2446],[139.346,36.2492],[139.3471,36.2532],[139.351,36.2544],[139.3546,36.2519],[139.3575,36.2532],[139.3702,36.2461],[139.3771,36.2441],[139.3829,36.238],[139.3899,36.2297],[139.4079,36.2231],[139.4168,36.2181],[139.4191,36.2167],[139.4208,36.2109],[139.4251,36.2105],[139.4442,36.1969],[139.4572,36.1906],[139.4733,36.1893],[139.4935,36.1922],[139.4957,36.1927],[139.513,36.1928],[139.5258,36.1913],[139.5419,36.1955],[139.5583,36.2014],[139.5747,36.2048],[139.5879,36.2104],[139.601,36.2055],[139.6099,36.1969],[139.6218,36.1882],[139.6249,36.1866],[139.6281,36.1946],[139.6406,36.1974],[139.6503,36.1969],[139.651,36.2013],[139.65,36.2113],[139.6606,36.2147],[139.6637,36.2112],[139.662,36.2079],[139.6648,36.2072],[139.67,36.2077],[139.6743,36.2091],[139.6777,36.2014],[139.6828,36.2015],[139.6861,36.2037],[139.6879,36.1998],[139.6896,36.1945],[139.6944,36.1903],[139.6912,36.1726],[139.692,36.1699],[139.6986,36.1521],[139.7031,36.1451],[139.7101,36.1359],[139.7154,36.1243],[139.7268,36.1114],[139.7271,36.1075],[139.7298,36.0879],[139.7319,36.0865],[139.7368,36.0865],[139.7468,36.0871],[139.761,36.0813],[139.7703,36.0812],[139.7725,36.0849],[139.7762,36.0909],[139.7779,36.0865],[139.7825,36.0711],[139.7896,36.0619],[139.7907,36.0592],[139.8069,36.0432],[139.8121,36.0395],[139.8174,36.0325],[139.8142,36.0253],[139.8169,36.0039],[139.8142,35.9979],[139.8259,35.9848],[139.8256,35.9729],[139.8334,35.9689],[139.8355,35.959],[139.8494,35.9383],[139.8617,35.9321],[139.8701,35.9199],[139.8718,35.9158],[139.8747,35.9129],[139.8873,35.8965],[139.8992,35.8669],[139.8969,35.8554],[139.8916,35.8467],[139.8899,35.8365],[139.8885,35.8302],[139.8882,35.825],[139.8911,35.82],[139.8893,35.8087],[139.8906,35.8019],[139.8886,35.7964],[139.8938,35.7827],[139.8891,35.7837],[139.8813,35.7821],[139.8767,35.7809],[139.8718,35.7845],[139.8718,35.7883],[139.8774,35.7938],[139.8718,35.7971],[139.8627,35.7947],[139.8588,35.7945],[139.8564,35.7909],[139.8468,35.7965],[139.845,35.7985],[139.8388,35.8008],[139.8342,35.7975],[139.8272,35.7936],[139.8216,35.7965],[139.8202,35.8021],[139.8251,35.8115],[139.8211,35.8151],[139.821,35.8115],[139.8156,35.8091],[139.8046,35.8088],[139.7961,35.8056],[139.7824,35.8072],[139.7728,35.8157],[139.7677,35.8175],[139.7612,35.8128],[139.7556,35.8127],[139.7534,35.8106],[139.7505,35.8093],[139.7605,35.7979],[139.7559,35.7896],[139.7535,35.7865],[139.7468,35.7869],[139.7464,35.7841],[139.7378,35.7805],[139.7384,35.7866],[139.7353,35.7897],[139.725,35.7873],[139.7223,35.7907],[139.7095,35.7921],[139.6976,35.7984],[139.6917,35.8007],[139.6759,35.7989],[139.6571,35.8005],[139.6472,35.7975],[139.6416,35.7981],[139.6398,35.7943],[139.6357,35.7907],[139.6298,35.7855],[139.6247,35.7795],[139.6249,35.7732],[139.6218,35.7667],[139.6178,35.7667],[139.6173,35.7705],[139.612,35.7697],[139.609,35.7695],[139.6055,35.7707],[139.603,35.7711],[139.5994,35.7695],[139.5974,35.7711],[139.6042,35.7743],[139.5971,35.7766],[139.5941,35.7787],[139.5887,35.7786],[139.5854,35.7753],[139.5821,35.7718],[139.5782,35.7709],[139.577,35.7681],[139.5745,35.767],[139.5708,35.7655],[139.5669,35.7628],[139.5628,35.7617],[139.5617,35.7597],[139.5578,35.7597],[139.5553,35.7571],[139.5532,35.7557],[139.5479,35.7537],[139.5446,35.7548],[139.5454,35.7577],[139.5478,35.7738],[139.5449,35.7736],[139.527,35.7683],[139.5161,35.7655],[139.5239,35.7719],[139.5361,35.7753],[139.5436,35.7817],[139.5425,35.7891],[139.5372,35.7916],[139.5463,35.7995],[139.5464,35.8039],[139.5416,35.8074],[139.5318,35.7975],[139.5252,35.7919],[139.522,35.789],[139.5137,35.788],[139.5116,35.7851],[139.5077,35.7837],[139.4978,35.7811],[139.497,35.7787],[139.4951,35.7815],[139.4926,35.78],[139.4899,35.7803],[139.4816,35.7807],[139.4753,35.777],[139.4736,35.7759],[139.4703,35.7737],[139.4645,35.7737],[139.4588,35.7717],[139.4573,35.7695],[139.4545,35.7695],[139.4521,35.769],[139.4427,35.7668],[139.438,35.7694],[139.4358,35.7673],[139.433,35.7674],[139.426,35.7671],[139.4214,35.7675],[139.4165,35.7662],[139.4084,35.7688],[139.404,35.7693],[139.3998,35.7669],[139.3963,35.7643],[139.3919,35.7633],[139.3917,35.7669],[139.3873,35.7662],[139.3812,35.766],[139.3792,35.7711],[139.3815,35.7743],[139.38,35.7777],[139.3769,35.7801],[139.3718,35.7786],[139.3681,35.7839],[139.3688,35.7872],[139.3702,35.7912],[139.3588,35.7924],[139.3518,35.7935],[139.3476,35.7959],[139.3437,35.7949],[139.3397,35.7945],[139.3333,35.7922],[139.3304,35.7936],[139.3257,35.795],[139.316,35.8134],[139.3163,35.8189],[139.316,35.823],[139.3136,35.8252],[139.3054,35.8226],[139.3036,35.8243],[139.3015,35.8341],[139.2981,35.8353],[139.296,35.8341],[139.2927,35.8365],[139.2912,35.8378],[139.286,35.8365],[139.2834,35.8365],[139.2808,35.8405],[139.275,35.8396],[139.2614,35.8365],[139.2588,35.8365],[139.2563,35.8378],[139.2468,35.8369],[139.2441,35.8368],[139.2416,35.8385],[139.2394,35.8405],[139.2333,35.8371],[139.2295,35.8373],[139.2224,35.8407],[139.2155,35.8453],[139.2091,35.8464],[139.2049,35.8445],[139.2039,35.8423],[139.1964,35.8401],[139.1858,35.8428],[139.1755,35.8472],[139.1634,35.8509],[139.1601,35.8557],[139.1511,35.8609],[139.1384,35.8643],[139.1303,35.8651],[139.1218,35.8649],[139.1018,35.8662],[139.1002,35.8671],[139.0924,35.869],[139.0861,35.8726],[139.0786,35.8754],[139.0726,35.8718],[139.0624,35.8734],[139.0581,35.8773],[139.0517,35.8782],[139.0362,35.8898],[139.0239,35.8974],[139.0194,35.8981],[139.0103,35.8971],[139.0066,35.8911],[139.0015,35.8844],[138.9968,35.8844],[138.9867,35.8813],[138.9799,35.8846],[138.976,35.8831],[138.9682,35.8821],[138.966,35.8784],[138.9569,35.8757],[138.9503,35.8699],[138.9463,35.8687],[138.9459,35.8659],[138.9441,35.8615],[138.944,35.8547],[138.9339,35.8511],[138.9282,35.8493],[138.915,35.8525],[138.9099,35.8519],[138.8997,35.8469],[138.8929,35.8399],[138.8865,35.8464],[138.88,35.8468],[138.8718,35.8549],[138.8659,35.8585],[138.8627,35.8589],[138.859,35.8575],[138.8567,35.8641],[138.8463,35.8672],[138.844,35.8663],[138.8325,35.8624],[138.8299,35.8652],[138.8204,35.8653],[138.8136,35.8623],[138.8086,35.8696],[138.8029,35.8703],[138.793,35.8751],[138.7924,35.8804],[138.7911,35.8913],[138.7782,35.9001],[138.7675,35.8993],[138.7582,35.9023],[138.7503,35.9017],[138.7468,35.9028],[138.7397,35.9056],[138.7348,35.9039],[138.7288,35.9093],[138.7299,35.9139],[138.7283,35.9175],[138.7326,35.9199],[138.7371,35.9269],[138.7385,35.9343],[138.7387,35.9384],[138.7324,35.9445],[138.7281,35.9547],[138.7235,35.9582],[138.7197,35.9619],[138.7164,35.9644],[138.7123,35.9697],[138.7127,35.9853],[138.7173,35.9932],[138.7277,35.9959],[138.7357,36.0019],[138.7379,36.0069],[138.7439,36.0111],[138.7468,36.0147],[138.7486,36.0183],[138.7523,36.0262],[138.755,36.0346],[138.7643,36.0368],[138.7704,36.0383],[138.7754,36.0378],[138.7806,36.0368],[138.7836,36.0335],[138.7877,36.0317],[138.7908,36.0295],[138.807,36.0339],[138.8141,36.0338],[138.8202,36.0363],[138.8285,36.0373],[138.829,36.0413],[138.835,36.0501],[138.838,36.0504],[138.8454,36.0618],[138.8474,36.0671],[138.8528,36.0689],[138.859,36.0699],[138.8661,36.0777],[138.8718,36.0795],[138.8772,36.0825],[138.8883,36.0856],[138.8966,36.0894],[138.904,36.0918],[138.9097,36.0912],[138.9171,36.0935],[138.9312,36.0883],[138.942,36.0943],[138.9458,36.0963],[138.95,36.1009],[138.9578,36.1079],[138.9567,36.1161],[138.9584,36.1243],[138.9651,36.1258],[138.9733,36.1219],[138.9764,36.1173],[138.9799,36.1165],[138.9827,36.1167],[138.986,36.116],[138.9908,36.1211],[138.9952,36.1256],[139.0022,36.1256],[139.0062,36.1306],[139.0043,36.1331],[139.0122,36.1328],[139.016,36.1338],[139.0204,36.1312],[139.025,36.1342],[139.0266,36.1301],[139.037,36.1263],[139.0428,36.1296],[139.0413,36.1409],[139.0431,36.1485],[139.0474,36.1499],[139.0485,36.1524],[139.0621,36.1531],[139.0627,36.158],[139.0597,36.164],[139.0574,36.1699],[139.0576,36.1837],[139.0645,36.1879],[139.0632,36.1959],[139.0827,36.2169],[139.0964,36.2383],[139.1078,36.2532],[139.1102,36.2589],[139.1075,36.2615],[139.1162,36.2683],[139.1218,36.2731],[139.1293,36.2834],[139.12930297851602,36.283401489257834]]]]}},{"type":"Feature","properties":{"id":14,"name":"神奈川県"},"geometry":{"type":"MultiPolygon","coordinates":[[[[139.13099670410196,35.671798706054695],[139.1369,35.6721],[139.1428,35.6699],[139.1486,35.6667],[139.1571,35.6663],[139.1617,35.6679],[139.1674,35.6617],[139.1674,35.6535],[139.168,35.6511],[139.1757,35.649],[139.1799,35.6455],[139.1842,35.6449],[139.1924,35.6485],[139.1948,35.6515],[139.2009,35.6525],[139.2066,35.6507],[139.2157,35.6461],[139.2158,35.6368],[139.2214,35.6285],[139.2204,35.6257],[139.2262,35.6225],[139.2304,35.6165],[139.2329,35.6127],[139.236,35.6105],[139.2406,35.6063],[139.2468,35.6052],[139.2529,35.6019],[139.2587,35.6035],[139.2648,35.6023],[139.2673,35.6082],[139.2689,35.6093],[139.2822,35.613],[139.2925,35.6112],[139.2968,35.609],[139.3003,35.6061],[139.3046,35.6052],[139.3121,35.6043],[139.3215,35.6058],[139.3307,35.6035],[139.3414,35.6048],[139.3467,35.6019],[139.356,35.5991],[139.3632,35.5989],[139.3718,35.5942],[139.3753,35.5941],[139.3795,35.5899],[139.3857,35.5882],[139.3895,35.5876],[139.3907,35.5854],[139.3947,35.5843],[139.3986,35.5844],[139.4029,35.5753],[139.4076,35.5758],[139.4101,35.5717],[139.4173,35.5618],[139.4236,35.5583],[139.4272,35.5523],[139.4325,35.5478],[139.4356,35.5463],[139.4408,35.5426],[139.4433,35.5427],[139.448,35.5367],[139.458,35.5281],[139.456,35.524],[139.4553,35.5199],[139.4616,35.5197],[139.464,35.5157],[139.466,35.5089],[139.4686,35.5049],[139.4678,35.5022],[139.477,35.5016],[139.4816,35.5032],[139.485,35.5039],[139.4788,35.5088],[139.4777,35.5121],[139.4848,35.5199],[139.4867,35.5296],[139.4867,35.5355],[139.4851,35.5367],[139.4802,35.5441],[139.482,35.5502],[139.4804,35.5577],[139.4759,35.5619],[139.4738,35.5599],[139.4702,35.5607],[139.469,35.5646],[139.4697,35.5697],[139.4732,35.5763],[139.4771,35.5816],[139.4837,35.5831],[139.4867,35.5847],[139.49,35.5841],[139.4877,35.5783],[139.4829,35.5713],[139.486,35.5679],[139.4896,35.5615],[139.4944,35.564],[139.4968,35.5657],[139.5008,35.5688],[139.5024,35.5711],[139.5065,35.5715],[139.5072,35.5757],[139.5051,35.5751],[139.4968,35.5815],[139.4931,35.5842],[139.4943,35.5865],[139.4928,35.5891],[139.4873,35.5902],[139.484,35.594],[139.4802,35.5949],[139.4759,35.5997],[139.4709,35.6017],[139.4666,35.6079],[139.4653,35.6091],[139.4565,35.6064],[139.4532,35.6049],[139.4493,35.6118],[139.4542,35.6182],[139.461,35.6223],[139.463,35.6249],[139.469,35.6203],[139.4762,35.6189],[139.4771,35.613],[139.48,35.613],[139.4834,35.6085],[139.488,35.6075],[139.4904,35.6045],[139.4958,35.6053],[139.4998,35.6063],[139.4968,35.6113],[139.4951,35.6175],[139.5043,35.6231],[139.5098,35.6239],[139.5146,35.6248],[139.5184,35.6306],[139.5235,35.6331],[139.5207,35.6378],[139.5237,35.6395],[139.5254,35.6427],[139.5348,35.6402],[139.5486,35.6358],[139.5518,35.6341],[139.562,35.6325],[139.566,35.6291],[139.5785,35.6219],[139.5881,35.6194],[139.5902,35.6184],[139.5956,35.6183],[139.6033,35.6166],[139.6076,35.616],[139.6127,35.6153],[139.6163,35.6135],[139.6192,35.6135],[139.6218,35.6118],[139.6316,35.6059],[139.6436,35.5979],[139.6551,35.5901],[139.6653,35.5889],[139.6678,35.5865],[139.6783,35.5634],[139.6811,35.5613],[139.6938,35.5565],[139.7025,35.5539],[139.7036,35.5493],[139.6978,35.5435],[139.7018,35.5372],[139.7179,35.5381],[139.7274,35.5435],[139.735,35.5413],[139.7409,35.5455],[139.7468,35.5437],[139.7575,35.5442],[139.7763,35.5344],[139.7898,35.5267],[139.7876,35.5244],[139.7885,35.5213],[139.7963,35.5186],[139.7916,35.5134],[139.7942,35.5118],[139.7908,35.5078],[139.788,35.509],[139.7801,35.5131],[139.7763,35.5095],[139.7723,35.5123],[139.7747,35.5147],[139.771,35.5132],[139.7664,35.5205],[139.769,35.5229],[139.7656,35.522],[139.761,35.5302],[139.7564,35.5303],[139.752,35.5331],[139.7511,35.5308],[139.7538,35.5313],[139.7558,35.5278],[139.7522,35.5245],[139.757,35.5266],[139.766,35.5135],[139.7649,35.5116],[139.7539,35.5085],[139.7518,35.5095],[139.7485,35.5183],[139.751,35.5215],[139.7514,35.5237],[139.7468,35.5196],[139.744,35.5208],[139.7453,35.5187],[139.738,35.5147],[139.7451,35.516],[139.7468,35.5147],[139.7493,35.5085],[139.7468,35.5059],[139.7399,35.5032],[139.7339,35.5005],[139.7332,35.5032],[139.7327,35.5118],[139.7375,35.5133],[139.7327,35.5131],[139.7319,35.5155],[139.725,35.5169],[139.7304,35.5149],[139.7304,35.5122],[139.7232,35.5097],[139.729,35.5109],[139.731,35.5032],[139.7318,35.4995],[139.7203,35.4943],[139.7142,35.5032],[139.7229,35.5079],[139.7116,35.5032],[139.7181,35.4935],[139.7114,35.4906],[139.6963,35.4839],[139.695,35.4869],[139.6965,35.4888],[139.698,35.4908],[139.6945,35.4893],[139.6931,35.4923],[139.6903,35.4914],[139.6885,35.4952],[139.6883,35.4912],[139.6929,35.4825],[139.6897,35.4788],[139.6865,35.4797],[139.6818,35.4782],[139.6819,35.4732],[139.6768,35.4715],[139.6684,35.4678],[139.668,35.4736],[139.6731,35.475],[139.6708,35.478],[139.6448,35.4758],[139.6415,35.4728],[139.6382,35.4653],[139.6341,35.4654],[139.6335,35.4631],[139.6385,35.4638],[139.6381,35.4573],[139.6351,35.4559],[139.6327,35.4522],[139.6361,35.4521],[139.6422,35.4497],[139.6458,35.4501],[139.6488,35.4538],[139.6456,35.4481],[139.6518,35.4451],[139.6572,35.4512],[139.6606,35.4476],[139.6644,35.4501],[139.6636,35.4466],[139.657,35.4442],[139.6603,35.4412],[139.6642,35.4428],[139.6687,35.4485],[139.6704,35.4513],[139.6743,35.4496],[139.6685,35.4401],[139.6699,35.4389],[139.6753,35.4456],[139.6773,35.4447],[139.6813,35.4411],[139.6755,35.4315],[139.6782,35.4303],[139.6855,35.4419],[139.6907,35.4392],[139.6856,35.4266],[139.6814,35.4263],[139.6816,35.4227],[139.6797,35.4219],[139.6769,35.424],[139.6799,35.4187],[139.6781,35.4161],[139.68,35.4155],[139.6795,35.4107],[139.6697,35.4027],[139.667,35.4043],[139.6689,35.4064],[139.6659,35.4085],[139.6632,35.4064],[139.6526,35.4128],[139.6425,35.4115],[139.6335,35.4083],[139.6318,35.4105],[139.6278,35.409],[139.6308,35.4049],[139.6403,35.4064],[139.6449,35.4054],[139.6455,35.4029],[139.6434,35.4018],[139.6345,35.4007],[139.6321,35.4003],[139.6296,35.4013],[139.6261,35.4015],[139.6221,35.396],[139.6245,35.3917],[139.6299,35.394],[139.6325,35.3934],[139.6355,35.3922],[139.6366,35.3902],[139.6275,35.3861],[139.6295,35.3838],[139.632,35.3823],[139.6399,35.3854],[139.6457,35.3904],[139.6534,35.3873],[139.6493,35.3837],[139.6512,35.3827],[139.6491,35.3816],[139.6457,35.378],[139.6505,35.3729],[139.6535,35.3745],[139.6565,35.3727],[139.6566,35.3663],[139.6509,35.3663],[139.651,35.3597],[139.6548,35.3535],[139.657,35.3416],[139.6438,35.3395],[139.6394,35.3405],[139.6343,35.3365],[139.6351,35.3327],[139.6295,35.3296],[139.6225,35.332],[139.6318,35.3253],[139.634,35.3219],[139.6383,35.3266],[139.6337,35.323],[139.6302,35.3283],[139.6339,35.331],[139.6383,35.3267],[139.6409,35.3304],[139.6492,35.3275],[139.6608,35.3281],[139.6613,35.3222],[139.6519,35.3216],[139.649,35.3183],[139.6513,35.3156],[139.6483,35.3127],[139.645,35.3114],[139.6436,35.3077],[139.6371,35.3117],[139.6413,35.306],[139.6409,35.3031],[139.6392,35.302],[139.6374,35.3004],[139.6334,35.3019],[139.6313,35.3001],[139.6348,35.2983],[139.634,35.2951],[139.6395,35.295],[139.6425,35.2991],[139.6486,35.2931],[139.6497,35.288],[139.6547,35.2847],[139.6606,35.2831],[139.6623,35.2841],[139.6608,35.2871],[139.6576,35.2901],[139.6601,35.2914],[139.664,35.2899],[139.6648,35.293],[139.6638,35.2953],[139.6614,35.2998],[139.6646,35.301],[139.6718,35.3009],[139.6802,35.2947],[139.6773,35.2938],[139.6805,35.2902],[139.6723,35.2883],[139.6742,35.2869],[139.6743,35.2843],[139.6781,35.2853],[139.6773,35.28],[139.6794,35.2785],[139.6858,35.2753],[139.6869,35.2705],[139.6891,35.2709],[139.691,35.2673],[139.6968,35.2647],[139.7216,35.2632],[139.7281,35.2654],[139.7312,35.2656],[139.7325,35.262],[139.7349,35.2623],[139.7382,35.2618],[139.7407,35.2588],[139.7437,35.2591],[139.7466,35.2532],[139.7422,35.2512],[139.7377,35.2485],[139.7352,35.2485],[139.7332,35.2409],[139.7272,35.2395],[139.7271,35.2419],[139.7246,35.24],[139.7176,35.2471],[139.7197,35.2409],[139.7236,35.2348],[139.7294,35.2325],[139.7295,35.2292],[139.7286,35.2237],[139.7268,35.2245],[139.7226,35.2241],[139.7218,35.2263],[139.7191,35.2277],[139.7153,35.2266],[139.7138,35.2215],[139.7147,35.2198],[139.7175,35.2209],[139.7154,35.2176],[139.7176,35.2182],[139.7228,35.2181],[139.725,35.2119],[139.7179,35.2109],[139.6992,35.2099],[139.6852,35.2065],[139.665,35.1928],[139.6565,35.185],[139.6551,35.1747],[139.6583,35.1718],[139.6597,35.1699],[139.66,35.1677],[139.6643,35.1584],[139.6669,35.1604],[139.6669,35.1579],[139.6696,35.1575],[139.6753,35.1573],[139.6778,35.1575],[139.681,35.1515],[139.6799,35.1492],[139.6814,35.1462],[139.6772,35.1455],[139.6777,35.1431],[139.6784,35.1406],[139.6732,35.1413],[139.6715,35.1387],[139.6688,35.1417],[139.6671,35.1464],[139.6645,35.1447],[139.6619,35.1449],[139.6645,35.1431],[139.6633,35.1397],[139.6607,35.1397],[139.6576,35.1379],[139.6537,35.1393],[139.6517,35.1413],[139.6496,35.1419],[139.6503,35.1397],[139.6481,35.1386],[139.644,35.1382],[139.6406,35.1384],[139.6375,35.1415],[139.6297,35.1389],[139.6308,35.1365],[139.628,35.1375],[139.6218,35.139],[139.6231,35.1421],[139.62,35.1393],[139.6178,35.1389],[139.6151,35.1389],[139.6134,35.1415],[139.6109,35.141],[139.6118,35.1436],[139.6147,35.1453],[139.6158,35.1475],[139.6155,35.1503],[139.6134,35.1514],[139.6104,35.1525],[139.607,35.1543],[139.6092,35.1559],[139.6112,35.1548],[139.6177,35.1547],[139.6196,35.1553],[139.6155,35.1569],[139.6182,35.1584],[139.6155,35.1599],[139.6122,35.1579],[139.6107,35.1629],[139.6159,35.1618],[139.6187,35.1625],[139.6218,35.1633],[139.625,35.1619],[139.6268,35.1628],[139.6255,35.1644],[139.6218,35.1654],[139.6182,35.1659],[139.6166,35.1699],[139.6185,35.1716],[139.62,35.1748],[139.6141,35.1833],[139.6195,35.1833],[139.618,35.185],[139.6159,35.1899],[139.6105,35.1902],[139.6089,35.1911],[139.6094,35.1938],[139.6059,35.1945],[139.6029,35.1937],[139.6004,35.1936],[139.6007,35.1973],[139.6034,35.1979],[139.6056,35.1994],[139.6045,35.2031],[139.607,35.2057],[139.6095,35.2056],[139.6115,35.2079],[139.6093,35.2095],[139.6203,35.2073],[139.623,35.2075],[139.6275,35.2155],[139.6237,35.2169],[139.6218,35.2197],[139.613,35.2228],[139.6086,35.2228],[139.605,35.2229],[139.6037,35.2243],[139.6035,35.2303],[139.6002,35.2347],[139.6001,35.238],[139.5964,35.2403],[139.5929,35.2447],[139.5811,35.2532],[139.5767,35.2529],[139.5797,35.2554],[139.5759,35.2604],[139.5757,35.2643],[139.5676,35.2669],[139.5705,35.2691],[139.5688,35.2721],[139.5707,35.2735],[139.5676,35.2847],[139.57,35.2848],[139.5709,35.287],[139.5735,35.289],[139.5693,35.2937],[139.5588,35.2917],[139.5569,35.296],[139.5521,35.2945],[139.5523,35.2994],[139.5449,35.3081],[139.5355,35.3088],[139.5323,35.3045],[139.5253,35.3017],[139.4968,35.3064],[139.4925,35.3058],[139.4886,35.3079],[139.4818,35.3028],[139.4853,35.2986],[139.4783,35.2981],[139.4742,35.2989],[139.4788,35.3013],[139.4813,35.3049],[139.4765,35.3115],[139.4673,35.3152],[139.438,35.3189],[139.4196,35.3173],[139.4081,35.3177],[139.3954,35.3161],[139.3739,35.3149],[139.3614,35.3147],[139.3301,35.3121],[139.3194,35.3088],[139.318,35.3061],[139.3142,35.3058],[139.2693,35.2973],[139.2468,35.2915],[139.2341,35.2862],[139.2108,35.2781],[139.1897,35.2635],[139.1709,35.2532],[139.1499,35.2391],[139.1477,35.2407],[139.1435,35.2327],[139.1429,35.2166],[139.1429,35.2101],[139.1397,35.2007],[139.1378,35.1926],[139.1401,35.1899],[139.137,35.1849],[139.1373,35.1788],[139.1413,35.1747],[139.1441,35.1699],[139.1402,35.1623],[139.1431,35.1601],[139.1451,35.1534],[139.1419,35.1527],[139.1452,35.1515],[139.1496,35.147],[139.1562,35.1473],[139.159,35.1447],[139.161,35.141],[139.157,35.1418],[139.1551,35.1403],[139.1523,35.1414],[139.1494,35.1432],[139.1453,35.1443],[139.1387,35.1483],[139.1326,35.1503],[139.1288,35.1498],[139.1218,35.1499],[139.1161,35.146],[139.1115,35.1413],[139.1024,35.1407],[139.086,35.1409],[139.0768,35.1445],[139.0672,35.1445],[139.0599,35.1463],[139.0534,35.1468],[139.0504,35.1485],[139.0437,35.1499],[139.0305,35.1497],[139.0287,35.1506],[139.0306,35.1578],[139.0273,35.1597],[139.0287,35.1666],[139.0286,35.1699],[139.0261,35.1755],[139.0234,35.178],[139.0215,35.1817],[139.0138,35.1822],[139.0015,35.1897],[138.9968,35.1944],[138.9892,35.2007],[138.9873,35.2085],[138.9872,35.2131],[138.982,35.2195],[138.983,35.2235],[138.9789,35.2312],[138.9782,35.2347],[138.976,35.2356],[138.978,35.24],[138.9759,35.2449],[138.9747,35.2532],[138.9752,35.2617],[138.9797,35.2686],[138.9821,35.2726],[138.9931,35.2849],[138.9968,35.288],[139.0048,35.2897],[139.0057,35.294],[139.0101,35.3113],[139.0126,35.3184],[139.0146,35.3205],[139.0187,35.3298],[139.0123,35.3365],[139.0107,35.3422],[139.0086,35.3498],[139.0132,35.3584],[139.0085,35.3595],[139.0057,35.3743],[138.9994,35.3818],[139.0017,35.3988],[138.9968,35.4027],[138.9853,35.4017],[138.9826,35.4035],[138.9697,35.4049],[138.9669,35.4019],[138.9524,35.4015],[138.946,35.3997],[138.9399,35.3995],[138.9314,35.401],[138.9162,35.4005],[138.9174,35.41],[138.9243,35.4143],[138.9268,35.4199],[138.9294,35.4209],[138.9305,35.4255],[138.9272,35.4303],[138.928,35.4368],[138.9355,35.445],[138.9372,35.4489],[138.9543,35.4599],[138.966,35.4639],[138.9735,35.4667],[138.9787,35.4639],[138.9855,35.4698],[138.9906,35.4741],[138.9944,35.474],[138.9968,35.4742],[139.0017,35.4748],[139.0058,35.4749],[139.0136,35.4793],[139.0179,35.479],[139.0205,35.4791],[139.0236,35.4811],[139.0266,35.4808],[139.0295,35.487],[139.0365,35.4908],[139.0419,35.4973],[139.0446,35.5032],[139.0461,35.5097],[139.0524,35.5097],[139.0597,35.5075],[139.0662,35.5093],[139.068,35.5105],[139.0726,35.5102],[139.0795,35.5123],[139.0852,35.5121],[139.0909,35.5189],[139.1027,35.526],[139.1069,35.5325],[139.113,35.5374],[139.1124,35.5408],[139.1127,35.5469],[139.1119,35.5498],[139.115,35.5537],[139.1218,35.5566],[139.1291,35.5637],[139.1283,35.5707],[139.1278,35.5804],[139.1247,35.5818],[139.1231,35.5841],[139.1218,35.5862],[139.1223,35.589],[139.1239,35.5915],[139.1282,35.5936],[139.1331,35.6068],[139.1279,35.6125],[139.1343,35.6163],[139.1312,35.618],[139.1258,35.6227],[139.1239,35.6239],[139.1243,35.6324],[139.1271,35.6398],[139.1262,35.6427],[139.1218,35.6476],[139.1178,35.6531],[139.1196,35.6585],[139.1218,35.6615],[139.124,35.6631],[139.1287,35.6673],[139.1304,35.6699],[139.13099670410196,35.671798706054695]]],[[[139.74560546875,35.48493194580084],[139.7411,35.4885],[139.7363,35.4944],[139.7437,35.4977],[139.7468,35.4991],[139.7555,35.5032],[139.7588,35.5047],[139.7691,35.5061],[139.7785,35.5044],[139.7763,35.5032],[139.7787,35.4993],[139.7622,35.492],[139.759,35.4952],[139.7572,35.4945],[139.7585,35.4905],[139.7468,35.4853],[139.74560546875,35.48493194580084]]],[[[139.714599609375,35.4858665466309],[139.7345,35.4947],[139.7391,35.489],[139.7352,35.4873],[139.7417,35.4777],[139.7393,35.4749],[139.7254,35.4697],[139.7127,35.4641],[139.706,35.4744],[139.7002,35.4786],[139.7146,35.4859],[139.714599609375,35.4858665466309]]],[[[139.65299987793003,35.463466644287074],[139.6452,35.4693],[139.6422,35.4683],[139.6418,35.4719],[139.6457,35.4746],[139.6504,35.4744],[139.6535,35.472],[139.6547,35.4691],[139.6523,35.4669],[139.6541,35.4646],[139.65299987793003,35.463466644287074]]],[[[139.695602416992,35.44960021972658],[139.6808,35.4565],[139.6731,35.4605],[139.6727,35.4652],[139.6925,35.472],[139.6949,35.4637],[139.6848,35.4589],[139.6876,35.4573],[139.6978,35.4619],[139.7027,35.4551],[139.6956,35.4496],[139.695602416992,35.44960021972658]]],[[[139.644943237305,35.450958251953075],[139.6413,35.451],[139.6378,35.4529],[139.6351,35.4546],[139.6386,35.4568],[139.6425,35.4578],[139.642,35.4551],[139.6445,35.4561],[139.6449,35.451],[139.644943237305,35.450958251953075]]],[[[139.67471313476594,35.39967346191412],[139.6713,35.4017],[139.6801,35.41],[139.6842,35.4089],[139.689,35.4127],[139.6922,35.41],[139.6839,35.4033],[139.6823,35.4045],[139.6763,35.3997],[139.67471313476594,35.39967346191412]]],[[[139.69140624999997,35.40087890625003],[139.6951,35.4075],[139.6914,35.4009],[139.69140624999997,35.40087890625003]]],[[[139.64349365234403,35.334335327148395],[139.6424,35.3365],[139.643,35.3384],[139.6459,35.3387],[139.648,35.337],[139.6461,35.3348],[139.6483,35.3353],[139.6435,35.3343],[139.64349365234403,35.334335327148395]]],[[[139.65010070800804,35.29420089721677],[139.6439,35.3001],[139.6495,35.3049],[139.652,35.3074],[139.6541,35.3056],[139.6567,35.3025],[139.6522,35.2987],[139.6529,35.2967],[139.6501,35.2942],[139.65010070800804,35.29420089721677]]],[[[139.62950134277304,35.12866592407226],[139.6218,35.1322],[139.6186,35.1308],[139.6153,35.1321],[139.6105,35.1326],[139.6097,35.1355],[139.6169,35.1357],[139.6218,35.1366],[139.6265,35.1334],[139.6288,35.1305],[139.6295,35.1287],[139.62950134277304,35.12866592407226]]]]}}]}